

Version:	3.50
CmdLine:	C:\Code\chaythue\web-app-share-tipsPhanMinhHieu\fe-pc\ui\output\LifeTips.exe --l4j-debug
JNI:		No
WOW64:		Yes
Working dir:	C:\Code\chaythue\web-app-share-tipsPhanMinhHieu\fe-pc\ui\output\.
Requires JDK:	Yes
Requires 64-Bit: Yes
Java min ver:	1.008.000
Java max ver:	
Substitute:	JAVA_HOME = C:\Program Files\Java\jdk-17
Substitute:	PATH = c:\Users\nino\AppData\Local\Programs\cursor\resources\app\bin;C:\Program Files\Common Files\Oracle\Java\javapath;C:\WINDOWS\system32;C:\WINDOWS;C:\WINDOWS\System32\Wbem;C:\WINDOWS\System32\WindowsPowerShell\v1.0\;C:\WINDOWS\System32\OpenSSH\;C:\Program Files\dotnet\;C:\Users\nino\AppData\Local\nvm;C:\nvm4w\nodejs;C:\Data\app\Git\cmd;C:\Program Files\Microsoft SQL Server\150\Tools\Binn\;C:\Data\app\dvm\;C:\Data\app\dartsdk-windows-x64-release-3.7.3\dart-sdk\bin;C:\Data\app\dartsdk-windows-x64-release\dart-sdk\bin;C:\Data\app\fvm-3.2.1-windows-x64\fvm\src;C:\Data\app\fvm-3.2.1-windows-x64\fvm;C:\Program Files\Java\jdk-17\bin;C:\Program Files\Java\jdk-17;C:\Program Files\Microsoft SQL Server\Client SDK\ODBC\170\Tools\Binn\;C:\Program Files (x86)\Microsoft SQL Server\160\Tools\Binn\;C:\Program Files\Microsoft SQL Server\160\Tools\Binn\;C:\Program Files\Microsoft SQL Server\160\DTS\Binn\;C:\Program Files (x86)\Microsoft SQL Server\160\DTS\Binn\;C:\Users\nino\AppData\Local\Programs\Python\Python311\Scripts\;C:\User;C:\apache-maven-3.9.10-bin\apache-maven-3.9.10\bin;C:\Program Files (x86)\WiX Toolset v3.11\bin;C:\Users\nino\AppData\Local\Programs\Python\Python311\Scripts\;C:\Users\nino\AppData\Local\Programs\Python\Python311\;C:\Users\nino\AppData\Local\Microsoft\WindowsApps;C:\Users\nino\AppData\Local\Programs\Microsoft VS Code\bin;C:\Users\nino\AppData\Local\nvm;C:\nvm4w\nodejs;C:\Data\app\IntelliJ IDEA 2025.1\bin;C:\Data\app\dvm\;C:\Data\app\IJ\IntelliJ IDEA Community Edition 2025.1\bin;C:\Users\nino\fvm\default\bin;C:\Users\nino\.dotnet\tools;C:\Users\nino\.lmstudio\bin;C:\Users\nino\AppData\Local\Programs\cursor\resources\app\bin;C:\Program Files\Java\jdk-17;C:\Users\nino\.dotnet\tools;C:\Program Files\Java\jdk-17\bin
JRE paths:	C:\Program Files\Java\jdk-17;c:\Users\nino\AppData\Local\Programs\cursor\resources\app\bin;C:\Program Files\Common Files\Oracle\Java\javapath;C:\WINDOWS\system32;C:\WINDOWS;C:\WINDOWS\System32\Wbem;C:\WINDOWS\System32\WindowsPowerShell\v1.0\;C:\WINDOWS\System32\OpenSSH\;C:\Program Files\dotnet\;C:\Users\nino\AppData\Local\nvm;C:\nvm4w\nodejs;C:\Data\app\Git\cmd;C:\Program Files\Microsoft SQL Server\150\Tools\Binn\;C:\Data\app\dvm\;C:\Data\app\dartsdk-windows-x64-release-3.7.3\dart-sdk\bin;C:\Data\app\dartsdk-windows-x64-release\dart-sdk\bin;C:\Data\app\fvm-3.2.1-windows-x64\fvm\src;C:\Data\app\fvm-3.2.1-windows-x64\fvm;C:\Program Files\Java\jdk-17\bin;C:\Program Files\Java\jdk-17;C:\Program Files\Microsoft SQL Server\Client SDK\ODBC\170\Tools\Binn\;C:\Program Files (x86)\Microsoft SQL Server\160\Tools\Binn\;C:\Program Files\Microsoft SQL Server\160\Tools\Binn\;C:\Program Files\Microsoft SQL Server\160\DTS\Binn\;C:\Program Files (x86)\Microsoft SQL Server\160\DTS\Binn\;C:\Users\nino\AppData\Local\Programs\Python\Python311\Scripts\;C:\User;C:\apache-maven-3.9.10-bin\apache-maven-3.9.10\bin;C:\Program Files (x86)\WiX Toolset v3.11\bin;C:\Users\nino\AppData\Local\Programs\Python\Python311\Scripts\;C:\Users\nino\AppData\Local\Programs\Python\Python311\;C:\Users\nino\AppData\Local\Microsoft\WindowsApps;C:\Users\nino\AppData\Local\Programs\Microsoft VS Code\bin;C:\Users\nino\AppData\Local\nvm;C:\nvm4w\nodejs;C:\Data\app\IntelliJ IDEA 2025.1\bin;C:\Data\app\dvm\;C:\Data\app\IJ\IntelliJ IDEA Community Edition 2025.1\bin;C:\Users\nino\fvm\default\bin;C:\Users\nino\.dotnet\tools;C:\Users\nino\.lmstudio\bin;C:\Users\nino\AppData\Local\Programs\cursor\resources\app\bin;C:\Program Files\Java\jdk-17;C:\Users\nino\.dotnet\tools;C:\Program Files\Java\jdk-17\bin
Check launcher:	C:\Program Files\Java\jdk-17\bin\javaw.exe (OK)
Check javac:	C:\Program Files\Java\jdk-17\bin\javac.exe (OK)
Version string: 1.017.000_012 / 64-Bit (OK)
Main class:	com.example.ui.Main
Info:		Classpath not defined.
Launcher:	C:\Program Files\Java\jdk-17\bin\javaw.exe
Launcher args:	-classpath "..\target\ui-1.0-SNAPSHOT.jar " com.example.ui.Main
Args length:	63/32768 chars
Exit code:	0


Version:	3.50
CmdLine:	C:\Code\chaythue\web-app-share-tipsPhanMinhHieu\fe-pc\ui\output\LifeTips.exe --l4j-debug
JNI:		No
WOW64:		Yes
Working dir:	C:\Code\chaythue\web-app-share-tipsPhanMinhHieu\fe-pc\ui\output\.
Requires JDK:	Yes
Requires 64-Bit: Yes
Java min ver:	1.017.000
Java max ver:	
Substitute:	JAVA_HOME = C:\Program Files\Java\jdk-17
Substitute:	PATH = c:\Users\nino\AppData\Local\Programs\cursor\resources\app\bin;C:\Program Files\Common Files\Oracle\Java\javapath;C:\WINDOWS\system32;C:\WINDOWS;C:\WINDOWS\System32\Wbem;C:\WINDOWS\System32\WindowsPowerShell\v1.0\;C:\WINDOWS\System32\OpenSSH\;C:\Program Files\dotnet\;C:\Users\nino\AppData\Local\nvm;C:\nvm4w\nodejs;C:\Data\app\Git\cmd;C:\Program Files\Microsoft SQL Server\150\Tools\Binn\;C:\Data\app\dvm\;C:\Data\app\dartsdk-windows-x64-release-3.7.3\dart-sdk\bin;C:\Data\app\dartsdk-windows-x64-release\dart-sdk\bin;C:\Data\app\fvm-3.2.1-windows-x64\fvm\src;C:\Data\app\fvm-3.2.1-windows-x64\fvm;C:\Program Files\Java\jdk-17\bin;C:\Program Files\Java\jdk-17;C:\Program Files\Microsoft SQL Server\Client SDK\ODBC\170\Tools\Binn\;C:\Program Files (x86)\Microsoft SQL Server\160\Tools\Binn\;C:\Program Files\Microsoft SQL Server\160\Tools\Binn\;C:\Program Files\Microsoft SQL Server\160\DTS\Binn\;C:\Program Files (x86)\Microsoft SQL Server\160\DTS\Binn\;C:\Users\nino\AppData\Local\Programs\Python\Python311\Scripts\;C:\User;C:\apache-maven-3.9.10-bin\apache-maven-3.9.10\bin;C:\Program Files (x86)\WiX Toolset v3.11\bin;C:\Users\nino\AppData\Local\Programs\Python\Python311\Scripts\;C:\Users\nino\AppData\Local\Programs\Python\Python311\;C:\Users\nino\AppData\Local\Microsoft\WindowsApps;C:\Users\nino\AppData\Local\Programs\Microsoft VS Code\bin;C:\Users\nino\AppData\Local\nvm;C:\nvm4w\nodejs;C:\Data\app\IntelliJ IDEA 2025.1\bin;C:\Data\app\dvm\;C:\Data\app\IJ\IntelliJ IDEA Community Edition 2025.1\bin;C:\Users\nino\fvm\default\bin;C:\Users\nino\.dotnet\tools;C:\Users\nino\.lmstudio\bin;C:\Users\nino\AppData\Local\Programs\cursor\resources\app\bin;C:\Program Files\Java\jdk-17;C:\Users\nino\.dotnet\tools;C:\Program Files\Java\jdk-17\bin
JRE paths:	C:\Program Files\Java\jdk-17;c:\Users\nino\AppData\Local\Programs\cursor\resources\app\bin;C:\Program Files\Common Files\Oracle\Java\javapath;C:\WINDOWS\system32;C:\WINDOWS;C:\WINDOWS\System32\Wbem;C:\WINDOWS\System32\WindowsPowerShell\v1.0\;C:\WINDOWS\System32\OpenSSH\;C:\Program Files\dotnet\;C:\Users\nino\AppData\Local\nvm;C:\nvm4w\nodejs;C:\Data\app\Git\cmd;C:\Program Files\Microsoft SQL Server\150\Tools\Binn\;C:\Data\app\dvm\;C:\Data\app\dartsdk-windows-x64-release-3.7.3\dart-sdk\bin;C:\Data\app\dartsdk-windows-x64-release\dart-sdk\bin;C:\Data\app\fvm-3.2.1-windows-x64\fvm\src;C:\Data\app\fvm-3.2.1-windows-x64\fvm;C:\Program Files\Java\jdk-17\bin;C:\Program Files\Java\jdk-17;C:\Program Files\Microsoft SQL Server\Client SDK\ODBC\170\Tools\Binn\;C:\Program Files (x86)\Microsoft SQL Server\160\Tools\Binn\;C:\Program Files\Microsoft SQL Server\160\Tools\Binn\;C:\Program Files\Microsoft SQL Server\160\DTS\Binn\;C:\Program Files (x86)\Microsoft SQL Server\160\DTS\Binn\;C:\Users\nino\AppData\Local\Programs\Python\Python311\Scripts\;C:\User;C:\apache-maven-3.9.10-bin\apache-maven-3.9.10\bin;C:\Program Files (x86)\WiX Toolset v3.11\bin;C:\Users\nino\AppData\Local\Programs\Python\Python311\Scripts\;C:\Users\nino\AppData\Local\Programs\Python\Python311\;C:\Users\nino\AppData\Local\Microsoft\WindowsApps;C:\Users\nino\AppData\Local\Programs\Microsoft VS Code\bin;C:\Users\nino\AppData\Local\nvm;C:\nvm4w\nodejs;C:\Data\app\IntelliJ IDEA 2025.1\bin;C:\Data\app\dvm\;C:\Data\app\IJ\IntelliJ IDEA Community Edition 2025.1\bin;C:\Users\nino\fvm\default\bin;C:\Users\nino\.dotnet\tools;C:\Users\nino\.lmstudio\bin;C:\Users\nino\AppData\Local\Programs\cursor\resources\app\bin;C:\Program Files\Java\jdk-17;C:\Users\nino\.dotnet\tools;C:\Program Files\Java\jdk-17\bin
Check launcher:	C:\Program Files\Java\jdk-17\bin\javaw.exe (OK)
Check javac:	C:\Program Files\Java\jdk-17\bin\javac.exe (OK)
Version string: 1.017.000_012 / 64-Bit (OK)
Main class:	com.example.ui.Main
Add classpath:	C:\Program Files\Java\jdk-17\openjfx-21.0.7_windows-x64_bin-sdk\javafx-sdk-21.0.7\lib
Add classpath:	C:\Code\chaythue\web-app-share-tipsPhanMinhHieu\fe-pc\ui\src\main\java\com\example\ui\utils\FXRouter.java
Launcher:	C:\Program Files\Java\jdk-17\bin\javaw.exe
Launcher args:	-classpath "..\target\ui-1.0-SNAPSHOT.jar ;C:\Program Files\Java\jdk-17\openjfx-21.0.7_windows-x64_bin-sdk\javafx-sdk-21.0.7\lib;C:\Code\chaythue\web-app-share-tipsPhanMinhHieu\fe-pc\ui\src\main\java\com\example\ui\utils\FXRouter.java" com.example.ui.Main
Args length:	255/32768 chars
Exit code:	0


Version:	3.50
CmdLine:	C:\Code\chaythue\web-app-share-tipsPhanMinhHieu\fe-pc\ui\output\LifeTips.exe --l4j-debug
JNI:		No
WOW64:		Yes
Working dir:	C:\Code\chaythue\web-app-share-tipsPhanMinhHieu\fe-pc\ui\output\.
Requires JDK:	Yes
Requires 64-Bit: Yes
Java min ver:	1.017.000
Java max ver:	
Substitute:	JAVA_HOME = C:\Program Files\Java\jdk-17
Substitute:	PATH = c:\Users\nino\AppData\Local\Programs\cursor\resources\app\bin;C:\Program Files\Common Files\Oracle\Java\javapath;C:\WINDOWS\system32;C:\WINDOWS;C:\WINDOWS\System32\Wbem;C:\WINDOWS\System32\WindowsPowerShell\v1.0\;C:\WINDOWS\System32\OpenSSH\;C:\Program Files\dotnet\;C:\Users\nino\AppData\Local\nvm;C:\nvm4w\nodejs;C:\Data\app\Git\cmd;C:\Program Files\Microsoft SQL Server\150\Tools\Binn\;C:\Data\app\dvm\;C:\Data\app\dartsdk-windows-x64-release-3.7.3\dart-sdk\bin;C:\Data\app\dartsdk-windows-x64-release\dart-sdk\bin;C:\Data\app\fvm-3.2.1-windows-x64\fvm\src;C:\Data\app\fvm-3.2.1-windows-x64\fvm;C:\Program Files\Java\jdk-17\bin;C:\Program Files\Java\jdk-17;C:\Program Files\Microsoft SQL Server\Client SDK\ODBC\170\Tools\Binn\;C:\Program Files (x86)\Microsoft SQL Server\160\Tools\Binn\;C:\Program Files\Microsoft SQL Server\160\Tools\Binn\;C:\Program Files\Microsoft SQL Server\160\DTS\Binn\;C:\Program Files (x86)\Microsoft SQL Server\160\DTS\Binn\;C:\Users\nino\AppData\Local\Programs\Python\Python311\Scripts\;C:\User;C:\apache-maven-3.9.10-bin\apache-maven-3.9.10\bin;C:\Program Files (x86)\WiX Toolset v3.11\bin;C:\Users\nino\AppData\Local\Programs\Python\Python311\Scripts\;C:\Users\nino\AppData\Local\Programs\Python\Python311\;C:\Users\nino\AppData\Local\Microsoft\WindowsApps;C:\Users\nino\AppData\Local\Programs\Microsoft VS Code\bin;C:\Users\nino\AppData\Local\nvm;C:\nvm4w\nodejs;C:\Data\app\IntelliJ IDEA 2025.1\bin;C:\Data\app\dvm\;C:\Data\app\IJ\IntelliJ IDEA Community Edition 2025.1\bin;C:\Users\nino\fvm\default\bin;C:\Users\nino\.dotnet\tools;C:\Users\nino\.lmstudio\bin;C:\Users\nino\AppData\Local\Programs\cursor\resources\app\bin;C:\Program Files\Java\jdk-17;C:\Users\nino\.dotnet\tools;C:\Program Files\Java\jdk-17\bin
JRE paths:	C:\Program Files\Java\jdk-17;c:\Users\nino\AppData\Local\Programs\cursor\resources\app\bin;C:\Program Files\Common Files\Oracle\Java\javapath;C:\WINDOWS\system32;C:\WINDOWS;C:\WINDOWS\System32\Wbem;C:\WINDOWS\System32\WindowsPowerShell\v1.0\;C:\WINDOWS\System32\OpenSSH\;C:\Program Files\dotnet\;C:\Users\nino\AppData\Local\nvm;C:\nvm4w\nodejs;C:\Data\app\Git\cmd;C:\Program Files\Microsoft SQL Server\150\Tools\Binn\;C:\Data\app\dvm\;C:\Data\app\dartsdk-windows-x64-release-3.7.3\dart-sdk\bin;C:\Data\app\dartsdk-windows-x64-release\dart-sdk\bin;C:\Data\app\fvm-3.2.1-windows-x64\fvm\src;C:\Data\app\fvm-3.2.1-windows-x64\fvm;C:\Program Files\Java\jdk-17\bin;C:\Program Files\Java\jdk-17;C:\Program Files\Microsoft SQL Server\Client SDK\ODBC\170\Tools\Binn\;C:\Program Files (x86)\Microsoft SQL Server\160\Tools\Binn\;C:\Program Files\Microsoft SQL Server\160\Tools\Binn\;C:\Program Files\Microsoft SQL Server\160\DTS\Binn\;C:\Program Files (x86)\Microsoft SQL Server\160\DTS\Binn\;C:\Users\nino\AppData\Local\Programs\Python\Python311\Scripts\;C:\User;C:\apache-maven-3.9.10-bin\apache-maven-3.9.10\bin;C:\Program Files (x86)\WiX Toolset v3.11\bin;C:\Users\nino\AppData\Local\Programs\Python\Python311\Scripts\;C:\Users\nino\AppData\Local\Programs\Python\Python311\;C:\Users\nino\AppData\Local\Microsoft\WindowsApps;C:\Users\nino\AppData\Local\Programs\Microsoft VS Code\bin;C:\Users\nino\AppData\Local\nvm;C:\nvm4w\nodejs;C:\Data\app\IntelliJ IDEA 2025.1\bin;C:\Data\app\dvm\;C:\Data\app\IJ\IntelliJ IDEA Community Edition 2025.1\bin;C:\Users\nino\fvm\default\bin;C:\Users\nino\.dotnet\tools;C:\Users\nino\.lmstudio\bin;C:\Users\nino\AppData\Local\Programs\cursor\resources\app\bin;C:\Program Files\Java\jdk-17;C:\Users\nino\.dotnet\tools;C:\Program Files\Java\jdk-17\bin
Check launcher:	C:\Program Files\Java\jdk-17\bin\javaw.exe (OK)
Check javac:	C:\Program Files\Java\jdk-17\bin\javac.exe (OK)
Version string: 1.017.000_012 / 64-Bit (OK)
Main class:	com.example.ui.Main
Add classpath:	C:\Program Files\Java\jdk-17\openjfx-21.0.7_windows-x64_bin-sdk\javafx-sdk-21.0.7\lib
Add classpath:	C:\Code\chaythue\web-app-share-tipsPhanMinhHieu\fe-pc\ui\src\main\java\com\example\ui\utils\FXRouter.java
Add classpath:	C:\Program Files\Java\jdk-17\openjfx-21.0.7_windows-x64_bin-sdk\javafx-sdk-21.0.7\lib\javafx.base.jar
Add classpath:	C:\Program Files\Java\jdk-17\openjfx-21.0.7_windows-x64_bin-sdk\javafx-sdk-21.0.7\lib\javafx.controls.jar
Add classpath:	C:\Program Files\Java\jdk-17\openjfx-21.0.7_windows-x64_bin-sdk\javafx-sdk-21.0.7\lib\javafx.fxml.jar
Add classpath:	C:\Program Files\Java\jdk-17\openjfx-21.0.7_windows-x64_bin-sdk\javafx-sdk-21.0.7\lib\javafx.graphics.jar
Add classpath:	C:\Program Files\Java\jdk-17\openjfx-21.0.7_windows-x64_bin-sdk\javafx-sdk-21.0.7\lib\javafx.media.jar
Add classpath:	C:\Program Files\Java\jdk-17\openjfx-21.0.7_windows-x64_bin-sdk\javafx-sdk-21.0.7\lib\javafx.properties
Add classpath:	C:\Program Files\Java\jdk-17\openjfx-21.0.7_windows-x64_bin-sdk\javafx-sdk-21.0.7\lib\javafx.swing.jar
Add classpath:	C:\Program Files\Java\jdk-17\openjfx-21.0.7_windows-x64_bin-sdk\javafx-sdk-21.0.7\lib\javafx.web.jar
Add classpath:	C:\Program Files\Java\jdk-17\openjfx-21.0.7_windows-x64_bin-sdk\javafx-sdk-21.0.7\lib\javafx-swt.jar
Launcher:	C:\Program Files\Java\jdk-17\bin\javaw.exe
Launcher args:	-classpath "..\target\ui-1.0-SNAPSHOT.jar ;C:\Program Files\Java\jdk-17\openjfx-21.0.7_windows-x64_bin-sdk\javafx-sdk-21.0.7\lib;C:\Code\chaythue\web-app-share-tipsPhanMinhHieu\fe-pc\ui\src\main\java\com\example\ui\utils\FXRouter.java;C:\Program Files\Java\jdk-17\openjfx-21.0.7_windows-x64_bin-sdk\javafx-sdk-21.0.7\lib\javafx.base.jar;C:\Program Files\Java\jdk-17\openjfx-21.0.7_windows-x64_bin-sdk\javafx-sdk-21.0.7\lib\javafx.controls.jar;C:\Program Files\Java\jdk-17\openjfx-21.0.7_windows-x64_bin-sdk\javafx-sdk-21.0.7\lib\javafx.fxml.jar;C:\Program Files\Java\jdk-17\openjfx-21.0.7_windows-x64_bin-sdk\javafx-sdk-21.0.7\lib\javafx.graphics.jar;C:\Program Files\Java\jdk-17\openjfx-21.0.7_windows-x64_bin-sdk\javafx-sdk-21.0.7\lib\javafx.media.jar;C:\Program Files\Java\jdk-17\openjfx-21.0.7_windows-x64_bin-sdk\javafx-sdk-21.0.7\lib\javafx.properties;C:\Program Files\Java\jdk-17\openjfx-21.0.7_windows-x64_bin-sdk\javafx-sdk-21.0.7\lib\javafx.swing.jar;C:\Program Files\Java\jdk-17\openjfx-21.0.7_windows-x64_bin-sdk\javafx-sdk-21.0.7\lib\javafx.web.jar;C:\Program Files\Java\jdk-17\openjfx-21.0.7_windows-x64_bin-sdk\javafx-sdk-21.0.7\lib\javafx-swt.jar" com.example.ui.Main
Args length:	1183/32768 chars
Exit code:	0


Version:	3.50
CmdLine:	C:\Code\chaythue\web-app-share-tipsPhanMinhHieu\fe-pc\ui\output\LifeTips.exe --l4j-debug
JNI:		No
WOW64:		Yes
Working dir:	C:\Code\chaythue\web-app-share-tipsPhanMinhHieu\fe-pc\ui\output\.
Requires JDK:	Yes
Requires 64-Bit: Yes
Java min ver:	1.017.000
Java max ver:	
Substitute:	JAVA_HOME = C:\Program Files\Java\jdk-17
Substitute:	PATH = c:\Users\nino\AppData\Local\Programs\cursor\resources\app\bin;C:\Program Files\Common Files\Oracle\Java\javapath;C:\WINDOWS\system32;C:\WINDOWS;C:\WINDOWS\System32\Wbem;C:\WINDOWS\System32\WindowsPowerShell\v1.0\;C:\WINDOWS\System32\OpenSSH\;C:\Program Files\dotnet\;C:\Users\nino\AppData\Local\nvm;C:\nvm4w\nodejs;C:\Data\app\Git\cmd;C:\Program Files\Microsoft SQL Server\150\Tools\Binn\;C:\Data\app\dvm\;C:\Data\app\dartsdk-windows-x64-release-3.7.3\dart-sdk\bin;C:\Data\app\dartsdk-windows-x64-release\dart-sdk\bin;C:\Data\app\fvm-3.2.1-windows-x64\fvm\src;C:\Data\app\fvm-3.2.1-windows-x64\fvm;C:\Program Files\Java\jdk-17\bin;C:\Program Files\Java\jdk-17;C:\Program Files\Microsoft SQL Server\Client SDK\ODBC\170\Tools\Binn\;C:\Program Files (x86)\Microsoft SQL Server\160\Tools\Binn\;C:\Program Files\Microsoft SQL Server\160\Tools\Binn\;C:\Program Files\Microsoft SQL Server\160\DTS\Binn\;C:\Program Files (x86)\Microsoft SQL Server\160\DTS\Binn\;C:\Users\nino\AppData\Local\Programs\Python\Python311\Scripts\;C:\User;C:\apache-maven-3.9.10-bin\apache-maven-3.9.10\bin;C:\Program Files (x86)\WiX Toolset v3.11\bin;C:\Users\nino\AppData\Local\Programs\Python\Python311\Scripts\;C:\Users\nino\AppData\Local\Programs\Python\Python311\;C:\Users\nino\AppData\Local\Microsoft\WindowsApps;C:\Users\nino\AppData\Local\Programs\Microsoft VS Code\bin;C:\Users\nino\AppData\Local\nvm;C:\nvm4w\nodejs;C:\Data\app\IntelliJ IDEA 2025.1\bin;C:\Data\app\dvm\;C:\Data\app\IJ\IntelliJ IDEA Community Edition 2025.1\bin;C:\Users\nino\fvm\default\bin;C:\Users\nino\.dotnet\tools;C:\Users\nino\.lmstudio\bin;C:\Users\nino\AppData\Local\Programs\cursor\resources\app\bin;C:\Program Files\Java\jdk-17;C:\Users\nino\.dotnet\tools;C:\Program Files\Java\jdk-17\bin
JRE paths:	C:\Program Files\Java\jdk-17;c:\Users\nino\AppData\Local\Programs\cursor\resources\app\bin;C:\Program Files\Common Files\Oracle\Java\javapath;C:\WINDOWS\system32;C:\WINDOWS;C:\WINDOWS\System32\Wbem;C:\WINDOWS\System32\WindowsPowerShell\v1.0\;C:\WINDOWS\System32\OpenSSH\;C:\Program Files\dotnet\;C:\Users\nino\AppData\Local\nvm;C:\nvm4w\nodejs;C:\Data\app\Git\cmd;C:\Program Files\Microsoft SQL Server\150\Tools\Binn\;C:\Data\app\dvm\;C:\Data\app\dartsdk-windows-x64-release-3.7.3\dart-sdk\bin;C:\Data\app\dartsdk-windows-x64-release\dart-sdk\bin;C:\Data\app\fvm-3.2.1-windows-x64\fvm\src;C:\Data\app\fvm-3.2.1-windows-x64\fvm;C:\Program Files\Java\jdk-17\bin;C:\Program Files\Java\jdk-17;C:\Program Files\Microsoft SQL Server\Client SDK\ODBC\170\Tools\Binn\;C:\Program Files (x86)\Microsoft SQL Server\160\Tools\Binn\;C:\Program Files\Microsoft SQL Server\160\Tools\Binn\;C:\Program Files\Microsoft SQL Server\160\DTS\Binn\;C:\Program Files (x86)\Microsoft SQL Server\160\DTS\Binn\;C:\Users\nino\AppData\Local\Programs\Python\Python311\Scripts\;C:\User;C:\apache-maven-3.9.10-bin\apache-maven-3.9.10\bin;C:\Program Files (x86)\WiX Toolset v3.11\bin;C:\Users\nino\AppData\Local\Programs\Python\Python311\Scripts\;C:\Users\nino\AppData\Local\Programs\Python\Python311\;C:\Users\nino\AppData\Local\Microsoft\WindowsApps;C:\Users\nino\AppData\Local\Programs\Microsoft VS Code\bin;C:\Users\nino\AppData\Local\nvm;C:\nvm4w\nodejs;C:\Data\app\IntelliJ IDEA 2025.1\bin;C:\Data\app\dvm\;C:\Data\app\IJ\IntelliJ IDEA Community Edition 2025.1\bin;C:\Users\nino\fvm\default\bin;C:\Users\nino\.dotnet\tools;C:\Users\nino\.lmstudio\bin;C:\Users\nino\AppData\Local\Programs\cursor\resources\app\bin;C:\Program Files\Java\jdk-17;C:\Users\nino\.dotnet\tools;C:\Program Files\Java\jdk-17\bin
Check launcher:	C:\Program Files\Java\jdk-17\bin\javaw.exe (OK)
Check javac:	C:\Program Files\Java\jdk-17\bin\javac.exe (OK)
Version string: 1.017.000_012 / 64-Bit (OK)
Main class:	com.example.ui.Main
Add classpath:	C:\Program Files\Java\jdk-17\openjfx-21.0.7_windows-x64_bin-sdk\javafx-sdk-21.0.7\lib
Add classpath:	C:\Code\chaythue\web-app-share-tipsPhanMinhHieu\fe-pc\ui\src\main\java\com\example\ui\utils\FXRouter.java
Add classpath:	C:\Program Files\Java\jdk-17\openjfx-21.0.7_windows-x64_bin-sdk\javafx-sdk-21.0.7\lib\javafx.base.jar
Add classpath:	C:\Program Files\Java\jdk-17\openjfx-21.0.7_windows-x64_bin-sdk\javafx-sdk-21.0.7\lib\javafx.controls.jar
Add classpath:	C:\Program Files\Java\jdk-17\openjfx-21.0.7_windows-x64_bin-sdk\javafx-sdk-21.0.7\lib\javafx.fxml.jar
Add classpath:	C:\Program Files\Java\jdk-17\openjfx-21.0.7_windows-x64_bin-sdk\javafx-sdk-21.0.7\lib\javafx.graphics.jar
Add classpath:	C:\Program Files\Java\jdk-17\openjfx-21.0.7_windows-x64_bin-sdk\javafx-sdk-21.0.7\lib\javafx.media.jar
Add classpath:	C:\Program Files\Java\jdk-17\openjfx-21.0.7_windows-x64_bin-sdk\javafx-sdk-21.0.7\lib\javafx.properties
Add classpath:	C:\Program Files\Java\jdk-17\openjfx-21.0.7_windows-x64_bin-sdk\javafx-sdk-21.0.7\lib\javafx.swing.jar
Add classpath:	C:\Program Files\Java\jdk-17\openjfx-21.0.7_windows-x64_bin-sdk\javafx-sdk-21.0.7\lib\javafx.web.jar
Add classpath:	C:\Program Files\Java\jdk-17\openjfx-21.0.7_windows-x64_bin-sdk\javafx-sdk-21.0.7\lib\javafx-swt.jar
Launcher:	C:\Program Files\Java\jdk-17\bin\javaw.exe
Launcher args:	-classpath "target\ui-1.0-SNAPSHOT.jar;C:\Program Files\Java\jdk-17\openjfx-21.0.7_windows-x64_bin-sdk\javafx-sdk-21.0.7\lib;C:\Code\chaythue\web-app-share-tipsPhanMinhHieu\fe-pc\ui\src\main\java\com\example\ui\utils\FXRouter.java;C:\Program Files\Java\jdk-17\openjfx-21.0.7_windows-x64_bin-sdk\javafx-sdk-21.0.7\lib\javafx.base.jar;C:\Program Files\Java\jdk-17\openjfx-21.0.7_windows-x64_bin-sdk\javafx-sdk-21.0.7\lib\javafx.controls.jar;C:\Program Files\Java\jdk-17\openjfx-21.0.7_windows-x64_bin-sdk\javafx-sdk-21.0.7\lib\javafx.fxml.jar;C:\Program Files\Java\jdk-17\openjfx-21.0.7_windows-x64_bin-sdk\javafx-sdk-21.0.7\lib\javafx.graphics.jar;C:\Program Files\Java\jdk-17\openjfx-21.0.7_windows-x64_bin-sdk\javafx-sdk-21.0.7\lib\javafx.media.jar;C:\Program Files\Java\jdk-17\openjfx-21.0.7_windows-x64_bin-sdk\javafx-sdk-21.0.7\lib\javafx.properties;C:\Program Files\Java\jdk-17\openjfx-21.0.7_windows-x64_bin-sdk\javafx-sdk-21.0.7\lib\javafx.swing.jar;C:\Program Files\Java\jdk-17\openjfx-21.0.7_windows-x64_bin-sdk\javafx-sdk-21.0.7\lib\javafx.web.jar;C:\Program Files\Java\jdk-17\openjfx-21.0.7_windows-x64_bin-sdk\javafx-sdk-21.0.7\lib\javafx-swt.jar" com.example.ui.Main
Args length:	1179/32768 chars
Exit code:	0


Version:	3.50
CmdLine:	C:\Code\chaythue\web-app-share-tipsPhanMinhHieu\fe-pc\ui\output\LifeTips.exe --l4j-debug
JNI:		No
WOW64:		Yes
Working dir:	C:\Code\chaythue\web-app-share-tipsPhanMinhHieu\fe-pc\ui\output\.
Requires JDK:	Yes
Requires 64-Bit: Yes
Java min ver:	1.017.000
Java max ver:	
Substitute:	JAVA_HOME = C:\Program Files\Java\jdk-17
Substitute:	PATH = c:\Users\nino\AppData\Local\Programs\cursor\resources\app\bin;C:\Program Files\Common Files\Oracle\Java\javapath;C:\WINDOWS\system32;C:\WINDOWS;C:\WINDOWS\System32\Wbem;C:\WINDOWS\System32\WindowsPowerShell\v1.0\;C:\WINDOWS\System32\OpenSSH\;C:\Program Files\dotnet\;C:\Users\nino\AppData\Local\nvm;C:\nvm4w\nodejs;C:\Data\app\Git\cmd;C:\Program Files\Microsoft SQL Server\150\Tools\Binn\;C:\Data\app\dvm\;C:\Data\app\dartsdk-windows-x64-release-3.7.3\dart-sdk\bin;C:\Data\app\dartsdk-windows-x64-release\dart-sdk\bin;C:\Data\app\fvm-3.2.1-windows-x64\fvm\src;C:\Data\app\fvm-3.2.1-windows-x64\fvm;C:\Program Files\Java\jdk-17\bin;C:\Program Files\Java\jdk-17;C:\Program Files\Microsoft SQL Server\Client SDK\ODBC\170\Tools\Binn\;C:\Program Files (x86)\Microsoft SQL Server\160\Tools\Binn\;C:\Program Files\Microsoft SQL Server\160\Tools\Binn\;C:\Program Files\Microsoft SQL Server\160\DTS\Binn\;C:\Program Files (x86)\Microsoft SQL Server\160\DTS\Binn\;C:\Users\nino\AppData\Local\Programs\Python\Python311\Scripts\;C:\User;C:\apache-maven-3.9.10-bin\apache-maven-3.9.10\bin;C:\Program Files (x86)\WiX Toolset v3.11\bin;C:\Users\nino\AppData\Local\Programs\Python\Python311\Scripts\;C:\Users\nino\AppData\Local\Programs\Python\Python311\;C:\Users\nino\AppData\Local\Microsoft\WindowsApps;C:\Users\nino\AppData\Local\Programs\Microsoft VS Code\bin;C:\Users\nino\AppData\Local\nvm;C:\nvm4w\nodejs;C:\Data\app\IntelliJ IDEA 2025.1\bin;C:\Data\app\dvm\;C:\Data\app\IJ\IntelliJ IDEA Community Edition 2025.1\bin;C:\Users\nino\fvm\default\bin;C:\Users\nino\.dotnet\tools;C:\Users\nino\.lmstudio\bin;C:\Users\nino\AppData\Local\Programs\cursor\resources\app\bin;C:\Program Files\Java\jdk-17;C:\Users\nino\.dotnet\tools;C:\Program Files\Java\jdk-17\bin
JRE paths:	C:\Program Files\Java\jdk-17;c:\Users\nino\AppData\Local\Programs\cursor\resources\app\bin;C:\Program Files\Common Files\Oracle\Java\javapath;C:\WINDOWS\system32;C:\WINDOWS;C:\WINDOWS\System32\Wbem;C:\WINDOWS\System32\WindowsPowerShell\v1.0\;C:\WINDOWS\System32\OpenSSH\;C:\Program Files\dotnet\;C:\Users\nino\AppData\Local\nvm;C:\nvm4w\nodejs;C:\Data\app\Git\cmd;C:\Program Files\Microsoft SQL Server\150\Tools\Binn\;C:\Data\app\dvm\;C:\Data\app\dartsdk-windows-x64-release-3.7.3\dart-sdk\bin;C:\Data\app\dartsdk-windows-x64-release\dart-sdk\bin;C:\Data\app\fvm-3.2.1-windows-x64\fvm\src;C:\Data\app\fvm-3.2.1-windows-x64\fvm;C:\Program Files\Java\jdk-17\bin;C:\Program Files\Java\jdk-17;C:\Program Files\Microsoft SQL Server\Client SDK\ODBC\170\Tools\Binn\;C:\Program Files (x86)\Microsoft SQL Server\160\Tools\Binn\;C:\Program Files\Microsoft SQL Server\160\Tools\Binn\;C:\Program Files\Microsoft SQL Server\160\DTS\Binn\;C:\Program Files (x86)\Microsoft SQL Server\160\DTS\Binn\;C:\Users\nino\AppData\Local\Programs\Python\Python311\Scripts\;C:\User;C:\apache-maven-3.9.10-bin\apache-maven-3.9.10\bin;C:\Program Files (x86)\WiX Toolset v3.11\bin;C:\Users\nino\AppData\Local\Programs\Python\Python311\Scripts\;C:\Users\nino\AppData\Local\Programs\Python\Python311\;C:\Users\nino\AppData\Local\Microsoft\WindowsApps;C:\Users\nino\AppData\Local\Programs\Microsoft VS Code\bin;C:\Users\nino\AppData\Local\nvm;C:\nvm4w\nodejs;C:\Data\app\IntelliJ IDEA 2025.1\bin;C:\Data\app\dvm\;C:\Data\app\IJ\IntelliJ IDEA Community Edition 2025.1\bin;C:\Users\nino\fvm\default\bin;C:\Users\nino\.dotnet\tools;C:\Users\nino\.lmstudio\bin;C:\Users\nino\AppData\Local\Programs\cursor\resources\app\bin;C:\Program Files\Java\jdk-17;C:\Users\nino\.dotnet\tools;C:\Program Files\Java\jdk-17\bin
Check launcher:	C:\Program Files\Java\jdk-17\bin\javaw.exe (OK)
Check javac:	C:\Program Files\Java\jdk-17\bin\javac.exe (OK)
Version string: 1.017.000_012 / 64-Bit (OK)
Main class:	com.example.ui.Main
Add classpath:	C:\Program Files\Java\jdk-17\openjfx-21.0.7_windows-x64_bin-sdk\javafx-sdk-21.0.7\lib
Add classpath:	C:\Code\chaythue\web-app-share-tipsPhanMinhHieu\fe-pc\ui\src\main\java\com\example\ui\utils\FXRouter.java
Add classpath:	C:\Program Files\Java\jdk-17\openjfx-21.0.7_windows-x64_bin-sdk\javafx-sdk-21.0.7\lib\javafx.base.jar
Add classpath:	C:\Program Files\Java\jdk-17\openjfx-21.0.7_windows-x64_bin-sdk\javafx-sdk-21.0.7\lib\javafx.controls.jar
Add classpath:	C:\Program Files\Java\jdk-17\openjfx-21.0.7_windows-x64_bin-sdk\javafx-sdk-21.0.7\lib\javafx.fxml.jar
Add classpath:	C:\Program Files\Java\jdk-17\openjfx-21.0.7_windows-x64_bin-sdk\javafx-sdk-21.0.7\lib\javafx.graphics.jar
Add classpath:	C:\Program Files\Java\jdk-17\openjfx-21.0.7_windows-x64_bin-sdk\javafx-sdk-21.0.7\lib\javafx.media.jar
Add classpath:	C:\Program Files\Java\jdk-17\openjfx-21.0.7_windows-x64_bin-sdk\javafx-sdk-21.0.7\lib\javafx.properties
Add classpath:	C:\Program Files\Java\jdk-17\openjfx-21.0.7_windows-x64_bin-sdk\javafx-sdk-21.0.7\lib\javafx.swing.jar
Add classpath:	C:\Program Files\Java\jdk-17\openjfx-21.0.7_windows-x64_bin-sdk\javafx-sdk-21.0.7\lib\javafx.web.jar
Add classpath:	C:\Program Files\Java\jdk-17\openjfx-21.0.7_windows-x64_bin-sdk\javafx-sdk-21.0.7\lib\javafx-swt.jar
Launcher:	C:\Program Files\Java\jdk-17\bin\javaw.exe
Launcher args:	-classpath "target\ui-1.0-SNAPSHOT.jar;C:\Program Files\Java\jdk-17\openjfx-21.0.7_windows-x64_bin-sdk\javafx-sdk-21.0.7\lib;C:\Code\chaythue\web-app-share-tipsPhanMinhHieu\fe-pc\ui\src\main\java\com\example\ui\utils\FXRouter.java;C:\Program Files\Java\jdk-17\openjfx-21.0.7_windows-x64_bin-sdk\javafx-sdk-21.0.7\lib\javafx.base.jar;C:\Program Files\Java\jdk-17\openjfx-21.0.7_windows-x64_bin-sdk\javafx-sdk-21.0.7\lib\javafx.controls.jar;C:\Program Files\Java\jdk-17\openjfx-21.0.7_windows-x64_bin-sdk\javafx-sdk-21.0.7\lib\javafx.fxml.jar;C:\Program Files\Java\jdk-17\openjfx-21.0.7_windows-x64_bin-sdk\javafx-sdk-21.0.7\lib\javafx.graphics.jar;C:\Program Files\Java\jdk-17\openjfx-21.0.7_windows-x64_bin-sdk\javafx-sdk-21.0.7\lib\javafx.media.jar;C:\Program Files\Java\jdk-17\openjfx-21.0.7_windows-x64_bin-sdk\javafx-sdk-21.0.7\lib\javafx.properties;C:\Program Files\Java\jdk-17\openjfx-21.0.7_windows-x64_bin-sdk\javafx-sdk-21.0.7\lib\javafx.swing.jar;C:\Program Files\Java\jdk-17\openjfx-21.0.7_windows-x64_bin-sdk\javafx-sdk-21.0.7\lib\javafx.web.jar;C:\Program Files\Java\jdk-17\openjfx-21.0.7_windows-x64_bin-sdk\javafx-sdk-21.0.7\lib\javafx-swt.jar" com.example.ui.Main
Args length:	1179/32768 chars
Exit code:	0


Version:	3.50
CmdLine:	C:\Code\chaythue\web-app-share-tipsPhanMinhHieu\fe-pc\ui\output\LifeTips.exe --l4j-debug
JNI:		No
WOW64:		Yes
Working dir:	C:\Code\chaythue\web-app-share-tipsPhanMinhHieu\fe-pc\ui\output\.
Requires JDK:	Yes
Requires 64-Bit: Yes
Java min ver:	1.017.000
Java max ver:	
Substitute:	JAVA_HOME = C:\Program Files\Java\jdk-17
Substitute:	PATH = c:\Users\nino\AppData\Local\Programs\cursor\resources\app\bin;C:\Program Files\Common Files\Oracle\Java\javapath;C:\WINDOWS\system32;C:\WINDOWS;C:\WINDOWS\System32\Wbem;C:\WINDOWS\System32\WindowsPowerShell\v1.0\;C:\WINDOWS\System32\OpenSSH\;C:\Program Files\dotnet\;C:\Users\nino\AppData\Local\nvm;C:\nvm4w\nodejs;C:\Data\app\Git\cmd;C:\Program Files\Microsoft SQL Server\150\Tools\Binn\;C:\Data\app\dvm\;C:\Data\app\dartsdk-windows-x64-release-3.7.3\dart-sdk\bin;C:\Data\app\dartsdk-windows-x64-release\dart-sdk\bin;C:\Data\app\fvm-3.2.1-windows-x64\fvm\src;C:\Data\app\fvm-3.2.1-windows-x64\fvm;C:\Program Files\Java\jdk-17\bin;C:\Program Files\Java\jdk-17;C:\Program Files\Microsoft SQL Server\Client SDK\ODBC\170\Tools\Binn\;C:\Program Files (x86)\Microsoft SQL Server\160\Tools\Binn\;C:\Program Files\Microsoft SQL Server\160\Tools\Binn\;C:\Program Files\Microsoft SQL Server\160\DTS\Binn\;C:\Program Files (x86)\Microsoft SQL Server\160\DTS\Binn\;C:\Users\nino\AppData\Local\Programs\Python\Python311\Scripts\;C:\User;C:\apache-maven-3.9.10-bin\apache-maven-3.9.10\bin;C:\Program Files (x86)\WiX Toolset v3.11\bin;C:\Users\nino\AppData\Local\Programs\Python\Python311\Scripts\;C:\Users\nino\AppData\Local\Programs\Python\Python311\;C:\Users\nino\AppData\Local\Microsoft\WindowsApps;C:\Users\nino\AppData\Local\Programs\Microsoft VS Code\bin;C:\Users\nino\AppData\Local\nvm;C:\nvm4w\nodejs;C:\Data\app\IntelliJ IDEA 2025.1\bin;C:\Data\app\dvm\;C:\Data\app\IJ\IntelliJ IDEA Community Edition 2025.1\bin;C:\Users\nino\fvm\default\bin;C:\Users\nino\.dotnet\tools;C:\Users\nino\.lmstudio\bin;C:\Users\nino\AppData\Local\Programs\cursor\resources\app\bin;C:\Program Files\Java\jdk-17;C:\Users\nino\.dotnet\tools;C:\Program Files\Java\jdk-17\bin
JRE paths:	C:\Program Files\Java\jdk-17;c:\Users\nino\AppData\Local\Programs\cursor\resources\app\bin;C:\Program Files\Common Files\Oracle\Java\javapath;C:\WINDOWS\system32;C:\WINDOWS;C:\WINDOWS\System32\Wbem;C:\WINDOWS\System32\WindowsPowerShell\v1.0\;C:\WINDOWS\System32\OpenSSH\;C:\Program Files\dotnet\;C:\Users\nino\AppData\Local\nvm;C:\nvm4w\nodejs;C:\Data\app\Git\cmd;C:\Program Files\Microsoft SQL Server\150\Tools\Binn\;C:\Data\app\dvm\;C:\Data\app\dartsdk-windows-x64-release-3.7.3\dart-sdk\bin;C:\Data\app\dartsdk-windows-x64-release\dart-sdk\bin;C:\Data\app\fvm-3.2.1-windows-x64\fvm\src;C:\Data\app\fvm-3.2.1-windows-x64\fvm;C:\Program Files\Java\jdk-17\bin;C:\Program Files\Java\jdk-17;C:\Program Files\Microsoft SQL Server\Client SDK\ODBC\170\Tools\Binn\;C:\Program Files (x86)\Microsoft SQL Server\160\Tools\Binn\;C:\Program Files\Microsoft SQL Server\160\Tools\Binn\;C:\Program Files\Microsoft SQL Server\160\DTS\Binn\;C:\Program Files (x86)\Microsoft SQL Server\160\DTS\Binn\;C:\Users\nino\AppData\Local\Programs\Python\Python311\Scripts\;C:\User;C:\apache-maven-3.9.10-bin\apache-maven-3.9.10\bin;C:\Program Files (x86)\WiX Toolset v3.11\bin;C:\Users\nino\AppData\Local\Programs\Python\Python311\Scripts\;C:\Users\nino\AppData\Local\Programs\Python\Python311\;C:\Users\nino\AppData\Local\Microsoft\WindowsApps;C:\Users\nino\AppData\Local\Programs\Microsoft VS Code\bin;C:\Users\nino\AppData\Local\nvm;C:\nvm4w\nodejs;C:\Data\app\IntelliJ IDEA 2025.1\bin;C:\Data\app\dvm\;C:\Data\app\IJ\IntelliJ IDEA Community Edition 2025.1\bin;C:\Users\nino\fvm\default\bin;C:\Users\nino\.dotnet\tools;C:\Users\nino\.lmstudio\bin;C:\Users\nino\AppData\Local\Programs\cursor\resources\app\bin;C:\Program Files\Java\jdk-17;C:\Users\nino\.dotnet\tools;C:\Program Files\Java\jdk-17\bin
Check launcher:	C:\Program Files\Java\jdk-17\bin\javaw.exe (OK)
Check javac:	C:\Program Files\Java\jdk-17\bin\javac.exe (OK)
Version string: 1.017.000_012 / 64-Bit (OK)
Main class:	com.example.ui.Main
Add classpath:	C:\Program Files\Java\jdk-17\openjfx-21.0.7_windows-x64_bin-sdk\javafx-sdk-21.0.7\lib
Add classpath:	C:\Code\chaythue\web-app-share-tipsPhanMinhHieu\fe-pc\ui\src\main\java\com\example\ui\utils\FXRouter.java
Add classpath:	C:\Program Files\Java\jdk-17\openjfx-21.0.7_windows-x64_bin-sdk\javafx-sdk-21.0.7\lib\javafx.base.jar
Add classpath:	C:\Program Files\Java\jdk-17\openjfx-21.0.7_windows-x64_bin-sdk\javafx-sdk-21.0.7\lib\javafx.controls.jar
Add classpath:	C:\Program Files\Java\jdk-17\openjfx-21.0.7_windows-x64_bin-sdk\javafx-sdk-21.0.7\lib\javafx.fxml.jar
Add classpath:	C:\Program Files\Java\jdk-17\openjfx-21.0.7_windows-x64_bin-sdk\javafx-sdk-21.0.7\lib\javafx.graphics.jar
Add classpath:	C:\Program Files\Java\jdk-17\openjfx-21.0.7_windows-x64_bin-sdk\javafx-sdk-21.0.7\lib\javafx.media.jar
Add classpath:	C:\Program Files\Java\jdk-17\openjfx-21.0.7_windows-x64_bin-sdk\javafx-sdk-21.0.7\lib\javafx.properties
Add classpath:	C:\Program Files\Java\jdk-17\openjfx-21.0.7_windows-x64_bin-sdk\javafx-sdk-21.0.7\lib\javafx.swing.jar
Add classpath:	C:\Program Files\Java\jdk-17\openjfx-21.0.7_windows-x64_bin-sdk\javafx-sdk-21.0.7\lib\javafx.web.jar
Add classpath:	C:\Program Files\Java\jdk-17\openjfx-21.0.7_windows-x64_bin-sdk\javafx-sdk-21.0.7\lib\javafx-swt.jar
Launcher:	C:\Program Files\Java\jdk-17\bin\javaw.exe
Launcher args:	-classpath "target\ui-1.0-SNAPSHOT.jar;C:\Program Files\Java\jdk-17\openjfx-21.0.7_windows-x64_bin-sdk\javafx-sdk-21.0.7\lib;C:\Code\chaythue\web-app-share-tipsPhanMinhHieu\fe-pc\ui\src\main\java\com\example\ui\utils\FXRouter.java;C:\Program Files\Java\jdk-17\openjfx-21.0.7_windows-x64_bin-sdk\javafx-sdk-21.0.7\lib\javafx.base.jar;C:\Program Files\Java\jdk-17\openjfx-21.0.7_windows-x64_bin-sdk\javafx-sdk-21.0.7\lib\javafx.controls.jar;C:\Program Files\Java\jdk-17\openjfx-21.0.7_windows-x64_bin-sdk\javafx-sdk-21.0.7\lib\javafx.fxml.jar;C:\Program Files\Java\jdk-17\openjfx-21.0.7_windows-x64_bin-sdk\javafx-sdk-21.0.7\lib\javafx.graphics.jar;C:\Program Files\Java\jdk-17\openjfx-21.0.7_windows-x64_bin-sdk\javafx-sdk-21.0.7\lib\javafx.media.jar;C:\Program Files\Java\jdk-17\openjfx-21.0.7_windows-x64_bin-sdk\javafx-sdk-21.0.7\lib\javafx.properties;C:\Program Files\Java\jdk-17\openjfx-21.0.7_windows-x64_bin-sdk\javafx-sdk-21.0.7\lib\javafx.swing.jar;C:\Program Files\Java\jdk-17\openjfx-21.0.7_windows-x64_bin-sdk\javafx-sdk-21.0.7\lib\javafx.web.jar;C:\Program Files\Java\jdk-17\openjfx-21.0.7_windows-x64_bin-sdk\javafx-sdk-21.0.7\lib\javafx-swt.jar" com.example.ui.Main
Args length:	1179/32768 chars
Exit code:	0


Version:	3.50
CmdLine:	C:\Code\chaythue\web-app-share-tipsPhanMinhHieu\fe-pc\ui\output\LifeTips.exe --l4j-debug
JNI:		No
WOW64:		Yes
Working dir:	C:\Code\chaythue\web-app-share-tipsPhanMinhHieu\fe-pc\ui\output\.
Requires JDK:	Yes
Requires 64-Bit: Yes
Java min ver:	1.017.000
Java max ver:	
Substitute:	JAVA_HOME = C:\Program Files\Java\jdk-17
Substitute:	PATH = c:\Users\nino\AppData\Local\Programs\cursor\resources\app\bin;C:\Program Files\Common Files\Oracle\Java\javapath;C:\WINDOWS\system32;C:\WINDOWS;C:\WINDOWS\System32\Wbem;C:\WINDOWS\System32\WindowsPowerShell\v1.0\;C:\WINDOWS\System32\OpenSSH\;C:\Program Files\dotnet\;C:\Users\nino\AppData\Local\nvm;C:\nvm4w\nodejs;C:\Data\app\Git\cmd;C:\Program Files\Microsoft SQL Server\150\Tools\Binn\;C:\Data\app\dvm\;C:\Data\app\dartsdk-windows-x64-release-3.7.3\dart-sdk\bin;C:\Data\app\dartsdk-windows-x64-release\dart-sdk\bin;C:\Data\app\fvm-3.2.1-windows-x64\fvm\src;C:\Data\app\fvm-3.2.1-windows-x64\fvm;C:\Program Files\Java\jdk-17\bin;C:\Program Files\Java\jdk-17;C:\Program Files\Microsoft SQL Server\Client SDK\ODBC\170\Tools\Binn\;C:\Program Files (x86)\Microsoft SQL Server\160\Tools\Binn\;C:\Program Files\Microsoft SQL Server\160\Tools\Binn\;C:\Program Files\Microsoft SQL Server\160\DTS\Binn\;C:\Program Files (x86)\Microsoft SQL Server\160\DTS\Binn\;C:\Users\nino\AppData\Local\Programs\Python\Python311\Scripts\;C:\User;C:\apache-maven-3.9.10-bin\apache-maven-3.9.10\bin;C:\Program Files (x86)\WiX Toolset v3.11\bin;C:\Users\nino\AppData\Local\Programs\Python\Python311\Scripts\;C:\Users\nino\AppData\Local\Programs\Python\Python311\;C:\Users\nino\AppData\Local\Microsoft\WindowsApps;C:\Users\nino\AppData\Local\Programs\Microsoft VS Code\bin;C:\Users\nino\AppData\Local\nvm;C:\nvm4w\nodejs;C:\Data\app\IntelliJ IDEA 2025.1\bin;C:\Data\app\dvm\;C:\Data\app\IJ\IntelliJ IDEA Community Edition 2025.1\bin;C:\Users\nino\fvm\default\bin;C:\Users\nino\.dotnet\tools;C:\Users\nino\.lmstudio\bin;C:\Users\nino\AppData\Local\Programs\cursor\resources\app\bin;C:\Program Files\Java\jdk-17;C:\Users\nino\.dotnet\tools;C:\Program Files\Java\jdk-17\bin
JRE paths:	C:\Program Files\Java\jdk-17;c:\Users\nino\AppData\Local\Programs\cursor\resources\app\bin;C:\Program Files\Common Files\Oracle\Java\javapath;C:\WINDOWS\system32;C:\WINDOWS;C:\WINDOWS\System32\Wbem;C:\WINDOWS\System32\WindowsPowerShell\v1.0\;C:\WINDOWS\System32\OpenSSH\;C:\Program Files\dotnet\;C:\Users\nino\AppData\Local\nvm;C:\nvm4w\nodejs;C:\Data\app\Git\cmd;C:\Program Files\Microsoft SQL Server\150\Tools\Binn\;C:\Data\app\dvm\;C:\Data\app\dartsdk-windows-x64-release-3.7.3\dart-sdk\bin;C:\Data\app\dartsdk-windows-x64-release\dart-sdk\bin;C:\Data\app\fvm-3.2.1-windows-x64\fvm\src;C:\Data\app\fvm-3.2.1-windows-x64\fvm;C:\Program Files\Java\jdk-17\bin;C:\Program Files\Java\jdk-17;C:\Program Files\Microsoft SQL Server\Client SDK\ODBC\170\Tools\Binn\;C:\Program Files (x86)\Microsoft SQL Server\160\Tools\Binn\;C:\Program Files\Microsoft SQL Server\160\Tools\Binn\;C:\Program Files\Microsoft SQL Server\160\DTS\Binn\;C:\Program Files (x86)\Microsoft SQL Server\160\DTS\Binn\;C:\Users\nino\AppData\Local\Programs\Python\Python311\Scripts\;C:\User;C:\apache-maven-3.9.10-bin\apache-maven-3.9.10\bin;C:\Program Files (x86)\WiX Toolset v3.11\bin;C:\Users\nino\AppData\Local\Programs\Python\Python311\Scripts\;C:\Users\nino\AppData\Local\Programs\Python\Python311\;C:\Users\nino\AppData\Local\Microsoft\WindowsApps;C:\Users\nino\AppData\Local\Programs\Microsoft VS Code\bin;C:\Users\nino\AppData\Local\nvm;C:\nvm4w\nodejs;C:\Data\app\IntelliJ IDEA 2025.1\bin;C:\Data\app\dvm\;C:\Data\app\IJ\IntelliJ IDEA Community Edition 2025.1\bin;C:\Users\nino\fvm\default\bin;C:\Users\nino\.dotnet\tools;C:\Users\nino\.lmstudio\bin;C:\Users\nino\AppData\Local\Programs\cursor\resources\app\bin;C:\Program Files\Java\jdk-17;C:\Users\nino\.dotnet\tools;C:\Program Files\Java\jdk-17\bin
Check launcher:	C:\Program Files\Java\jdk-17\bin\javaw.exe (OK)
Check javac:	C:\Program Files\Java\jdk-17\bin\javac.exe (OK)
Version string: 1.017.000_012 / 64-Bit (OK)
Main class:	com.example.ui.Main
Add classpath:	C:\Program Files\Java\jdk-17\openjfx-21.0.7_windows-x64_bin-sdk\javafx-sdk-21.0.7\lib
Add classpath:	C:\Code\chaythue\web-app-share-tipsPhanMinhHieu\fe-pc\ui\src\main\java\com\example\ui\utils\FXRouter.java
Add classpath:	C:\Program Files\Java\jdk-17\openjfx-21.0.7_windows-x64_bin-sdk\javafx-sdk-21.0.7\lib\javafx.base.jar
Add classpath:	C:\Program Files\Java\jdk-17\openjfx-21.0.7_windows-x64_bin-sdk\javafx-sdk-21.0.7\lib\javafx.controls.jar
Add classpath:	C:\Program Files\Java\jdk-17\openjfx-21.0.7_windows-x64_bin-sdk\javafx-sdk-21.0.7\lib\javafx.fxml.jar
Add classpath:	C:\Program Files\Java\jdk-17\openjfx-21.0.7_windows-x64_bin-sdk\javafx-sdk-21.0.7\lib\javafx.graphics.jar
Add classpath:	C:\Program Files\Java\jdk-17\openjfx-21.0.7_windows-x64_bin-sdk\javafx-sdk-21.0.7\lib\javafx.media.jar
Add classpath:	C:\Program Files\Java\jdk-17\openjfx-21.0.7_windows-x64_bin-sdk\javafx-sdk-21.0.7\lib\javafx.properties
Add classpath:	C:\Program Files\Java\jdk-17\openjfx-21.0.7_windows-x64_bin-sdk\javafx-sdk-21.0.7\lib\javafx.swing.jar
Add classpath:	C:\Program Files\Java\jdk-17\openjfx-21.0.7_windows-x64_bin-sdk\javafx-sdk-21.0.7\lib\javafx.web.jar
Add classpath:	C:\Program Files\Java\jdk-17\openjfx-21.0.7_windows-x64_bin-sdk\javafx-sdk-21.0.7\lib\javafx-swt.jar
Launcher:	C:\Program Files\Java\jdk-17\bin\javaw.exe
Launcher args:	-classpath "target\ui-1.0-SNAPSHOT.jar;C:\Program Files\Java\jdk-17\openjfx-21.0.7_windows-x64_bin-sdk\javafx-sdk-21.0.7\lib;C:\Code\chaythue\web-app-share-tipsPhanMinhHieu\fe-pc\ui\src\main\java\com\example\ui\utils\FXRouter.java;C:\Program Files\Java\jdk-17\openjfx-21.0.7_windows-x64_bin-sdk\javafx-sdk-21.0.7\lib\javafx.base.jar;C:\Program Files\Java\jdk-17\openjfx-21.0.7_windows-x64_bin-sdk\javafx-sdk-21.0.7\lib\javafx.controls.jar;C:\Program Files\Java\jdk-17\openjfx-21.0.7_windows-x64_bin-sdk\javafx-sdk-21.0.7\lib\javafx.fxml.jar;C:\Program Files\Java\jdk-17\openjfx-21.0.7_windows-x64_bin-sdk\javafx-sdk-21.0.7\lib\javafx.graphics.jar;C:\Program Files\Java\jdk-17\openjfx-21.0.7_windows-x64_bin-sdk\javafx-sdk-21.0.7\lib\javafx.media.jar;C:\Program Files\Java\jdk-17\openjfx-21.0.7_windows-x64_bin-sdk\javafx-sdk-21.0.7\lib\javafx.properties;C:\Program Files\Java\jdk-17\openjfx-21.0.7_windows-x64_bin-sdk\javafx-sdk-21.0.7\lib\javafx.swing.jar;C:\Program Files\Java\jdk-17\openjfx-21.0.7_windows-x64_bin-sdk\javafx-sdk-21.0.7\lib\javafx.web.jar;C:\Program Files\Java\jdk-17\openjfx-21.0.7_windows-x64_bin-sdk\javafx-sdk-21.0.7\lib\javafx-swt.jar" com.example.ui.Main
Args length:	1179/32768 chars
Exit code:	0


Version:	3.50
CmdLine:	C:\Code\chaythue\web-app-share-tipsPhanMinhHieu\fe-pc\ui\output\LifeTips.exe --l4j-debug
JNI:		No
WOW64:		Yes
Working dir:	C:\Code\chaythue\web-app-share-tipsPhanMinhHieu\fe-pc\ui\output\.
Requires JDK:	Yes
Requires 64-Bit: Yes
Java min ver:	1.017.000
Java max ver:	
Substitute:	JAVA_HOME = C:\Program Files\Java\jdk-17
Substitute:	PATH = c:\Users\nino\AppData\Local\Programs\cursor\resources\app\bin;C:\Program Files\Common Files\Oracle\Java\javapath;C:\WINDOWS\system32;C:\WINDOWS;C:\WINDOWS\System32\Wbem;C:\WINDOWS\System32\WindowsPowerShell\v1.0\;C:\WINDOWS\System32\OpenSSH\;C:\Program Files\dotnet\;C:\Users\nino\AppData\Local\nvm;C:\nvm4w\nodejs;C:\Data\app\Git\cmd;C:\Program Files\Microsoft SQL Server\150\Tools\Binn\;C:\Data\app\dvm\;C:\Data\app\dartsdk-windows-x64-release-3.7.3\dart-sdk\bin;C:\Data\app\dartsdk-windows-x64-release\dart-sdk\bin;C:\Data\app\fvm-3.2.1-windows-x64\fvm\src;C:\Data\app\fvm-3.2.1-windows-x64\fvm;C:\Program Files\Java\jdk-17\bin;C:\Program Files\Java\jdk-17;C:\Program Files\Microsoft SQL Server\Client SDK\ODBC\170\Tools\Binn\;C:\Program Files (x86)\Microsoft SQL Server\160\Tools\Binn\;C:\Program Files\Microsoft SQL Server\160\Tools\Binn\;C:\Program Files\Microsoft SQL Server\160\DTS\Binn\;C:\Program Files (x86)\Microsoft SQL Server\160\DTS\Binn\;C:\Users\nino\AppData\Local\Programs\Python\Python311\Scripts\;C:\User;C:\apache-maven-3.9.10-bin\apache-maven-3.9.10\bin;C:\Program Files (x86)\WiX Toolset v3.11\bin;C:\Users\nino\AppData\Local\Programs\Python\Python311\Scripts\;C:\Users\nino\AppData\Local\Programs\Python\Python311\;C:\Users\nino\AppData\Local\Microsoft\WindowsApps;C:\Users\nino\AppData\Local\Programs\Microsoft VS Code\bin;C:\Users\nino\AppData\Local\nvm;C:\nvm4w\nodejs;C:\Data\app\IntelliJ IDEA 2025.1\bin;C:\Data\app\dvm\;C:\Data\app\IJ\IntelliJ IDEA Community Edition 2025.1\bin;C:\Users\nino\fvm\default\bin;C:\Users\nino\.dotnet\tools;C:\Users\nino\.lmstudio\bin;C:\Users\nino\AppData\Local\Programs\cursor\resources\app\bin;C:\Program Files\Java\jdk-17;C:\Users\nino\.dotnet\tools;C:\Program Files\Java\jdk-17\bin
JRE paths:	C:\Program Files\Java\jdk-17;c:\Users\nino\AppData\Local\Programs\cursor\resources\app\bin;C:\Program Files\Common Files\Oracle\Java\javapath;C:\WINDOWS\system32;C:\WINDOWS;C:\WINDOWS\System32\Wbem;C:\WINDOWS\System32\WindowsPowerShell\v1.0\;C:\WINDOWS\System32\OpenSSH\;C:\Program Files\dotnet\;C:\Users\nino\AppData\Local\nvm;C:\nvm4w\nodejs;C:\Data\app\Git\cmd;C:\Program Files\Microsoft SQL Server\150\Tools\Binn\;C:\Data\app\dvm\;C:\Data\app\dartsdk-windows-x64-release-3.7.3\dart-sdk\bin;C:\Data\app\dartsdk-windows-x64-release\dart-sdk\bin;C:\Data\app\fvm-3.2.1-windows-x64\fvm\src;C:\Data\app\fvm-3.2.1-windows-x64\fvm;C:\Program Files\Java\jdk-17\bin;C:\Program Files\Java\jdk-17;C:\Program Files\Microsoft SQL Server\Client SDK\ODBC\170\Tools\Binn\;C:\Program Files (x86)\Microsoft SQL Server\160\Tools\Binn\;C:\Program Files\Microsoft SQL Server\160\Tools\Binn\;C:\Program Files\Microsoft SQL Server\160\DTS\Binn\;C:\Program Files (x86)\Microsoft SQL Server\160\DTS\Binn\;C:\Users\nino\AppData\Local\Programs\Python\Python311\Scripts\;C:\User;C:\apache-maven-3.9.10-bin\apache-maven-3.9.10\bin;C:\Program Files (x86)\WiX Toolset v3.11\bin;C:\Users\nino\AppData\Local\Programs\Python\Python311\Scripts\;C:\Users\nino\AppData\Local\Programs\Python\Python311\;C:\Users\nino\AppData\Local\Microsoft\WindowsApps;C:\Users\nino\AppData\Local\Programs\Microsoft VS Code\bin;C:\Users\nino\AppData\Local\nvm;C:\nvm4w\nodejs;C:\Data\app\IntelliJ IDEA 2025.1\bin;C:\Data\app\dvm\;C:\Data\app\IJ\IntelliJ IDEA Community Edition 2025.1\bin;C:\Users\nino\fvm\default\bin;C:\Users\nino\.dotnet\tools;C:\Users\nino\.lmstudio\bin;C:\Users\nino\AppData\Local\Programs\cursor\resources\app\bin;C:\Program Files\Java\jdk-17;C:\Users\nino\.dotnet\tools;C:\Program Files\Java\jdk-17\bin
Check launcher:	C:\Program Files\Java\jdk-17\bin\javaw.exe (OK)
Check javac:	C:\Program Files\Java\jdk-17\bin\javac.exe (OK)
Version string: 1.017.000_012 / 64-Bit (OK)
Main class:	com.example.ui.Main
Add classpath:	C:\Program Files\Java\jdk-17\openjfx-21.0.7_windows-x64_bin-sdk\javafx-sdk-21.0.7\lib
Add classpath:	C:\Code\chaythue\web-app-share-tipsPhanMinhHieu\fe-pc\ui\src\main\java\com\example\ui\utils\FXRouter.java
Add classpath:	C:\Program Files\Java\jdk-17\openjfx-21.0.7_windows-x64_bin-sdk\javafx-sdk-21.0.7\lib\javafx.base.jar
Add classpath:	C:\Program Files\Java\jdk-17\openjfx-21.0.7_windows-x64_bin-sdk\javafx-sdk-21.0.7\lib\javafx.controls.jar
Add classpath:	C:\Program Files\Java\jdk-17\openjfx-21.0.7_windows-x64_bin-sdk\javafx-sdk-21.0.7\lib\javafx.fxml.jar
Add classpath:	C:\Program Files\Java\jdk-17\openjfx-21.0.7_windows-x64_bin-sdk\javafx-sdk-21.0.7\lib\javafx.graphics.jar
Add classpath:	C:\Program Files\Java\jdk-17\openjfx-21.0.7_windows-x64_bin-sdk\javafx-sdk-21.0.7\lib\javafx.media.jar
Add classpath:	C:\Program Files\Java\jdk-17\openjfx-21.0.7_windows-x64_bin-sdk\javafx-sdk-21.0.7\lib\javafx.properties
Add classpath:	C:\Program Files\Java\jdk-17\openjfx-21.0.7_windows-x64_bin-sdk\javafx-sdk-21.0.7\lib\javafx.swing.jar
Add classpath:	C:\Program Files\Java\jdk-17\openjfx-21.0.7_windows-x64_bin-sdk\javafx-sdk-21.0.7\lib\javafx.web.jar
Add classpath:	C:\Program Files\Java\jdk-17\openjfx-21.0.7_windows-x64_bin-sdk\javafx-sdk-21.0.7\lib\javafx-swt.jar
Launcher:	C:\Program Files\Java\jdk-17\bin\javaw.exe
Launcher args:	-classpath "target\ui-1.0-SNAPSHOT.jar;C:\Program Files\Java\jdk-17\openjfx-21.0.7_windows-x64_bin-sdk\javafx-sdk-21.0.7\lib;C:\Code\chaythue\web-app-share-tipsPhanMinhHieu\fe-pc\ui\src\main\java\com\example\ui\utils\FXRouter.java;C:\Program Files\Java\jdk-17\openjfx-21.0.7_windows-x64_bin-sdk\javafx-sdk-21.0.7\lib\javafx.base.jar;C:\Program Files\Java\jdk-17\openjfx-21.0.7_windows-x64_bin-sdk\javafx-sdk-21.0.7\lib\javafx.controls.jar;C:\Program Files\Java\jdk-17\openjfx-21.0.7_windows-x64_bin-sdk\javafx-sdk-21.0.7\lib\javafx.fxml.jar;C:\Program Files\Java\jdk-17\openjfx-21.0.7_windows-x64_bin-sdk\javafx-sdk-21.0.7\lib\javafx.graphics.jar;C:\Program Files\Java\jdk-17\openjfx-21.0.7_windows-x64_bin-sdk\javafx-sdk-21.0.7\lib\javafx.media.jar;C:\Program Files\Java\jdk-17\openjfx-21.0.7_windows-x64_bin-sdk\javafx-sdk-21.0.7\lib\javafx.properties;C:\Program Files\Java\jdk-17\openjfx-21.0.7_windows-x64_bin-sdk\javafx-sdk-21.0.7\lib\javafx.swing.jar;C:\Program Files\Java\jdk-17\openjfx-21.0.7_windows-x64_bin-sdk\javafx-sdk-21.0.7\lib\javafx.web.jar;C:\Program Files\Java\jdk-17\openjfx-21.0.7_windows-x64_bin-sdk\javafx-sdk-21.0.7\lib\javafx-swt.jar" com.example.ui.Main
Args length:	1179/32768 chars
Exit code:	0


Version:	3.50
CmdLine:	C:\Code\chaythue\web-app-share-tipsPhanMinhHieu\fe-pc\ui\output\LifeTips.exe --l4j-debug
JNI:		No
WOW64:		Yes
Working dir:	C:\Code\chaythue\web-app-share-tipsPhanMinhHieu\fe-pc\ui\output\.
Requires JDK:	Yes
Requires 64-Bit: Yes
Java min ver:	1.017.000
Java max ver:	
Substitute:	JAVA_HOME = C:\Program Files\Java\jdk-17
Substitute:	PATH = c:\Users\nino\AppData\Local\Programs\cursor\resources\app\bin;C:\Program Files\Common Files\Oracle\Java\javapath;C:\WINDOWS\system32;C:\WINDOWS;C:\WINDOWS\System32\Wbem;C:\WINDOWS\System32\WindowsPowerShell\v1.0\;C:\WINDOWS\System32\OpenSSH\;C:\Program Files\dotnet\;C:\Users\nino\AppData\Local\nvm;C:\nvm4w\nodejs;C:\Data\app\Git\cmd;C:\Program Files\Microsoft SQL Server\150\Tools\Binn\;C:\Data\app\dvm\;C:\Data\app\dartsdk-windows-x64-release-3.7.3\dart-sdk\bin;C:\Data\app\dartsdk-windows-x64-release\dart-sdk\bin;C:\Data\app\fvm-3.2.1-windows-x64\fvm\src;C:\Data\app\fvm-3.2.1-windows-x64\fvm;C:\Program Files\Java\jdk-17\bin;C:\Program Files\Java\jdk-17;C:\Program Files\Microsoft SQL Server\Client SDK\ODBC\170\Tools\Binn\;C:\Program Files (x86)\Microsoft SQL Server\160\Tools\Binn\;C:\Program Files\Microsoft SQL Server\160\Tools\Binn\;C:\Program Files\Microsoft SQL Server\160\DTS\Binn\;C:\Program Files (x86)\Microsoft SQL Server\160\DTS\Binn\;C:\Users\nino\AppData\Local\Programs\Python\Python311\Scripts\;C:\User;C:\apache-maven-3.9.10-bin\apache-maven-3.9.10\bin;C:\Program Files (x86)\WiX Toolset v3.11\bin;C:\Users\nino\AppData\Local\Programs\Python\Python311\Scripts\;C:\Users\nino\AppData\Local\Programs\Python\Python311\;C:\Users\nino\AppData\Local\Microsoft\WindowsApps;C:\Users\nino\AppData\Local\Programs\Microsoft VS Code\bin;C:\Users\nino\AppData\Local\nvm;C:\nvm4w\nodejs;C:\Data\app\IntelliJ IDEA 2025.1\bin;C:\Data\app\dvm\;C:\Data\app\IJ\IntelliJ IDEA Community Edition 2025.1\bin;C:\Users\nino\fvm\default\bin;C:\Users\nino\.dotnet\tools;C:\Users\nino\.lmstudio\bin;C:\Users\nino\AppData\Local\Programs\cursor\resources\app\bin;C:\Program Files\Java\jdk-17;C:\Users\nino\.dotnet\tools;C:\Program Files\Java\jdk-17\bin
JRE paths:	C:\Program Files\Java\jdk-17;c:\Users\nino\AppData\Local\Programs\cursor\resources\app\bin;C:\Program Files\Common Files\Oracle\Java\javapath;C:\WINDOWS\system32;C:\WINDOWS;C:\WINDOWS\System32\Wbem;C:\WINDOWS\System32\WindowsPowerShell\v1.0\;C:\WINDOWS\System32\OpenSSH\;C:\Program Files\dotnet\;C:\Users\nino\AppData\Local\nvm;C:\nvm4w\nodejs;C:\Data\app\Git\cmd;C:\Program Files\Microsoft SQL Server\150\Tools\Binn\;C:\Data\app\dvm\;C:\Data\app\dartsdk-windows-x64-release-3.7.3\dart-sdk\bin;C:\Data\app\dartsdk-windows-x64-release\dart-sdk\bin;C:\Data\app\fvm-3.2.1-windows-x64\fvm\src;C:\Data\app\fvm-3.2.1-windows-x64\fvm;C:\Program Files\Java\jdk-17\bin;C:\Program Files\Java\jdk-17;C:\Program Files\Microsoft SQL Server\Client SDK\ODBC\170\Tools\Binn\;C:\Program Files (x86)\Microsoft SQL Server\160\Tools\Binn\;C:\Program Files\Microsoft SQL Server\160\Tools\Binn\;C:\Program Files\Microsoft SQL Server\160\DTS\Binn\;C:\Program Files (x86)\Microsoft SQL Server\160\DTS\Binn\;C:\Users\nino\AppData\Local\Programs\Python\Python311\Scripts\;C:\User;C:\apache-maven-3.9.10-bin\apache-maven-3.9.10\bin;C:\Program Files (x86)\WiX Toolset v3.11\bin;C:\Users\nino\AppData\Local\Programs\Python\Python311\Scripts\;C:\Users\nino\AppData\Local\Programs\Python\Python311\;C:\Users\nino\AppData\Local\Microsoft\WindowsApps;C:\Users\nino\AppData\Local\Programs\Microsoft VS Code\bin;C:\Users\nino\AppData\Local\nvm;C:\nvm4w\nodejs;C:\Data\app\IntelliJ IDEA 2025.1\bin;C:\Data\app\dvm\;C:\Data\app\IJ\IntelliJ IDEA Community Edition 2025.1\bin;C:\Users\nino\fvm\default\bin;C:\Users\nino\.dotnet\tools;C:\Users\nino\.lmstudio\bin;C:\Users\nino\AppData\Local\Programs\cursor\resources\app\bin;C:\Program Files\Java\jdk-17;C:\Users\nino\.dotnet\tools;C:\Program Files\Java\jdk-17\bin
Check launcher:	C:\Program Files\Java\jdk-17\bin\javaw.exe (OK)
Check javac:	C:\Program Files\Java\jdk-17\bin\javac.exe (OK)
Version string: 1.017.000_012 / 64-Bit (OK)
Main class:	com.example.ui.Main
Add classpath:	C:\Program Files\Java\jdk-17\openjfx-21.0.7_windows-x64_bin-sdk\javafx-sdk-21.0.7\lib
Add classpath:	C:\Code\chaythue\web-app-share-tipsPhanMinhHieu\fe-pc\ui\src\main\java\com\example\ui\utils\FXRouter.java
Add classpath:	C:\Program Files\Java\jdk-17\openjfx-21.0.7_windows-x64_bin-sdk\javafx-sdk-21.0.7\lib\javafx.base.jar
Add classpath:	C:\Program Files\Java\jdk-17\openjfx-21.0.7_windows-x64_bin-sdk\javafx-sdk-21.0.7\lib\javafx.controls.jar
Add classpath:	C:\Program Files\Java\jdk-17\openjfx-21.0.7_windows-x64_bin-sdk\javafx-sdk-21.0.7\lib\javafx.fxml.jar
Add classpath:	C:\Program Files\Java\jdk-17\openjfx-21.0.7_windows-x64_bin-sdk\javafx-sdk-21.0.7\lib\javafx.graphics.jar
Add classpath:	C:\Program Files\Java\jdk-17\openjfx-21.0.7_windows-x64_bin-sdk\javafx-sdk-21.0.7\lib\javafx.media.jar
Add classpath:	C:\Program Files\Java\jdk-17\openjfx-21.0.7_windows-x64_bin-sdk\javafx-sdk-21.0.7\lib\javafx.properties
Add classpath:	C:\Program Files\Java\jdk-17\openjfx-21.0.7_windows-x64_bin-sdk\javafx-sdk-21.0.7\lib\javafx.swing.jar
Add classpath:	C:\Program Files\Java\jdk-17\openjfx-21.0.7_windows-x64_bin-sdk\javafx-sdk-21.0.7\lib\javafx.web.jar
Add classpath:	C:\Program Files\Java\jdk-17\openjfx-21.0.7_windows-x64_bin-sdk\javafx-sdk-21.0.7\lib\javafx-swt.jar
Launcher:	C:\Program Files\Java\jdk-17\bin\javaw.exe
Launcher args:	-classpath "target\ui-1.0-SNAPSHOT.jar;C:\Program Files\Java\jdk-17\openjfx-21.0.7_windows-x64_bin-sdk\javafx-sdk-21.0.7\lib;C:\Code\chaythue\web-app-share-tipsPhanMinhHieu\fe-pc\ui\src\main\java\com\example\ui\utils\FXRouter.java;C:\Program Files\Java\jdk-17\openjfx-21.0.7_windows-x64_bin-sdk\javafx-sdk-21.0.7\lib\javafx.base.jar;C:\Program Files\Java\jdk-17\openjfx-21.0.7_windows-x64_bin-sdk\javafx-sdk-21.0.7\lib\javafx.controls.jar;C:\Program Files\Java\jdk-17\openjfx-21.0.7_windows-x64_bin-sdk\javafx-sdk-21.0.7\lib\javafx.fxml.jar;C:\Program Files\Java\jdk-17\openjfx-21.0.7_windows-x64_bin-sdk\javafx-sdk-21.0.7\lib\javafx.graphics.jar;C:\Program Files\Java\jdk-17\openjfx-21.0.7_windows-x64_bin-sdk\javafx-sdk-21.0.7\lib\javafx.media.jar;C:\Program Files\Java\jdk-17\openjfx-21.0.7_windows-x64_bin-sdk\javafx-sdk-21.0.7\lib\javafx.properties;C:\Program Files\Java\jdk-17\openjfx-21.0.7_windows-x64_bin-sdk\javafx-sdk-21.0.7\lib\javafx.swing.jar;C:\Program Files\Java\jdk-17\openjfx-21.0.7_windows-x64_bin-sdk\javafx-sdk-21.0.7\lib\javafx.web.jar;C:\Program Files\Java\jdk-17\openjfx-21.0.7_windows-x64_bin-sdk\javafx-sdk-21.0.7\lib\javafx-swt.jar" com.example.ui.Main
Args length:	1179/32768 chars
Exit code:	0


Version:	3.50
CmdLine:	C:\Code\chaythue\web-app-share-tipsPhanMinhHieu\fe-pc\ui\output\LifeTips.exe --l4j-debug
JNI:		No
WOW64:		Yes
Working dir:	C:\Code\chaythue\web-app-share-tipsPhanMinhHieu\fe-pc\ui\output\.
Requires JDK:	Yes
Requires 64-Bit: Yes
Java min ver:	1.017.000
Java max ver:	
Substitute:	JAVA_HOME = C:\Program Files\Java\jdk-17
Substitute:	PATH = c:\Users\nino\AppData\Local\Programs\cursor\resources\app\bin;C:\Program Files\Common Files\Oracle\Java\javapath;C:\WINDOWS\system32;C:\WINDOWS;C:\WINDOWS\System32\Wbem;C:\WINDOWS\System32\WindowsPowerShell\v1.0\;C:\WINDOWS\System32\OpenSSH\;C:\Program Files\dotnet\;C:\Users\nino\AppData\Local\nvm;C:\nvm4w\nodejs;C:\Data\app\Git\cmd;C:\Program Files\Microsoft SQL Server\150\Tools\Binn\;C:\Data\app\dvm\;C:\Data\app\dartsdk-windows-x64-release-3.7.3\dart-sdk\bin;C:\Data\app\dartsdk-windows-x64-release\dart-sdk\bin;C:\Data\app\fvm-3.2.1-windows-x64\fvm\src;C:\Data\app\fvm-3.2.1-windows-x64\fvm;C:\Program Files\Java\jdk-17\bin;C:\Program Files\Java\jdk-17;C:\Program Files\Microsoft SQL Server\Client SDK\ODBC\170\Tools\Binn\;C:\Program Files (x86)\Microsoft SQL Server\160\Tools\Binn\;C:\Program Files\Microsoft SQL Server\160\Tools\Binn\;C:\Program Files\Microsoft SQL Server\160\DTS\Binn\;C:\Program Files (x86)\Microsoft SQL Server\160\DTS\Binn\;C:\Users\nino\AppData\Local\Programs\Python\Python311\Scripts\;C:\User;C:\apache-maven-3.9.10-bin\apache-maven-3.9.10\bin;C:\Program Files (x86)\WiX Toolset v3.11\bin;C:\Users\nino\AppData\Local\Programs\Python\Python311\Scripts\;C:\Users\nino\AppData\Local\Programs\Python\Python311\;C:\Users\nino\AppData\Local\Microsoft\WindowsApps;C:\Users\nino\AppData\Local\Programs\Microsoft VS Code\bin;C:\Users\nino\AppData\Local\nvm;C:\nvm4w\nodejs;C:\Data\app\IntelliJ IDEA 2025.1\bin;C:\Data\app\dvm\;C:\Data\app\IJ\IntelliJ IDEA Community Edition 2025.1\bin;C:\Users\nino\fvm\default\bin;C:\Users\nino\.dotnet\tools;C:\Users\nino\.lmstudio\bin;C:\Users\nino\AppData\Local\Programs\cursor\resources\app\bin;C:\Program Files\Java\jdk-17;C:\Users\nino\.dotnet\tools;C:\Program Files\Java\jdk-17\bin
JRE paths:	C:\Program Files\Java\jdk-17;c:\Users\nino\AppData\Local\Programs\cursor\resources\app\bin;C:\Program Files\Common Files\Oracle\Java\javapath;C:\WINDOWS\system32;C:\WINDOWS;C:\WINDOWS\System32\Wbem;C:\WINDOWS\System32\WindowsPowerShell\v1.0\;C:\WINDOWS\System32\OpenSSH\;C:\Program Files\dotnet\;C:\Users\nino\AppData\Local\nvm;C:\nvm4w\nodejs;C:\Data\app\Git\cmd;C:\Program Files\Microsoft SQL Server\150\Tools\Binn\;C:\Data\app\dvm\;C:\Data\app\dartsdk-windows-x64-release-3.7.3\dart-sdk\bin;C:\Data\app\dartsdk-windows-x64-release\dart-sdk\bin;C:\Data\app\fvm-3.2.1-windows-x64\fvm\src;C:\Data\app\fvm-3.2.1-windows-x64\fvm;C:\Program Files\Java\jdk-17\bin;C:\Program Files\Java\jdk-17;C:\Program Files\Microsoft SQL Server\Client SDK\ODBC\170\Tools\Binn\;C:\Program Files (x86)\Microsoft SQL Server\160\Tools\Binn\;C:\Program Files\Microsoft SQL Server\160\Tools\Binn\;C:\Program Files\Microsoft SQL Server\160\DTS\Binn\;C:\Program Files (x86)\Microsoft SQL Server\160\DTS\Binn\;C:\Users\nino\AppData\Local\Programs\Python\Python311\Scripts\;C:\User;C:\apache-maven-3.9.10-bin\apache-maven-3.9.10\bin;C:\Program Files (x86)\WiX Toolset v3.11\bin;C:\Users\nino\AppData\Local\Programs\Python\Python311\Scripts\;C:\Users\nino\AppData\Local\Programs\Python\Python311\;C:\Users\nino\AppData\Local\Microsoft\WindowsApps;C:\Users\nino\AppData\Local\Programs\Microsoft VS Code\bin;C:\Users\nino\AppData\Local\nvm;C:\nvm4w\nodejs;C:\Data\app\IntelliJ IDEA 2025.1\bin;C:\Data\app\dvm\;C:\Data\app\IJ\IntelliJ IDEA Community Edition 2025.1\bin;C:\Users\nino\fvm\default\bin;C:\Users\nino\.dotnet\tools;C:\Users\nino\.lmstudio\bin;C:\Users\nino\AppData\Local\Programs\cursor\resources\app\bin;C:\Program Files\Java\jdk-17;C:\Users\nino\.dotnet\tools;C:\Program Files\Java\jdk-17\bin
Check launcher:	C:\Program Files\Java\jdk-17\bin\javaw.exe (OK)
Check javac:	C:\Program Files\Java\jdk-17\bin\javac.exe (OK)
Version string: 1.017.000_012 / 64-Bit (OK)
Main class:	com.example.ui.Main
Add classpath:	C:\Program Files\Java\jdk-17\openjfx-21.0.7_windows-x64_bin-sdk\javafx-sdk-21.0.7\lib
Add classpath:	C:\Code\chaythue\web-app-share-tipsPhanMinhHieu\fe-pc\ui\src\main\java\com\example\ui\utils\FXRouter.java
Add classpath:	C:\Program Files\Java\jdk-17\openjfx-21.0.7_windows-x64_bin-sdk\javafx-sdk-21.0.7\lib\javafx.base.jar
Add classpath:	C:\Program Files\Java\jdk-17\openjfx-21.0.7_windows-x64_bin-sdk\javafx-sdk-21.0.7\lib\javafx.controls.jar
Add classpath:	C:\Program Files\Java\jdk-17\openjfx-21.0.7_windows-x64_bin-sdk\javafx-sdk-21.0.7\lib\javafx.fxml.jar
Add classpath:	C:\Program Files\Java\jdk-17\openjfx-21.0.7_windows-x64_bin-sdk\javafx-sdk-21.0.7\lib\javafx.graphics.jar
Add classpath:	C:\Program Files\Java\jdk-17\openjfx-21.0.7_windows-x64_bin-sdk\javafx-sdk-21.0.7\lib\javafx.media.jar
Add classpath:	C:\Program Files\Java\jdk-17\openjfx-21.0.7_windows-x64_bin-sdk\javafx-sdk-21.0.7\lib\javafx.properties
Add classpath:	C:\Program Files\Java\jdk-17\openjfx-21.0.7_windows-x64_bin-sdk\javafx-sdk-21.0.7\lib\javafx.swing.jar
Add classpath:	C:\Program Files\Java\jdk-17\openjfx-21.0.7_windows-x64_bin-sdk\javafx-sdk-21.0.7\lib\javafx.web.jar
Add classpath:	C:\Program Files\Java\jdk-17\openjfx-21.0.7_windows-x64_bin-sdk\javafx-sdk-21.0.7\lib\javafx-swt.jar
Launcher:	C:\Program Files\Java\jdk-17\bin\javaw.exe
Launcher args:	-classpath "target\ui-1.0-SNAPSHOT.jar;C:\Program Files\Java\jdk-17\openjfx-21.0.7_windows-x64_bin-sdk\javafx-sdk-21.0.7\lib;C:\Code\chaythue\web-app-share-tipsPhanMinhHieu\fe-pc\ui\src\main\java\com\example\ui\utils\FXRouter.java;C:\Program Files\Java\jdk-17\openjfx-21.0.7_windows-x64_bin-sdk\javafx-sdk-21.0.7\lib\javafx.base.jar;C:\Program Files\Java\jdk-17\openjfx-21.0.7_windows-x64_bin-sdk\javafx-sdk-21.0.7\lib\javafx.controls.jar;C:\Program Files\Java\jdk-17\openjfx-21.0.7_windows-x64_bin-sdk\javafx-sdk-21.0.7\lib\javafx.fxml.jar;C:\Program Files\Java\jdk-17\openjfx-21.0.7_windows-x64_bin-sdk\javafx-sdk-21.0.7\lib\javafx.graphics.jar;C:\Program Files\Java\jdk-17\openjfx-21.0.7_windows-x64_bin-sdk\javafx-sdk-21.0.7\lib\javafx.media.jar;C:\Program Files\Java\jdk-17\openjfx-21.0.7_windows-x64_bin-sdk\javafx-sdk-21.0.7\lib\javafx.properties;C:\Program Files\Java\jdk-17\openjfx-21.0.7_windows-x64_bin-sdk\javafx-sdk-21.0.7\lib\javafx.swing.jar;C:\Program Files\Java\jdk-17\openjfx-21.0.7_windows-x64_bin-sdk\javafx-sdk-21.0.7\lib\javafx.web.jar;C:\Program Files\Java\jdk-17\openjfx-21.0.7_windows-x64_bin-sdk\javafx-sdk-21.0.7\lib\javafx-swt.jar" com.example.ui.Main
Args length:	1179/32768 chars
Exit code:	0


Version:	3.50
CmdLine:	C:\Code\chaythue\web-app-share-tipsPhanMinhHieu\fe-pc\ui\output\LifeTips.exe --l4j-debug
JNI:		No
WOW64:		Yes
Working dir:	C:\Code\chaythue\web-app-share-tipsPhanMinhHieu\fe-pc\ui\output\.
Requires JDK:	Yes
Requires 64-Bit: Yes
Java min ver:	1.017.000
Java max ver:	
Substitute:	JAVA_HOME = C:\Program Files\Java\jdk-17
Substitute:	PATH = c:\Users\nino\AppData\Local\Programs\cursor\resources\app\bin;C:\Program Files\Common Files\Oracle\Java\javapath;C:\WINDOWS\system32;C:\WINDOWS;C:\WINDOWS\System32\Wbem;C:\WINDOWS\System32\WindowsPowerShell\v1.0\;C:\WINDOWS\System32\OpenSSH\;C:\Program Files\dotnet\;C:\Users\nino\AppData\Local\nvm;C:\nvm4w\nodejs;C:\Data\app\Git\cmd;C:\Program Files\Microsoft SQL Server\150\Tools\Binn\;C:\Data\app\dvm\;C:\Data\app\dartsdk-windows-x64-release-3.7.3\dart-sdk\bin;C:\Data\app\dartsdk-windows-x64-release\dart-sdk\bin;C:\Data\app\fvm-3.2.1-windows-x64\fvm\src;C:\Data\app\fvm-3.2.1-windows-x64\fvm;C:\Program Files\Java\jdk-17\bin;C:\Program Files\Java\jdk-17;C:\Program Files\Microsoft SQL Server\Client SDK\ODBC\170\Tools\Binn\;C:\Program Files (x86)\Microsoft SQL Server\160\Tools\Binn\;C:\Program Files\Microsoft SQL Server\160\Tools\Binn\;C:\Program Files\Microsoft SQL Server\160\DTS\Binn\;C:\Program Files (x86)\Microsoft SQL Server\160\DTS\Binn\;C:\Users\nino\AppData\Local\Programs\Python\Python311\Scripts\;C:\User;C:\apache-maven-3.9.10-bin\apache-maven-3.9.10\bin;C:\Program Files (x86)\WiX Toolset v3.11\bin;C:\Users\nino\AppData\Local\Programs\Python\Python311\Scripts\;C:\Users\nino\AppData\Local\Programs\Python\Python311\;C:\Users\nino\AppData\Local\Microsoft\WindowsApps;C:\Users\nino\AppData\Local\Programs\Microsoft VS Code\bin;C:\Users\nino\AppData\Local\nvm;C:\nvm4w\nodejs;C:\Data\app\IntelliJ IDEA 2025.1\bin;C:\Data\app\dvm\;C:\Data\app\IJ\IntelliJ IDEA Community Edition 2025.1\bin;C:\Users\nino\fvm\default\bin;C:\Users\nino\.dotnet\tools;C:\Users\nino\.lmstudio\bin;C:\Users\nino\AppData\Local\Programs\cursor\resources\app\bin;C:\Program Files\Java\jdk-17;C:\Users\nino\.dotnet\tools;C:\Program Files\Java\jdk-17\bin
JRE paths:	C:\Program Files\Java\jdk-17;c:\Users\nino\AppData\Local\Programs\cursor\resources\app\bin;C:\Program Files\Common Files\Oracle\Java\javapath;C:\WINDOWS\system32;C:\WINDOWS;C:\WINDOWS\System32\Wbem;C:\WINDOWS\System32\WindowsPowerShell\v1.0\;C:\WINDOWS\System32\OpenSSH\;C:\Program Files\dotnet\;C:\Users\nino\AppData\Local\nvm;C:\nvm4w\nodejs;C:\Data\app\Git\cmd;C:\Program Files\Microsoft SQL Server\150\Tools\Binn\;C:\Data\app\dvm\;C:\Data\app\dartsdk-windows-x64-release-3.7.3\dart-sdk\bin;C:\Data\app\dartsdk-windows-x64-release\dart-sdk\bin;C:\Data\app\fvm-3.2.1-windows-x64\fvm\src;C:\Data\app\fvm-3.2.1-windows-x64\fvm;C:\Program Files\Java\jdk-17\bin;C:\Program Files\Java\jdk-17;C:\Program Files\Microsoft SQL Server\Client SDK\ODBC\170\Tools\Binn\;C:\Program Files (x86)\Microsoft SQL Server\160\Tools\Binn\;C:\Program Files\Microsoft SQL Server\160\Tools\Binn\;C:\Program Files\Microsoft SQL Server\160\DTS\Binn\;C:\Program Files (x86)\Microsoft SQL Server\160\DTS\Binn\;C:\Users\nino\AppData\Local\Programs\Python\Python311\Scripts\;C:\User;C:\apache-maven-3.9.10-bin\apache-maven-3.9.10\bin;C:\Program Files (x86)\WiX Toolset v3.11\bin;C:\Users\nino\AppData\Local\Programs\Python\Python311\Scripts\;C:\Users\nino\AppData\Local\Programs\Python\Python311\;C:\Users\nino\AppData\Local\Microsoft\WindowsApps;C:\Users\nino\AppData\Local\Programs\Microsoft VS Code\bin;C:\Users\nino\AppData\Local\nvm;C:\nvm4w\nodejs;C:\Data\app\IntelliJ IDEA 2025.1\bin;C:\Data\app\dvm\;C:\Data\app\IJ\IntelliJ IDEA Community Edition 2025.1\bin;C:\Users\nino\fvm\default\bin;C:\Users\nino\.dotnet\tools;C:\Users\nino\.lmstudio\bin;C:\Users\nino\AppData\Local\Programs\cursor\resources\app\bin;C:\Program Files\Java\jdk-17;C:\Users\nino\.dotnet\tools;C:\Program Files\Java\jdk-17\bin
Check launcher:	C:\Program Files\Java\jdk-17\bin\javaw.exe (OK)
Check javac:	C:\Program Files\Java\jdk-17\bin\javac.exe (OK)
Version string: 1.017.000_012 / 64-Bit (OK)
Main class:	com.example.ui.Main
Add classpath:	C:\Program Files\Java\jdk-17\openjfx-21.0.7_windows-x64_bin-sdk\javafx-sdk-21.0.7\lib
Add classpath:	C:\Code\chaythue\web-app-share-tipsPhanMinhHieu\fe-pc\ui\src\main\java\com\example\ui\utils\FXRouter.java
Add classpath:	C:\Program Files\Java\jdk-17\openjfx-21.0.7_windows-x64_bin-sdk\javafx-sdk-21.0.7\lib\javafx.base.jar
Add classpath:	C:\Program Files\Java\jdk-17\openjfx-21.0.7_windows-x64_bin-sdk\javafx-sdk-21.0.7\lib\javafx.controls.jar
Add classpath:	C:\Program Files\Java\jdk-17\openjfx-21.0.7_windows-x64_bin-sdk\javafx-sdk-21.0.7\lib\javafx.fxml.jar
Add classpath:	C:\Program Files\Java\jdk-17\openjfx-21.0.7_windows-x64_bin-sdk\javafx-sdk-21.0.7\lib\javafx.graphics.jar
Add classpath:	C:\Program Files\Java\jdk-17\openjfx-21.0.7_windows-x64_bin-sdk\javafx-sdk-21.0.7\lib\javafx.media.jar
Add classpath:	C:\Program Files\Java\jdk-17\openjfx-21.0.7_windows-x64_bin-sdk\javafx-sdk-21.0.7\lib\javafx.properties
Add classpath:	C:\Program Files\Java\jdk-17\openjfx-21.0.7_windows-x64_bin-sdk\javafx-sdk-21.0.7\lib\javafx.swing.jar
Add classpath:	C:\Program Files\Java\jdk-17\openjfx-21.0.7_windows-x64_bin-sdk\javafx-sdk-21.0.7\lib\javafx.web.jar
Add classpath:	C:\Program Files\Java\jdk-17\openjfx-21.0.7_windows-x64_bin-sdk\javafx-sdk-21.0.7\lib\javafx-swt.jar
Launcher:	C:\Program Files\Java\jdk-17\bin\javaw.exe
Launcher args:	-classpath "target\ui-1.0-SNAPSHOT.jar;C:\Program Files\Java\jdk-17\openjfx-21.0.7_windows-x64_bin-sdk\javafx-sdk-21.0.7\lib;C:\Code\chaythue\web-app-share-tipsPhanMinhHieu\fe-pc\ui\src\main\java\com\example\ui\utils\FXRouter.java;C:\Program Files\Java\jdk-17\openjfx-21.0.7_windows-x64_bin-sdk\javafx-sdk-21.0.7\lib\javafx.base.jar;C:\Program Files\Java\jdk-17\openjfx-21.0.7_windows-x64_bin-sdk\javafx-sdk-21.0.7\lib\javafx.controls.jar;C:\Program Files\Java\jdk-17\openjfx-21.0.7_windows-x64_bin-sdk\javafx-sdk-21.0.7\lib\javafx.fxml.jar;C:\Program Files\Java\jdk-17\openjfx-21.0.7_windows-x64_bin-sdk\javafx-sdk-21.0.7\lib\javafx.graphics.jar;C:\Program Files\Java\jdk-17\openjfx-21.0.7_windows-x64_bin-sdk\javafx-sdk-21.0.7\lib\javafx.media.jar;C:\Program Files\Java\jdk-17\openjfx-21.0.7_windows-x64_bin-sdk\javafx-sdk-21.0.7\lib\javafx.properties;C:\Program Files\Java\jdk-17\openjfx-21.0.7_windows-x64_bin-sdk\javafx-sdk-21.0.7\lib\javafx.swing.jar;C:\Program Files\Java\jdk-17\openjfx-21.0.7_windows-x64_bin-sdk\javafx-sdk-21.0.7\lib\javafx.web.jar;C:\Program Files\Java\jdk-17\openjfx-21.0.7_windows-x64_bin-sdk\javafx-sdk-21.0.7\lib\javafx-swt.jar" com.example.ui.Main
Args length:	1179/32768 chars
Exit code:	0


Version:	3.50
CmdLine:	C:\Code\chaythue\web-app-share-tipsPhanMinhHieu\fe-pc\ui\output\LifeTips.exe --l4j-debug
JNI:		No
WOW64:		Yes
Working dir:	C:\Code\chaythue\web-app-share-tipsPhanMinhHieu\fe-pc\ui\output\.
Requires JDK:	Yes
Requires 64-Bit: Yes
Java min ver:	1.017.000
Java max ver:	
Substitute:	JAVA_HOME = C:\Program Files\Java\jdk-17
Substitute:	PATH = c:\Users\nino\AppData\Local\Programs\cursor\resources\app\bin;C:\Program Files\Common Files\Oracle\Java\javapath;C:\WINDOWS\system32;C:\WINDOWS;C:\WINDOWS\System32\Wbem;C:\WINDOWS\System32\WindowsPowerShell\v1.0\;C:\WINDOWS\System32\OpenSSH\;C:\Program Files\dotnet\;C:\Users\nino\AppData\Local\nvm;C:\nvm4w\nodejs;C:\Data\app\Git\cmd;C:\Program Files\Microsoft SQL Server\150\Tools\Binn\;C:\Data\app\dvm\;C:\Data\app\dartsdk-windows-x64-release-3.7.3\dart-sdk\bin;C:\Data\app\dartsdk-windows-x64-release\dart-sdk\bin;C:\Data\app\fvm-3.2.1-windows-x64\fvm\src;C:\Data\app\fvm-3.2.1-windows-x64\fvm;C:\Program Files\Java\jdk-17\bin;C:\Program Files\Java\jdk-17;C:\Program Files\Microsoft SQL Server\Client SDK\ODBC\170\Tools\Binn\;C:\Program Files (x86)\Microsoft SQL Server\160\Tools\Binn\;C:\Program Files\Microsoft SQL Server\160\Tools\Binn\;C:\Program Files\Microsoft SQL Server\160\DTS\Binn\;C:\Program Files (x86)\Microsoft SQL Server\160\DTS\Binn\;C:\Users\nino\AppData\Local\Programs\Python\Python311\Scripts\;C:\User;C:\apache-maven-3.9.10-bin\apache-maven-3.9.10\bin;C:\Program Files (x86)\WiX Toolset v3.11\bin;C:\Users\nino\AppData\Local\Programs\Python\Python311\Scripts\;C:\Users\nino\AppData\Local\Programs\Python\Python311\;C:\Users\nino\AppData\Local\Microsoft\WindowsApps;C:\Users\nino\AppData\Local\Programs\Microsoft VS Code\bin;C:\Users\nino\AppData\Local\nvm;C:\nvm4w\nodejs;C:\Data\app\IntelliJ IDEA 2025.1\bin;C:\Data\app\dvm\;C:\Data\app\IJ\IntelliJ IDEA Community Edition 2025.1\bin;C:\Users\nino\fvm\default\bin;C:\Users\nino\.dotnet\tools;C:\Users\nino\.lmstudio\bin;C:\Users\nino\AppData\Local\Programs\cursor\resources\app\bin;C:\Program Files\Java\jdk-17;C:\Users\nino\.dotnet\tools;C:\Program Files\Java\jdk-17\bin
JRE paths:	C:\Program Files\Java\jdk-17;c:\Users\nino\AppData\Local\Programs\cursor\resources\app\bin;C:\Program Files\Common Files\Oracle\Java\javapath;C:\WINDOWS\system32;C:\WINDOWS;C:\WINDOWS\System32\Wbem;C:\WINDOWS\System32\WindowsPowerShell\v1.0\;C:\WINDOWS\System32\OpenSSH\;C:\Program Files\dotnet\;C:\Users\nino\AppData\Local\nvm;C:\nvm4w\nodejs;C:\Data\app\Git\cmd;C:\Program Files\Microsoft SQL Server\150\Tools\Binn\;C:\Data\app\dvm\;C:\Data\app\dartsdk-windows-x64-release-3.7.3\dart-sdk\bin;C:\Data\app\dartsdk-windows-x64-release\dart-sdk\bin;C:\Data\app\fvm-3.2.1-windows-x64\fvm\src;C:\Data\app\fvm-3.2.1-windows-x64\fvm;C:\Program Files\Java\jdk-17\bin;C:\Program Files\Java\jdk-17;C:\Program Files\Microsoft SQL Server\Client SDK\ODBC\170\Tools\Binn\;C:\Program Files (x86)\Microsoft SQL Server\160\Tools\Binn\;C:\Program Files\Microsoft SQL Server\160\Tools\Binn\;C:\Program Files\Microsoft SQL Server\160\DTS\Binn\;C:\Program Files (x86)\Microsoft SQL Server\160\DTS\Binn\;C:\Users\nino\AppData\Local\Programs\Python\Python311\Scripts\;C:\User;C:\apache-maven-3.9.10-bin\apache-maven-3.9.10\bin;C:\Program Files (x86)\WiX Toolset v3.11\bin;C:\Users\nino\AppData\Local\Programs\Python\Python311\Scripts\;C:\Users\nino\AppData\Local\Programs\Python\Python311\;C:\Users\nino\AppData\Local\Microsoft\WindowsApps;C:\Users\nino\AppData\Local\Programs\Microsoft VS Code\bin;C:\Users\nino\AppData\Local\nvm;C:\nvm4w\nodejs;C:\Data\app\IntelliJ IDEA 2025.1\bin;C:\Data\app\dvm\;C:\Data\app\IJ\IntelliJ IDEA Community Edition 2025.1\bin;C:\Users\nino\fvm\default\bin;C:\Users\nino\.dotnet\tools;C:\Users\nino\.lmstudio\bin;C:\Users\nino\AppData\Local\Programs\cursor\resources\app\bin;C:\Program Files\Java\jdk-17;C:\Users\nino\.dotnet\tools;C:\Program Files\Java\jdk-17\bin
Check launcher:	C:\Program Files\Java\jdk-17\bin\javaw.exe (OK)
Check javac:	C:\Program Files\Java\jdk-17\bin\javac.exe (OK)
Version string: 1.017.000_012 / 64-Bit (OK)
Main class:	com.example.ui.Main
Add classpath:	C:\Program Files\Java\jdk-17\openjfx-21.0.7_windows-x64_bin-sdk\javafx-sdk-21.0.7\lib
Add classpath:	C:\Code\chaythue\web-app-share-tipsPhanMinhHieu\fe-pc\ui\src\main\java\com\example\ui\utils\FXRouter.java
Add classpath:	C:\Program Files\Java\jdk-17\openjfx-21.0.7_windows-x64_bin-sdk\javafx-sdk-21.0.7\lib\javafx.base.jar
Add classpath:	C:\Program Files\Java\jdk-17\openjfx-21.0.7_windows-x64_bin-sdk\javafx-sdk-21.0.7\lib\javafx.controls.jar
Add classpath:	C:\Program Files\Java\jdk-17\openjfx-21.0.7_windows-x64_bin-sdk\javafx-sdk-21.0.7\lib\javafx.fxml.jar
Add classpath:	C:\Program Files\Java\jdk-17\openjfx-21.0.7_windows-x64_bin-sdk\javafx-sdk-21.0.7\lib\javafx.graphics.jar
Add classpath:	C:\Program Files\Java\jdk-17\openjfx-21.0.7_windows-x64_bin-sdk\javafx-sdk-21.0.7\lib\javafx.media.jar
Add classpath:	C:\Program Files\Java\jdk-17\openjfx-21.0.7_windows-x64_bin-sdk\javafx-sdk-21.0.7\lib\javafx.properties
Add classpath:	C:\Program Files\Java\jdk-17\openjfx-21.0.7_windows-x64_bin-sdk\javafx-sdk-21.0.7\lib\javafx.swing.jar
Add classpath:	C:\Program Files\Java\jdk-17\openjfx-21.0.7_windows-x64_bin-sdk\javafx-sdk-21.0.7\lib\javafx.web.jar
Add classpath:	C:\Program Files\Java\jdk-17\openjfx-21.0.7_windows-x64_bin-sdk\javafx-sdk-21.0.7\lib\javafx-swt.jar
Launcher:	C:\Program Files\Java\jdk-17\bin\javaw.exe
Launcher args:	-classpath "target\ui-1.0-SNAPSHOT.jar;C:\Program Files\Java\jdk-17\openjfx-21.0.7_windows-x64_bin-sdk\javafx-sdk-21.0.7\lib;C:\Code\chaythue\web-app-share-tipsPhanMinhHieu\fe-pc\ui\src\main\java\com\example\ui\utils\FXRouter.java;C:\Program Files\Java\jdk-17\openjfx-21.0.7_windows-x64_bin-sdk\javafx-sdk-21.0.7\lib\javafx.base.jar;C:\Program Files\Java\jdk-17\openjfx-21.0.7_windows-x64_bin-sdk\javafx-sdk-21.0.7\lib\javafx.controls.jar;C:\Program Files\Java\jdk-17\openjfx-21.0.7_windows-x64_bin-sdk\javafx-sdk-21.0.7\lib\javafx.fxml.jar;C:\Program Files\Java\jdk-17\openjfx-21.0.7_windows-x64_bin-sdk\javafx-sdk-21.0.7\lib\javafx.graphics.jar;C:\Program Files\Java\jdk-17\openjfx-21.0.7_windows-x64_bin-sdk\javafx-sdk-21.0.7\lib\javafx.media.jar;C:\Program Files\Java\jdk-17\openjfx-21.0.7_windows-x64_bin-sdk\javafx-sdk-21.0.7\lib\javafx.properties;C:\Program Files\Java\jdk-17\openjfx-21.0.7_windows-x64_bin-sdk\javafx-sdk-21.0.7\lib\javafx.swing.jar;C:\Program Files\Java\jdk-17\openjfx-21.0.7_windows-x64_bin-sdk\javafx-sdk-21.0.7\lib\javafx.web.jar;C:\Program Files\Java\jdk-17\openjfx-21.0.7_windows-x64_bin-sdk\javafx-sdk-21.0.7\lib\javafx-swt.jar" com.example.ui.Main
Args length:	1179/32768 chars
Exit code:	0


Version:	3.50
CmdLine:	C:\Code\chaythue\web-app-share-tipsPhanMinhHieu\fe-pc\ui\output\LifeTips.exe --l4j-debug
JNI:		No
WOW64:		Yes
Working dir:	C:\Code\chaythue\web-app-share-tipsPhanMinhHieu\fe-pc\ui\output\.
Requires JDK:	Yes
Requires 64-Bit: Yes
Java min ver:	1.017.000
Java max ver:	
Substitute:	JAVA_HOME = C:\Program Files\Java\jdk-17
Substitute:	PATH = c:\Users\nino\AppData\Local\Programs\cursor\resources\app\bin;C:\Program Files\Common Files\Oracle\Java\javapath;C:\WINDOWS\system32;C:\WINDOWS;C:\WINDOWS\System32\Wbem;C:\WINDOWS\System32\WindowsPowerShell\v1.0\;C:\WINDOWS\System32\OpenSSH\;C:\Program Files\dotnet\;C:\Users\nino\AppData\Local\nvm;C:\nvm4w\nodejs;C:\Data\app\Git\cmd;C:\Program Files\Microsoft SQL Server\150\Tools\Binn\;C:\Data\app\dvm\;C:\Data\app\dartsdk-windows-x64-release-3.7.3\dart-sdk\bin;C:\Data\app\dartsdk-windows-x64-release\dart-sdk\bin;C:\Data\app\fvm-3.2.1-windows-x64\fvm\src;C:\Data\app\fvm-3.2.1-windows-x64\fvm;C:\Program Files\Java\jdk-17\bin;C:\Program Files\Java\jdk-17;C:\Program Files\Microsoft SQL Server\Client SDK\ODBC\170\Tools\Binn\;C:\Program Files (x86)\Microsoft SQL Server\160\Tools\Binn\;C:\Program Files\Microsoft SQL Server\160\Tools\Binn\;C:\Program Files\Microsoft SQL Server\160\DTS\Binn\;C:\Program Files (x86)\Microsoft SQL Server\160\DTS\Binn\;C:\Users\nino\AppData\Local\Programs\Python\Python311\Scripts\;C:\User;C:\apache-maven-3.9.10-bin\apache-maven-3.9.10\bin;C:\Program Files (x86)\WiX Toolset v3.11\bin;C:\Users\nino\AppData\Local\Programs\Python\Python311\Scripts\;C:\Users\nino\AppData\Local\Programs\Python\Python311\;C:\Users\nino\AppData\Local\Microsoft\WindowsApps;C:\Users\nino\AppData\Local\Programs\Microsoft VS Code\bin;C:\Users\nino\AppData\Local\nvm;C:\nvm4w\nodejs;C:\Data\app\IntelliJ IDEA 2025.1\bin;C:\Data\app\dvm\;C:\Data\app\IJ\IntelliJ IDEA Community Edition 2025.1\bin;C:\Users\nino\fvm\default\bin;C:\Users\nino\.dotnet\tools;C:\Users\nino\.lmstudio\bin;C:\Users\nino\AppData\Local\Programs\cursor\resources\app\bin;C:\Program Files\Java\jdk-17;C:\Users\nino\.dotnet\tools;C:\Program Files\Java\jdk-17\bin
JRE paths:	C:\Program Files\Java\jdk-17;c:\Users\nino\AppData\Local\Programs\cursor\resources\app\bin;C:\Program Files\Common Files\Oracle\Java\javapath;C:\WINDOWS\system32;C:\WINDOWS;C:\WINDOWS\System32\Wbem;C:\WINDOWS\System32\WindowsPowerShell\v1.0\;C:\WINDOWS\System32\OpenSSH\;C:\Program Files\dotnet\;C:\Users\nino\AppData\Local\nvm;C:\nvm4w\nodejs;C:\Data\app\Git\cmd;C:\Program Files\Microsoft SQL Server\150\Tools\Binn\;C:\Data\app\dvm\;C:\Data\app\dartsdk-windows-x64-release-3.7.3\dart-sdk\bin;C:\Data\app\dartsdk-windows-x64-release\dart-sdk\bin;C:\Data\app\fvm-3.2.1-windows-x64\fvm\src;C:\Data\app\fvm-3.2.1-windows-x64\fvm;C:\Program Files\Java\jdk-17\bin;C:\Program Files\Java\jdk-17;C:\Program Files\Microsoft SQL Server\Client SDK\ODBC\170\Tools\Binn\;C:\Program Files (x86)\Microsoft SQL Server\160\Tools\Binn\;C:\Program Files\Microsoft SQL Server\160\Tools\Binn\;C:\Program Files\Microsoft SQL Server\160\DTS\Binn\;C:\Program Files (x86)\Microsoft SQL Server\160\DTS\Binn\;C:\Users\nino\AppData\Local\Programs\Python\Python311\Scripts\;C:\User;C:\apache-maven-3.9.10-bin\apache-maven-3.9.10\bin;C:\Program Files (x86)\WiX Toolset v3.11\bin;C:\Users\nino\AppData\Local\Programs\Python\Python311\Scripts\;C:\Users\nino\AppData\Local\Programs\Python\Python311\;C:\Users\nino\AppData\Local\Microsoft\WindowsApps;C:\Users\nino\AppData\Local\Programs\Microsoft VS Code\bin;C:\Users\nino\AppData\Local\nvm;C:\nvm4w\nodejs;C:\Data\app\IntelliJ IDEA 2025.1\bin;C:\Data\app\dvm\;C:\Data\app\IJ\IntelliJ IDEA Community Edition 2025.1\bin;C:\Users\nino\fvm\default\bin;C:\Users\nino\.dotnet\tools;C:\Users\nino\.lmstudio\bin;C:\Users\nino\AppData\Local\Programs\cursor\resources\app\bin;C:\Program Files\Java\jdk-17;C:\Users\nino\.dotnet\tools;C:\Program Files\Java\jdk-17\bin
Check launcher:	C:\Program Files\Java\jdk-17\bin\javaw.exe (OK)
Check javac:	C:\Program Files\Java\jdk-17\bin\javac.exe (OK)
Version string: 1.017.000_012 / 64-Bit (OK)
Main class:	com.example.ui.Main
Add classpath:	C:\Program Files\Java\jdk-17\openjfx-21.0.7_windows-x64_bin-sdk\javafx-sdk-21.0.7\lib
Add classpath:	C:\Code\chaythue\web-app-share-tipsPhanMinhHieu\fe-pc\ui\src\main\java\com\example\ui\utils\FXRouter.java
Add classpath:	C:\Program Files\Java\jdk-17\openjfx-21.0.7_windows-x64_bin-sdk\javafx-sdk-21.0.7\lib\javafx.base.jar
Add classpath:	C:\Program Files\Java\jdk-17\openjfx-21.0.7_windows-x64_bin-sdk\javafx-sdk-21.0.7\lib\javafx.controls.jar
Add classpath:	C:\Program Files\Java\jdk-17\openjfx-21.0.7_windows-x64_bin-sdk\javafx-sdk-21.0.7\lib\javafx.fxml.jar
Add classpath:	C:\Program Files\Java\jdk-17\openjfx-21.0.7_windows-x64_bin-sdk\javafx-sdk-21.0.7\lib\javafx.graphics.jar
Add classpath:	C:\Program Files\Java\jdk-17\openjfx-21.0.7_windows-x64_bin-sdk\javafx-sdk-21.0.7\lib\javafx.media.jar
Add classpath:	C:\Program Files\Java\jdk-17\openjfx-21.0.7_windows-x64_bin-sdk\javafx-sdk-21.0.7\lib\javafx.properties
Add classpath:	C:\Program Files\Java\jdk-17\openjfx-21.0.7_windows-x64_bin-sdk\javafx-sdk-21.0.7\lib\javafx.swing.jar
Add classpath:	C:\Program Files\Java\jdk-17\openjfx-21.0.7_windows-x64_bin-sdk\javafx-sdk-21.0.7\lib\javafx.web.jar
Add classpath:	C:\Program Files\Java\jdk-17\openjfx-21.0.7_windows-x64_bin-sdk\javafx-sdk-21.0.7\lib\javafx-swt.jar
Launcher:	C:\Program Files\Java\jdk-17\bin\javaw.exe
Launcher args:	-classpath "target\ui-1.0-SNAPSHOT.jar;C:\Program Files\Java\jdk-17\openjfx-21.0.7_windows-x64_bin-sdk\javafx-sdk-21.0.7\lib;C:\Code\chaythue\web-app-share-tipsPhanMinhHieu\fe-pc\ui\src\main\java\com\example\ui\utils\FXRouter.java;C:\Program Files\Java\jdk-17\openjfx-21.0.7_windows-x64_bin-sdk\javafx-sdk-21.0.7\lib\javafx.base.jar;C:\Program Files\Java\jdk-17\openjfx-21.0.7_windows-x64_bin-sdk\javafx-sdk-21.0.7\lib\javafx.controls.jar;C:\Program Files\Java\jdk-17\openjfx-21.0.7_windows-x64_bin-sdk\javafx-sdk-21.0.7\lib\javafx.fxml.jar;C:\Program Files\Java\jdk-17\openjfx-21.0.7_windows-x64_bin-sdk\javafx-sdk-21.0.7\lib\javafx.graphics.jar;C:\Program Files\Java\jdk-17\openjfx-21.0.7_windows-x64_bin-sdk\javafx-sdk-21.0.7\lib\javafx.media.jar;C:\Program Files\Java\jdk-17\openjfx-21.0.7_windows-x64_bin-sdk\javafx-sdk-21.0.7\lib\javafx.properties;C:\Program Files\Java\jdk-17\openjfx-21.0.7_windows-x64_bin-sdk\javafx-sdk-21.0.7\lib\javafx.swing.jar;C:\Program Files\Java\jdk-17\openjfx-21.0.7_windows-x64_bin-sdk\javafx-sdk-21.0.7\lib\javafx.web.jar;C:\Program Files\Java\jdk-17\openjfx-21.0.7_windows-x64_bin-sdk\javafx-sdk-21.0.7\lib\javafx-swt.jar" com.example.ui.Main
Args length:	1179/32768 chars
Exit code:	0


Version:	3.50
CmdLine:	C:\Code\chaythue\web-app-share-tipsPhanMinhHieu\fe-pc\ui\output\LifeTips.exe --l4j-debug
JNI:		No
WOW64:		Yes
Working dir:	C:\Code\chaythue\web-app-share-tipsPhanMinhHieu\fe-pc\ui\output\.
Requires JDK:	Yes
Requires 64-Bit: Yes
Java min ver:	1.017.000
Java max ver:	
Substitute:	JAVA_HOME = C:\Program Files\Java\jdk-17
Substitute:	PATH = c:\Users\nino\AppData\Local\Programs\cursor\resources\app\bin;C:\Program Files\Common Files\Oracle\Java\javapath;C:\WINDOWS\system32;C:\WINDOWS;C:\WINDOWS\System32\Wbem;C:\WINDOWS\System32\WindowsPowerShell\v1.0\;C:\WINDOWS\System32\OpenSSH\;C:\Program Files\dotnet\;C:\Users\nino\AppData\Local\nvm;C:\nvm4w\nodejs;C:\Data\app\Git\cmd;C:\Program Files\Microsoft SQL Server\150\Tools\Binn\;C:\Data\app\dvm\;C:\Data\app\dartsdk-windows-x64-release-3.7.3\dart-sdk\bin;C:\Data\app\dartsdk-windows-x64-release\dart-sdk\bin;C:\Data\app\fvm-3.2.1-windows-x64\fvm\src;C:\Data\app\fvm-3.2.1-windows-x64\fvm;C:\Program Files\Java\jdk-17\bin;C:\Program Files\Java\jdk-17;C:\Program Files\Microsoft SQL Server\Client SDK\ODBC\170\Tools\Binn\;C:\Program Files (x86)\Microsoft SQL Server\160\Tools\Binn\;C:\Program Files\Microsoft SQL Server\160\Tools\Binn\;C:\Program Files\Microsoft SQL Server\160\DTS\Binn\;C:\Program Files (x86)\Microsoft SQL Server\160\DTS\Binn\;C:\Users\nino\AppData\Local\Programs\Python\Python311\Scripts\;C:\User;C:\apache-maven-3.9.10-bin\apache-maven-3.9.10\bin;C:\Program Files (x86)\WiX Toolset v3.11\bin;C:\Users\nino\AppData\Local\Programs\Python\Python311\Scripts\;C:\Users\nino\AppData\Local\Programs\Python\Python311\;C:\Users\nino\AppData\Local\Microsoft\WindowsApps;C:\Users\nino\AppData\Local\Programs\Microsoft VS Code\bin;C:\Users\nino\AppData\Local\nvm;C:\nvm4w\nodejs;C:\Data\app\IntelliJ IDEA 2025.1\bin;C:\Data\app\dvm\;C:\Data\app\IJ\IntelliJ IDEA Community Edition 2025.1\bin;C:\Users\nino\fvm\default\bin;C:\Users\nino\.dotnet\tools;C:\Users\nino\.lmstudio\bin;C:\Users\nino\AppData\Local\Programs\cursor\resources\app\bin;C:\Program Files\Java\jdk-17;C:\Users\nino\.dotnet\tools;C:\Program Files\Java\jdk-17\bin
JRE paths:	C:\Program Files\Java\jdk-17;c:\Users\nino\AppData\Local\Programs\cursor\resources\app\bin;C:\Program Files\Common Files\Oracle\Java\javapath;C:\WINDOWS\system32;C:\WINDOWS;C:\WINDOWS\System32\Wbem;C:\WINDOWS\System32\WindowsPowerShell\v1.0\;C:\WINDOWS\System32\OpenSSH\;C:\Program Files\dotnet\;C:\Users\nino\AppData\Local\nvm;C:\nvm4w\nodejs;C:\Data\app\Git\cmd;C:\Program Files\Microsoft SQL Server\150\Tools\Binn\;C:\Data\app\dvm\;C:\Data\app\dartsdk-windows-x64-release-3.7.3\dart-sdk\bin;C:\Data\app\dartsdk-windows-x64-release\dart-sdk\bin;C:\Data\app\fvm-3.2.1-windows-x64\fvm\src;C:\Data\app\fvm-3.2.1-windows-x64\fvm;C:\Program Files\Java\jdk-17\bin;C:\Program Files\Java\jdk-17;C:\Program Files\Microsoft SQL Server\Client SDK\ODBC\170\Tools\Binn\;C:\Program Files (x86)\Microsoft SQL Server\160\Tools\Binn\;C:\Program Files\Microsoft SQL Server\160\Tools\Binn\;C:\Program Files\Microsoft SQL Server\160\DTS\Binn\;C:\Program Files (x86)\Microsoft SQL Server\160\DTS\Binn\;C:\Users\nino\AppData\Local\Programs\Python\Python311\Scripts\;C:\User;C:\apache-maven-3.9.10-bin\apache-maven-3.9.10\bin;C:\Program Files (x86)\WiX Toolset v3.11\bin;C:\Users\nino\AppData\Local\Programs\Python\Python311\Scripts\;C:\Users\nino\AppData\Local\Programs\Python\Python311\;C:\Users\nino\AppData\Local\Microsoft\WindowsApps;C:\Users\nino\AppData\Local\Programs\Microsoft VS Code\bin;C:\Users\nino\AppData\Local\nvm;C:\nvm4w\nodejs;C:\Data\app\IntelliJ IDEA 2025.1\bin;C:\Data\app\dvm\;C:\Data\app\IJ\IntelliJ IDEA Community Edition 2025.1\bin;C:\Users\nino\fvm\default\bin;C:\Users\nino\.dotnet\tools;C:\Users\nino\.lmstudio\bin;C:\Users\nino\AppData\Local\Programs\cursor\resources\app\bin;C:\Program Files\Java\jdk-17;C:\Users\nino\.dotnet\tools;C:\Program Files\Java\jdk-17\bin
Check launcher:	C:\Program Files\Java\jdk-17\bin\javaw.exe (OK)
Check javac:	C:\Program Files\Java\jdk-17\bin\javac.exe (OK)
Version string: 1.017.000_012 / 64-Bit (OK)
Main class:	com.example.ui.Main
Add classpath:	C:\Program Files\Java\jdk-17\openjfx-21.0.7_windows-x64_bin-sdk\javafx-sdk-21.0.7\lib
Add classpath:	C:\Code\chaythue\web-app-share-tipsPhanMinhHieu\fe-pc\ui\src\main\java\com\example\ui\utils\FXRouter.java
Add classpath:	C:\Program Files\Java\jdk-17\openjfx-21.0.7_windows-x64_bin-sdk\javafx-sdk-21.0.7\lib\javafx.base.jar
Add classpath:	C:\Program Files\Java\jdk-17\openjfx-21.0.7_windows-x64_bin-sdk\javafx-sdk-21.0.7\lib\javafx.controls.jar
Add classpath:	C:\Program Files\Java\jdk-17\openjfx-21.0.7_windows-x64_bin-sdk\javafx-sdk-21.0.7\lib\javafx.fxml.jar
Add classpath:	C:\Program Files\Java\jdk-17\openjfx-21.0.7_windows-x64_bin-sdk\javafx-sdk-21.0.7\lib\javafx.graphics.jar
Add classpath:	C:\Program Files\Java\jdk-17\openjfx-21.0.7_windows-x64_bin-sdk\javafx-sdk-21.0.7\lib\javafx.media.jar
Add classpath:	C:\Program Files\Java\jdk-17\openjfx-21.0.7_windows-x64_bin-sdk\javafx-sdk-21.0.7\lib\javafx.properties
Add classpath:	C:\Program Files\Java\jdk-17\openjfx-21.0.7_windows-x64_bin-sdk\javafx-sdk-21.0.7\lib\javafx.swing.jar
Add classpath:	C:\Program Files\Java\jdk-17\openjfx-21.0.7_windows-x64_bin-sdk\javafx-sdk-21.0.7\lib\javafx.web.jar
Add classpath:	C:\Program Files\Java\jdk-17\openjfx-21.0.7_windows-x64_bin-sdk\javafx-sdk-21.0.7\lib\javafx-swt.jar
Launcher:	C:\Program Files\Java\jdk-17\bin\javaw.exe
Launcher args:	-classpath "target\ui-1.0-SNAPSHOT.jar;C:\Program Files\Java\jdk-17\openjfx-21.0.7_windows-x64_bin-sdk\javafx-sdk-21.0.7\lib;C:\Code\chaythue\web-app-share-tipsPhanMinhHieu\fe-pc\ui\src\main\java\com\example\ui\utils\FXRouter.java;C:\Program Files\Java\jdk-17\openjfx-21.0.7_windows-x64_bin-sdk\javafx-sdk-21.0.7\lib\javafx.base.jar;C:\Program Files\Java\jdk-17\openjfx-21.0.7_windows-x64_bin-sdk\javafx-sdk-21.0.7\lib\javafx.controls.jar;C:\Program Files\Java\jdk-17\openjfx-21.0.7_windows-x64_bin-sdk\javafx-sdk-21.0.7\lib\javafx.fxml.jar;C:\Program Files\Java\jdk-17\openjfx-21.0.7_windows-x64_bin-sdk\javafx-sdk-21.0.7\lib\javafx.graphics.jar;C:\Program Files\Java\jdk-17\openjfx-21.0.7_windows-x64_bin-sdk\javafx-sdk-21.0.7\lib\javafx.media.jar;C:\Program Files\Java\jdk-17\openjfx-21.0.7_windows-x64_bin-sdk\javafx-sdk-21.0.7\lib\javafx.properties;C:\Program Files\Java\jdk-17\openjfx-21.0.7_windows-x64_bin-sdk\javafx-sdk-21.0.7\lib\javafx.swing.jar;C:\Program Files\Java\jdk-17\openjfx-21.0.7_windows-x64_bin-sdk\javafx-sdk-21.0.7\lib\javafx.web.jar;C:\Program Files\Java\jdk-17\openjfx-21.0.7_windows-x64_bin-sdk\javafx-sdk-21.0.7\lib\javafx-swt.jar" com.example.ui.Main
Args length:	1179/32768 chars
Exit code:	0


Version:	3.50
CmdLine:	C:\Code\chaythue\web-app-share-tipsPhanMinhHieu\fe-pc\ui\output\LifeTips.exe --l4j-debug
JNI:		No
WOW64:		Yes
Working dir:	C:\Code\chaythue\web-app-share-tipsPhanMinhHieu\fe-pc\ui\output\.
Requires JDK:	Yes
Requires 64-Bit: Yes
Java min ver:	1.017.000
Java max ver:	
Substitute:	JAVA_HOME = C:\Program Files\Java\jdk-17
Substitute:	PATH = c:\Users\nino\AppData\Local\Programs\cursor\resources\app\bin;C:\Program Files\Common Files\Oracle\Java\javapath;C:\WINDOWS\system32;C:\WINDOWS;C:\WINDOWS\System32\Wbem;C:\WINDOWS\System32\WindowsPowerShell\v1.0\;C:\WINDOWS\System32\OpenSSH\;C:\Program Files\dotnet\;C:\Users\nino\AppData\Local\nvm;C:\nvm4w\nodejs;C:\Data\app\Git\cmd;C:\Program Files\Microsoft SQL Server\150\Tools\Binn\;C:\Data\app\dvm\;C:\Data\app\dartsdk-windows-x64-release-3.7.3\dart-sdk\bin;C:\Data\app\dartsdk-windows-x64-release\dart-sdk\bin;C:\Data\app\fvm-3.2.1-windows-x64\fvm\src;C:\Data\app\fvm-3.2.1-windows-x64\fvm;C:\Program Files\Java\jdk-17\bin;C:\Program Files\Java\jdk-17;C:\Program Files\Microsoft SQL Server\Client SDK\ODBC\170\Tools\Binn\;C:\Program Files (x86)\Microsoft SQL Server\160\Tools\Binn\;C:\Program Files\Microsoft SQL Server\160\Tools\Binn\;C:\Program Files\Microsoft SQL Server\160\DTS\Binn\;C:\Program Files (x86)\Microsoft SQL Server\160\DTS\Binn\;C:\Users\nino\AppData\Local\Programs\Python\Python311\Scripts\;C:\User;C:\apache-maven-3.9.10-bin\apache-maven-3.9.10\bin;C:\Program Files (x86)\WiX Toolset v3.11\bin;C:\Users\nino\AppData\Local\Programs\Python\Python311\Scripts\;C:\Users\nino\AppData\Local\Programs\Python\Python311\;C:\Users\nino\AppData\Local\Microsoft\WindowsApps;C:\Users\nino\AppData\Local\Programs\Microsoft VS Code\bin;C:\Users\nino\AppData\Local\nvm;C:\nvm4w\nodejs;C:\Data\app\IntelliJ IDEA 2025.1\bin;C:\Data\app\dvm\;C:\Data\app\IJ\IntelliJ IDEA Community Edition 2025.1\bin;C:\Users\nino\fvm\default\bin;C:\Users\nino\.dotnet\tools;C:\Users\nino\.lmstudio\bin;C:\Users\nino\AppData\Local\Programs\cursor\resources\app\bin;C:\Program Files\Java\jdk-17;C:\Users\nino\.dotnet\tools;C:\Program Files\Java\jdk-17\bin
JRE paths:	C:\Program Files\Java\jdk-17;c:\Users\nino\AppData\Local\Programs\cursor\resources\app\bin;C:\Program Files\Common Files\Oracle\Java\javapath;C:\WINDOWS\system32;C:\WINDOWS;C:\WINDOWS\System32\Wbem;C:\WINDOWS\System32\WindowsPowerShell\v1.0\;C:\WINDOWS\System32\OpenSSH\;C:\Program Files\dotnet\;C:\Users\nino\AppData\Local\nvm;C:\nvm4w\nodejs;C:\Data\app\Git\cmd;C:\Program Files\Microsoft SQL Server\150\Tools\Binn\;C:\Data\app\dvm\;C:\Data\app\dartsdk-windows-x64-release-3.7.3\dart-sdk\bin;C:\Data\app\dartsdk-windows-x64-release\dart-sdk\bin;C:\Data\app\fvm-3.2.1-windows-x64\fvm\src;C:\Data\app\fvm-3.2.1-windows-x64\fvm;C:\Program Files\Java\jdk-17\bin;C:\Program Files\Java\jdk-17;C:\Program Files\Microsoft SQL Server\Client SDK\ODBC\170\Tools\Binn\;C:\Program Files (x86)\Microsoft SQL Server\160\Tools\Binn\;C:\Program Files\Microsoft SQL Server\160\Tools\Binn\;C:\Program Files\Microsoft SQL Server\160\DTS\Binn\;C:\Program Files (x86)\Microsoft SQL Server\160\DTS\Binn\;C:\Users\nino\AppData\Local\Programs\Python\Python311\Scripts\;C:\User;C:\apache-maven-3.9.10-bin\apache-maven-3.9.10\bin;C:\Program Files (x86)\WiX Toolset v3.11\bin;C:\Users\nino\AppData\Local\Programs\Python\Python311\Scripts\;C:\Users\nino\AppData\Local\Programs\Python\Python311\;C:\Users\nino\AppData\Local\Microsoft\WindowsApps;C:\Users\nino\AppData\Local\Programs\Microsoft VS Code\bin;C:\Users\nino\AppData\Local\nvm;C:\nvm4w\nodejs;C:\Data\app\IntelliJ IDEA 2025.1\bin;C:\Data\app\dvm\;C:\Data\app\IJ\IntelliJ IDEA Community Edition 2025.1\bin;C:\Users\nino\fvm\default\bin;C:\Users\nino\.dotnet\tools;C:\Users\nino\.lmstudio\bin;C:\Users\nino\AppData\Local\Programs\cursor\resources\app\bin;C:\Program Files\Java\jdk-17;C:\Users\nino\.dotnet\tools;C:\Program Files\Java\jdk-17\bin
Check launcher:	C:\Program Files\Java\jdk-17\bin\javaw.exe (OK)
Check javac:	C:\Program Files\Java\jdk-17\bin\javac.exe (OK)
Version string: 1.017.000_012 / 64-Bit (OK)
Main class:	com.example.ui.Main
Add classpath:	C:\Program Files\Java\jdk-17\openjfx-21.0.7_windows-x64_bin-sdk\javafx-sdk-21.0.7\lib
Add classpath:	C:\Code\chaythue\web-app-share-tipsPhanMinhHieu\fe-pc\ui\src\main\java\com\example\ui\utils\FXRouter.java
Add classpath:	C:\Program Files\Java\jdk-17\openjfx-21.0.7_windows-x64_bin-sdk\javafx-sdk-21.0.7\lib\javafx.base.jar
Add classpath:	C:\Program Files\Java\jdk-17\openjfx-21.0.7_windows-x64_bin-sdk\javafx-sdk-21.0.7\lib\javafx.controls.jar
Add classpath:	C:\Program Files\Java\jdk-17\openjfx-21.0.7_windows-x64_bin-sdk\javafx-sdk-21.0.7\lib\javafx.fxml.jar
Add classpath:	C:\Program Files\Java\jdk-17\openjfx-21.0.7_windows-x64_bin-sdk\javafx-sdk-21.0.7\lib\javafx.graphics.jar
Add classpath:	C:\Program Files\Java\jdk-17\openjfx-21.0.7_windows-x64_bin-sdk\javafx-sdk-21.0.7\lib\javafx.media.jar
Add classpath:	C:\Program Files\Java\jdk-17\openjfx-21.0.7_windows-x64_bin-sdk\javafx-sdk-21.0.7\lib\javafx.properties
Add classpath:	C:\Program Files\Java\jdk-17\openjfx-21.0.7_windows-x64_bin-sdk\javafx-sdk-21.0.7\lib\javafx.swing.jar
Add classpath:	C:\Program Files\Java\jdk-17\openjfx-21.0.7_windows-x64_bin-sdk\javafx-sdk-21.0.7\lib\javafx.web.jar
Add classpath:	C:\Program Files\Java\jdk-17\openjfx-21.0.7_windows-x64_bin-sdk\javafx-sdk-21.0.7\lib\javafx-swt.jar
Launcher:	C:\Program Files\Java\jdk-17\bin\javaw.exe
Launcher args:	-classpath "target\ui-1.0-SNAPSHOT.jar;C:\Program Files\Java\jdk-17\openjfx-21.0.7_windows-x64_bin-sdk\javafx-sdk-21.0.7\lib;C:\Code\chaythue\web-app-share-tipsPhanMinhHieu\fe-pc\ui\src\main\java\com\example\ui\utils\FXRouter.java;C:\Program Files\Java\jdk-17\openjfx-21.0.7_windows-x64_bin-sdk\javafx-sdk-21.0.7\lib\javafx.base.jar;C:\Program Files\Java\jdk-17\openjfx-21.0.7_windows-x64_bin-sdk\javafx-sdk-21.0.7\lib\javafx.controls.jar;C:\Program Files\Java\jdk-17\openjfx-21.0.7_windows-x64_bin-sdk\javafx-sdk-21.0.7\lib\javafx.fxml.jar;C:\Program Files\Java\jdk-17\openjfx-21.0.7_windows-x64_bin-sdk\javafx-sdk-21.0.7\lib\javafx.graphics.jar;C:\Program Files\Java\jdk-17\openjfx-21.0.7_windows-x64_bin-sdk\javafx-sdk-21.0.7\lib\javafx.media.jar;C:\Program Files\Java\jdk-17\openjfx-21.0.7_windows-x64_bin-sdk\javafx-sdk-21.0.7\lib\javafx.properties;C:\Program Files\Java\jdk-17\openjfx-21.0.7_windows-x64_bin-sdk\javafx-sdk-21.0.7\lib\javafx.swing.jar;C:\Program Files\Java\jdk-17\openjfx-21.0.7_windows-x64_bin-sdk\javafx-sdk-21.0.7\lib\javafx.web.jar;C:\Program Files\Java\jdk-17\openjfx-21.0.7_windows-x64_bin-sdk\javafx-sdk-21.0.7\lib\javafx-swt.jar" com.example.ui.Main
Args length:	1179/32768 chars
Exit code:	0


Version:	3.50
CmdLine:	C:\Code\chaythue\web-app-share-tipsPhanMinhHieu\fe-pc\ui\output\LifeTips.exe --l4j-debug
JNI:		No
WOW64:		Yes
Working dir:	C:\Code\chaythue\web-app-share-tipsPhanMinhHieu\fe-pc\ui\output\.
Requires JDK:	Yes
Requires 64-Bit: Yes
Java min ver:	1.017.000
Java max ver:	
Substitute:	JAVA_HOME = C:\Program Files\Java\jdk-17
Substitute:	PATH = c:\Users\nino\AppData\Local\Programs\cursor\resources\app\bin;C:\Program Files\Common Files\Oracle\Java\javapath;C:\WINDOWS\system32;C:\WINDOWS;C:\WINDOWS\System32\Wbem;C:\WINDOWS\System32\WindowsPowerShell\v1.0\;C:\WINDOWS\System32\OpenSSH\;C:\Program Files\dotnet\;C:\Users\nino\AppData\Local\nvm;C:\nvm4w\nodejs;C:\Data\app\Git\cmd;C:\Program Files\Microsoft SQL Server\150\Tools\Binn\;C:\Data\app\dvm\;C:\Data\app\dartsdk-windows-x64-release-3.7.3\dart-sdk\bin;C:\Data\app\dartsdk-windows-x64-release\dart-sdk\bin;C:\Data\app\fvm-3.2.1-windows-x64\fvm\src;C:\Data\app\fvm-3.2.1-windows-x64\fvm;C:\Program Files\Java\jdk-17\bin;C:\Program Files\Java\jdk-17;C:\Program Files\Microsoft SQL Server\Client SDK\ODBC\170\Tools\Binn\;C:\Program Files (x86)\Microsoft SQL Server\160\Tools\Binn\;C:\Program Files\Microsoft SQL Server\160\Tools\Binn\;C:\Program Files\Microsoft SQL Server\160\DTS\Binn\;C:\Program Files (x86)\Microsoft SQL Server\160\DTS\Binn\;C:\Users\nino\AppData\Local\Programs\Python\Python311\Scripts\;C:\User;C:\apache-maven-3.9.10-bin\apache-maven-3.9.10\bin;C:\Program Files (x86)\WiX Toolset v3.11\bin;C:\Users\nino\AppData\Local\Programs\Python\Python311\Scripts\;C:\Users\nino\AppData\Local\Programs\Python\Python311\;C:\Users\nino\AppData\Local\Microsoft\WindowsApps;C:\Users\nino\AppData\Local\Programs\Microsoft VS Code\bin;C:\Users\nino\AppData\Local\nvm;C:\nvm4w\nodejs;C:\Data\app\IntelliJ IDEA 2025.1\bin;C:\Data\app\dvm\;C:\Data\app\IJ\IntelliJ IDEA Community Edition 2025.1\bin;C:\Users\nino\fvm\default\bin;C:\Users\nino\.dotnet\tools;C:\Users\nino\.lmstudio\bin;C:\Users\nino\AppData\Local\Programs\cursor\resources\app\bin;C:\Program Files\Java\jdk-17;C:\Users\nino\.dotnet\tools;C:\Program Files\Java\jdk-17\bin
JRE paths:	C:\Program Files\Java\jdk-17;c:\Users\nino\AppData\Local\Programs\cursor\resources\app\bin;C:\Program Files\Common Files\Oracle\Java\javapath;C:\WINDOWS\system32;C:\WINDOWS;C:\WINDOWS\System32\Wbem;C:\WINDOWS\System32\WindowsPowerShell\v1.0\;C:\WINDOWS\System32\OpenSSH\;C:\Program Files\dotnet\;C:\Users\nino\AppData\Local\nvm;C:\nvm4w\nodejs;C:\Data\app\Git\cmd;C:\Program Files\Microsoft SQL Server\150\Tools\Binn\;C:\Data\app\dvm\;C:\Data\app\dartsdk-windows-x64-release-3.7.3\dart-sdk\bin;C:\Data\app\dartsdk-windows-x64-release\dart-sdk\bin;C:\Data\app\fvm-3.2.1-windows-x64\fvm\src;C:\Data\app\fvm-3.2.1-windows-x64\fvm;C:\Program Files\Java\jdk-17\bin;C:\Program Files\Java\jdk-17;C:\Program Files\Microsoft SQL Server\Client SDK\ODBC\170\Tools\Binn\;C:\Program Files (x86)\Microsoft SQL Server\160\Tools\Binn\;C:\Program Files\Microsoft SQL Server\160\Tools\Binn\;C:\Program Files\Microsoft SQL Server\160\DTS\Binn\;C:\Program Files (x86)\Microsoft SQL Server\160\DTS\Binn\;C:\Users\nino\AppData\Local\Programs\Python\Python311\Scripts\;C:\User;C:\apache-maven-3.9.10-bin\apache-maven-3.9.10\bin;C:\Program Files (x86)\WiX Toolset v3.11\bin;C:\Users\nino\AppData\Local\Programs\Python\Python311\Scripts\;C:\Users\nino\AppData\Local\Programs\Python\Python311\;C:\Users\nino\AppData\Local\Microsoft\WindowsApps;C:\Users\nino\AppData\Local\Programs\Microsoft VS Code\bin;C:\Users\nino\AppData\Local\nvm;C:\nvm4w\nodejs;C:\Data\app\IntelliJ IDEA 2025.1\bin;C:\Data\app\dvm\;C:\Data\app\IJ\IntelliJ IDEA Community Edition 2025.1\bin;C:\Users\nino\fvm\default\bin;C:\Users\nino\.dotnet\tools;C:\Users\nino\.lmstudio\bin;C:\Users\nino\AppData\Local\Programs\cursor\resources\app\bin;C:\Program Files\Java\jdk-17;C:\Users\nino\.dotnet\tools;C:\Program Files\Java\jdk-17\bin
Check launcher:	C:\Program Files\Java\jdk-17\bin\javaw.exe (OK)
Check javac:	C:\Program Files\Java\jdk-17\bin\javac.exe (OK)
Version string: 1.017.000_012 / 64-Bit (OK)
Main class:	com.example.ui.Main
Add classpath:	C:\Program Files\Java\jdk-17\openjfx-21.0.7_windows-x64_bin-sdk\javafx-sdk-21.0.7\lib
Add classpath:	C:\Code\chaythue\web-app-share-tipsPhanMinhHieu\fe-pc\ui\src\main\java\com\example\ui\utils\FXRouter.java
Add classpath:	C:\Program Files\Java\jdk-17\openjfx-21.0.7_windows-x64_bin-sdk\javafx-sdk-21.0.7\lib\javafx.base.jar
Add classpath:	C:\Program Files\Java\jdk-17\openjfx-21.0.7_windows-x64_bin-sdk\javafx-sdk-21.0.7\lib\javafx.controls.jar
Add classpath:	C:\Program Files\Java\jdk-17\openjfx-21.0.7_windows-x64_bin-sdk\javafx-sdk-21.0.7\lib\javafx.fxml.jar
Add classpath:	C:\Program Files\Java\jdk-17\openjfx-21.0.7_windows-x64_bin-sdk\javafx-sdk-21.0.7\lib\javafx.graphics.jar
Add classpath:	C:\Program Files\Java\jdk-17\openjfx-21.0.7_windows-x64_bin-sdk\javafx-sdk-21.0.7\lib\javafx.media.jar
Add classpath:	C:\Program Files\Java\jdk-17\openjfx-21.0.7_windows-x64_bin-sdk\javafx-sdk-21.0.7\lib\javafx.properties
Add classpath:	C:\Program Files\Java\jdk-17\openjfx-21.0.7_windows-x64_bin-sdk\javafx-sdk-21.0.7\lib\javafx.swing.jar
Add classpath:	C:\Program Files\Java\jdk-17\openjfx-21.0.7_windows-x64_bin-sdk\javafx-sdk-21.0.7\lib\javafx.web.jar
Add classpath:	C:\Program Files\Java\jdk-17\openjfx-21.0.7_windows-x64_bin-sdk\javafx-sdk-21.0.7\lib\javafx-swt.jar
Launcher:	C:\Program Files\Java\jdk-17\bin\javaw.exe
Launcher args:	-classpath "target\ui-1.0-SNAPSHOT.jar;C:\Program Files\Java\jdk-17\openjfx-21.0.7_windows-x64_bin-sdk\javafx-sdk-21.0.7\lib;C:\Code\chaythue\web-app-share-tipsPhanMinhHieu\fe-pc\ui\src\main\java\com\example\ui\utils\FXRouter.java;C:\Program Files\Java\jdk-17\openjfx-21.0.7_windows-x64_bin-sdk\javafx-sdk-21.0.7\lib\javafx.base.jar;C:\Program Files\Java\jdk-17\openjfx-21.0.7_windows-x64_bin-sdk\javafx-sdk-21.0.7\lib\javafx.controls.jar;C:\Program Files\Java\jdk-17\openjfx-21.0.7_windows-x64_bin-sdk\javafx-sdk-21.0.7\lib\javafx.fxml.jar;C:\Program Files\Java\jdk-17\openjfx-21.0.7_windows-x64_bin-sdk\javafx-sdk-21.0.7\lib\javafx.graphics.jar;C:\Program Files\Java\jdk-17\openjfx-21.0.7_windows-x64_bin-sdk\javafx-sdk-21.0.7\lib\javafx.media.jar;C:\Program Files\Java\jdk-17\openjfx-21.0.7_windows-x64_bin-sdk\javafx-sdk-21.0.7\lib\javafx.properties;C:\Program Files\Java\jdk-17\openjfx-21.0.7_windows-x64_bin-sdk\javafx-sdk-21.0.7\lib\javafx.swing.jar;C:\Program Files\Java\jdk-17\openjfx-21.0.7_windows-x64_bin-sdk\javafx-sdk-21.0.7\lib\javafx.web.jar;C:\Program Files\Java\jdk-17\openjfx-21.0.7_windows-x64_bin-sdk\javafx-sdk-21.0.7\lib\javafx-swt.jar" com.example.ui.Main
Args length:	1179/32768 chars
Exit code:	0


Version:	3.50
CmdLine:	C:\Code\chaythue\web-app-share-tipsPhanMinhHieu\fe-pc\ui\output\LifeTips.exe --l4j-debug
JNI:		No
WOW64:		Yes
Working dir:	C:\Code\chaythue\web-app-share-tipsPhanMinhHieu\fe-pc\ui\output\.
Requires JDK:	Yes
Requires 64-Bit: Yes
Java min ver:	1.017.000
Java max ver:	
Substitute:	JAVA_HOME = C:\Program Files\Java\jdk-17
Substitute:	PATH = c:\Users\nino\AppData\Local\Programs\cursor\resources\app\bin;C:\Program Files\Common Files\Oracle\Java\javapath;C:\WINDOWS\system32;C:\WINDOWS;C:\WINDOWS\System32\Wbem;C:\WINDOWS\System32\WindowsPowerShell\v1.0\;C:\WINDOWS\System32\OpenSSH\;C:\Program Files\dotnet\;C:\Users\nino\AppData\Local\nvm;C:\nvm4w\nodejs;C:\Data\app\Git\cmd;C:\Program Files\Microsoft SQL Server\150\Tools\Binn\;C:\Data\app\dvm\;C:\Data\app\dartsdk-windows-x64-release-3.7.3\dart-sdk\bin;C:\Data\app\dartsdk-windows-x64-release\dart-sdk\bin;C:\Data\app\fvm-3.2.1-windows-x64\fvm\src;C:\Data\app\fvm-3.2.1-windows-x64\fvm;C:\Program Files\Java\jdk-17\bin;C:\Program Files\Java\jdk-17;C:\Program Files\Microsoft SQL Server\Client SDK\ODBC\170\Tools\Binn\;C:\Program Files (x86)\Microsoft SQL Server\160\Tools\Binn\;C:\Program Files\Microsoft SQL Server\160\Tools\Binn\;C:\Program Files\Microsoft SQL Server\160\DTS\Binn\;C:\Program Files (x86)\Microsoft SQL Server\160\DTS\Binn\;C:\Users\nino\AppData\Local\Programs\Python\Python311\Scripts\;C:\User;C:\apache-maven-3.9.10-bin\apache-maven-3.9.10\bin;C:\Program Files (x86)\WiX Toolset v3.11\bin;C:\Users\nino\AppData\Local\Programs\Python\Python311\Scripts\;C:\Users\nino\AppData\Local\Programs\Python\Python311\;C:\Users\nino\AppData\Local\Microsoft\WindowsApps;C:\Users\nino\AppData\Local\Programs\Microsoft VS Code\bin;C:\Users\nino\AppData\Local\nvm;C:\nvm4w\nodejs;C:\Data\app\IntelliJ IDEA 2025.1\bin;C:\Data\app\dvm\;C:\Data\app\IJ\IntelliJ IDEA Community Edition 2025.1\bin;C:\Users\nino\fvm\default\bin;C:\Users\nino\.dotnet\tools;C:\Users\nino\.lmstudio\bin;C:\Users\nino\AppData\Local\Programs\cursor\resources\app\bin;C:\Program Files\Java\jdk-17;C:\Users\nino\.dotnet\tools;C:\Program Files\Java\jdk-17\bin
JRE paths:	C:\Program Files\Java\jdk-17;c:\Users\nino\AppData\Local\Programs\cursor\resources\app\bin;C:\Program Files\Common Files\Oracle\Java\javapath;C:\WINDOWS\system32;C:\WINDOWS;C:\WINDOWS\System32\Wbem;C:\WINDOWS\System32\WindowsPowerShell\v1.0\;C:\WINDOWS\System32\OpenSSH\;C:\Program Files\dotnet\;C:\Users\nino\AppData\Local\nvm;C:\nvm4w\nodejs;C:\Data\app\Git\cmd;C:\Program Files\Microsoft SQL Server\150\Tools\Binn\;C:\Data\app\dvm\;C:\Data\app\dartsdk-windows-x64-release-3.7.3\dart-sdk\bin;C:\Data\app\dartsdk-windows-x64-release\dart-sdk\bin;C:\Data\app\fvm-3.2.1-windows-x64\fvm\src;C:\Data\app\fvm-3.2.1-windows-x64\fvm;C:\Program Files\Java\jdk-17\bin;C:\Program Files\Java\jdk-17;C:\Program Files\Microsoft SQL Server\Client SDK\ODBC\170\Tools\Binn\;C:\Program Files (x86)\Microsoft SQL Server\160\Tools\Binn\;C:\Program Files\Microsoft SQL Server\160\Tools\Binn\;C:\Program Files\Microsoft SQL Server\160\DTS\Binn\;C:\Program Files (x86)\Microsoft SQL Server\160\DTS\Binn\;C:\Users\nino\AppData\Local\Programs\Python\Python311\Scripts\;C:\User;C:\apache-maven-3.9.10-bin\apache-maven-3.9.10\bin;C:\Program Files (x86)\WiX Toolset v3.11\bin;C:\Users\nino\AppData\Local\Programs\Python\Python311\Scripts\;C:\Users\nino\AppData\Local\Programs\Python\Python311\;C:\Users\nino\AppData\Local\Microsoft\WindowsApps;C:\Users\nino\AppData\Local\Programs\Microsoft VS Code\bin;C:\Users\nino\AppData\Local\nvm;C:\nvm4w\nodejs;C:\Data\app\IntelliJ IDEA 2025.1\bin;C:\Data\app\dvm\;C:\Data\app\IJ\IntelliJ IDEA Community Edition 2025.1\bin;C:\Users\nino\fvm\default\bin;C:\Users\nino\.dotnet\tools;C:\Users\nino\.lmstudio\bin;C:\Users\nino\AppData\Local\Programs\cursor\resources\app\bin;C:\Program Files\Java\jdk-17;C:\Users\nino\.dotnet\tools;C:\Program Files\Java\jdk-17\bin
Check launcher:	C:\Program Files\Java\jdk-17\bin\javaw.exe (OK)
Check javac:	C:\Program Files\Java\jdk-17\bin\javac.exe (OK)
Version string: 1.017.000_012 / 64-Bit (OK)
Main class:	com.example.ui.Main
Add classpath:	C:\Program Files\Java\jdk-17\openjfx-21.0.7_windows-x64_bin-sdk\javafx-sdk-21.0.7\lib
Add classpath:	C:\Code\chaythue\web-app-share-tipsPhanMinhHieu\fe-pc\ui\src\main\java\com\example\ui\utils\FXRouter.java
Add classpath:	C:\Program Files\Java\jdk-17\openjfx-21.0.7_windows-x64_bin-sdk\javafx-sdk-21.0.7\lib\javafx.base.jar
Add classpath:	C:\Program Files\Java\jdk-17\openjfx-21.0.7_windows-x64_bin-sdk\javafx-sdk-21.0.7\lib\javafx.controls.jar
Add classpath:	C:\Program Files\Java\jdk-17\openjfx-21.0.7_windows-x64_bin-sdk\javafx-sdk-21.0.7\lib\javafx.fxml.jar
Add classpath:	C:\Program Files\Java\jdk-17\openjfx-21.0.7_windows-x64_bin-sdk\javafx-sdk-21.0.7\lib\javafx.graphics.jar
Add classpath:	C:\Program Files\Java\jdk-17\openjfx-21.0.7_windows-x64_bin-sdk\javafx-sdk-21.0.7\lib\javafx.media.jar
Add classpath:	C:\Program Files\Java\jdk-17\openjfx-21.0.7_windows-x64_bin-sdk\javafx-sdk-21.0.7\lib\javafx.properties
Add classpath:	C:\Program Files\Java\jdk-17\openjfx-21.0.7_windows-x64_bin-sdk\javafx-sdk-21.0.7\lib\javafx.swing.jar
Add classpath:	C:\Program Files\Java\jdk-17\openjfx-21.0.7_windows-x64_bin-sdk\javafx-sdk-21.0.7\lib\javafx.web.jar
Add classpath:	C:\Program Files\Java\jdk-17\openjfx-21.0.7_windows-x64_bin-sdk\javafx-sdk-21.0.7\lib\javafx-swt.jar
Launcher:	C:\Program Files\Java\jdk-17\bin\javaw.exe
Launcher args:	-classpath "target\ui-1.0-SNAPSHOT.jar;C:\Program Files\Java\jdk-17\openjfx-21.0.7_windows-x64_bin-sdk\javafx-sdk-21.0.7\lib;C:\Code\chaythue\web-app-share-tipsPhanMinhHieu\fe-pc\ui\src\main\java\com\example\ui\utils\FXRouter.java;C:\Program Files\Java\jdk-17\openjfx-21.0.7_windows-x64_bin-sdk\javafx-sdk-21.0.7\lib\javafx.base.jar;C:\Program Files\Java\jdk-17\openjfx-21.0.7_windows-x64_bin-sdk\javafx-sdk-21.0.7\lib\javafx.controls.jar;C:\Program Files\Java\jdk-17\openjfx-21.0.7_windows-x64_bin-sdk\javafx-sdk-21.0.7\lib\javafx.fxml.jar;C:\Program Files\Java\jdk-17\openjfx-21.0.7_windows-x64_bin-sdk\javafx-sdk-21.0.7\lib\javafx.graphics.jar;C:\Program Files\Java\jdk-17\openjfx-21.0.7_windows-x64_bin-sdk\javafx-sdk-21.0.7\lib\javafx.media.jar;C:\Program Files\Java\jdk-17\openjfx-21.0.7_windows-x64_bin-sdk\javafx-sdk-21.0.7\lib\javafx.properties;C:\Program Files\Java\jdk-17\openjfx-21.0.7_windows-x64_bin-sdk\javafx-sdk-21.0.7\lib\javafx.swing.jar;C:\Program Files\Java\jdk-17\openjfx-21.0.7_windows-x64_bin-sdk\javafx-sdk-21.0.7\lib\javafx.web.jar;C:\Program Files\Java\jdk-17\openjfx-21.0.7_windows-x64_bin-sdk\javafx-sdk-21.0.7\lib\javafx-swt.jar" com.example.ui.Main
Args length:	1179/32768 chars
Exit code:	0


Version:	3.50
CmdLine:	C:\Code\chaythue\web-app-share-tipsPhanMinhHieu\fe-pc\ui\output\LifeTips.exe --l4j-debug
JNI:		No
WOW64:		Yes
Working dir:	C:\Code\chaythue\web-app-share-tipsPhanMinhHieu\fe-pc\ui\output\.
Requires JDK:	Yes
Requires 64-Bit: Yes
Java min ver:	1.017.000
Java max ver:	
Substitute:	JAVA_HOME = C:\Program Files\Java\jdk-17
Substitute:	PATH = c:\Users\nino\AppData\Local\Programs\cursor\resources\app\bin;C:\Program Files\Common Files\Oracle\Java\javapath;C:\WINDOWS\system32;C:\WINDOWS;C:\WINDOWS\System32\Wbem;C:\WINDOWS\System32\WindowsPowerShell\v1.0\;C:\WINDOWS\System32\OpenSSH\;C:\Program Files\dotnet\;C:\Users\nino\AppData\Local\nvm;C:\nvm4w\nodejs;C:\Data\app\Git\cmd;C:\Program Files\Microsoft SQL Server\150\Tools\Binn\;C:\Data\app\dvm\;C:\Data\app\dartsdk-windows-x64-release-3.7.3\dart-sdk\bin;C:\Data\app\dartsdk-windows-x64-release\dart-sdk\bin;C:\Data\app\fvm-3.2.1-windows-x64\fvm\src;C:\Data\app\fvm-3.2.1-windows-x64\fvm;C:\Program Files\Java\jdk-17\bin;C:\Program Files\Java\jdk-17;C:\Program Files\Microsoft SQL Server\Client SDK\ODBC\170\Tools\Binn\;C:\Program Files (x86)\Microsoft SQL Server\160\Tools\Binn\;C:\Program Files\Microsoft SQL Server\160\Tools\Binn\;C:\Program Files\Microsoft SQL Server\160\DTS\Binn\;C:\Program Files (x86)\Microsoft SQL Server\160\DTS\Binn\;C:\Users\nino\AppData\Local\Programs\Python\Python311\Scripts\;C:\User;C:\apache-maven-3.9.10-bin\apache-maven-3.9.10\bin;C:\Program Files (x86)\WiX Toolset v3.11\bin;C:\Users\nino\AppData\Local\Programs\Python\Python311\Scripts\;C:\Users\nino\AppData\Local\Programs\Python\Python311\;C:\Users\nino\AppData\Local\Microsoft\WindowsApps;C:\Users\nino\AppData\Local\Programs\Microsoft VS Code\bin;C:\Users\nino\AppData\Local\nvm;C:\nvm4w\nodejs;C:\Data\app\IntelliJ IDEA 2025.1\bin;C:\Data\app\dvm\;C:\Data\app\IJ\IntelliJ IDEA Community Edition 2025.1\bin;C:\Users\nino\fvm\default\bin;C:\Users\nino\.dotnet\tools;C:\Users\nino\.lmstudio\bin;C:\Users\nino\AppData\Local\Programs\cursor\resources\app\bin;C:\Program Files\Java\jdk-17;C:\Users\nino\.dotnet\tools;C:\Program Files\Java\jdk-17\bin
JRE paths:	C:\Program Files\Java\jdk-17;c:\Users\nino\AppData\Local\Programs\cursor\resources\app\bin;C:\Program Files\Common Files\Oracle\Java\javapath;C:\WINDOWS\system32;C:\WINDOWS;C:\WINDOWS\System32\Wbem;C:\WINDOWS\System32\WindowsPowerShell\v1.0\;C:\WINDOWS\System32\OpenSSH\;C:\Program Files\dotnet\;C:\Users\nino\AppData\Local\nvm;C:\nvm4w\nodejs;C:\Data\app\Git\cmd;C:\Program Files\Microsoft SQL Server\150\Tools\Binn\;C:\Data\app\dvm\;C:\Data\app\dartsdk-windows-x64-release-3.7.3\dart-sdk\bin;C:\Data\app\dartsdk-windows-x64-release\dart-sdk\bin;C:\Data\app\fvm-3.2.1-windows-x64\fvm\src;C:\Data\app\fvm-3.2.1-windows-x64\fvm;C:\Program Files\Java\jdk-17\bin;C:\Program Files\Java\jdk-17;C:\Program Files\Microsoft SQL Server\Client SDK\ODBC\170\Tools\Binn\;C:\Program Files (x86)\Microsoft SQL Server\160\Tools\Binn\;C:\Program Files\Microsoft SQL Server\160\Tools\Binn\;C:\Program Files\Microsoft SQL Server\160\DTS\Binn\;C:\Program Files (x86)\Microsoft SQL Server\160\DTS\Binn\;C:\Users\nino\AppData\Local\Programs\Python\Python311\Scripts\;C:\User;C:\apache-maven-3.9.10-bin\apache-maven-3.9.10\bin;C:\Program Files (x86)\WiX Toolset v3.11\bin;C:\Users\nino\AppData\Local\Programs\Python\Python311\Scripts\;C:\Users\nino\AppData\Local\Programs\Python\Python311\;C:\Users\nino\AppData\Local\Microsoft\WindowsApps;C:\Users\nino\AppData\Local\Programs\Microsoft VS Code\bin;C:\Users\nino\AppData\Local\nvm;C:\nvm4w\nodejs;C:\Data\app\IntelliJ IDEA 2025.1\bin;C:\Data\app\dvm\;C:\Data\app\IJ\IntelliJ IDEA Community Edition 2025.1\bin;C:\Users\nino\fvm\default\bin;C:\Users\nino\.dotnet\tools;C:\Users\nino\.lmstudio\bin;C:\Users\nino\AppData\Local\Programs\cursor\resources\app\bin;C:\Program Files\Java\jdk-17;C:\Users\nino\.dotnet\tools;C:\Program Files\Java\jdk-17\bin
Check launcher:	C:\Program Files\Java\jdk-17\bin\javaw.exe (OK)
Check javac:	C:\Program Files\Java\jdk-17\bin\javac.exe (OK)
Version string: 1.017.000_012 / 64-Bit (OK)
Main class:	com.example.ui.Main
Add classpath:	C:\Program Files\Java\jdk-17\openjfx-21.0.7_windows-x64_bin-sdk\javafx-sdk-21.0.7\lib
Add classpath:	C:\Code\chaythue\web-app-share-tipsPhanMinhHieu\fe-pc\ui\src\main\java\com\example\ui\utils\FXRouter.java
Add classpath:	C:\Program Files\Java\jdk-17\openjfx-21.0.7_windows-x64_bin-sdk\javafx-sdk-21.0.7\lib\javafx.base.jar
Add classpath:	C:\Program Files\Java\jdk-17\openjfx-21.0.7_windows-x64_bin-sdk\javafx-sdk-21.0.7\lib\javafx.controls.jar
Add classpath:	C:\Program Files\Java\jdk-17\openjfx-21.0.7_windows-x64_bin-sdk\javafx-sdk-21.0.7\lib\javafx.fxml.jar
Add classpath:	C:\Program Files\Java\jdk-17\openjfx-21.0.7_windows-x64_bin-sdk\javafx-sdk-21.0.7\lib\javafx.graphics.jar
Add classpath:	C:\Program Files\Java\jdk-17\openjfx-21.0.7_windows-x64_bin-sdk\javafx-sdk-21.0.7\lib\javafx.media.jar
Add classpath:	C:\Program Files\Java\jdk-17\openjfx-21.0.7_windows-x64_bin-sdk\javafx-sdk-21.0.7\lib\javafx.properties
Add classpath:	C:\Program Files\Java\jdk-17\openjfx-21.0.7_windows-x64_bin-sdk\javafx-sdk-21.0.7\lib\javafx.swing.jar
Add classpath:	C:\Program Files\Java\jdk-17\openjfx-21.0.7_windows-x64_bin-sdk\javafx-sdk-21.0.7\lib\javafx.web.jar
Add classpath:	C:\Program Files\Java\jdk-17\openjfx-21.0.7_windows-x64_bin-sdk\javafx-sdk-21.0.7\lib\javafx-swt.jar
Launcher:	C:\Program Files\Java\jdk-17\bin\javaw.exe
Launcher args:	-classpath "target\ui-1.0-SNAPSHOT.jar;C:\Program Files\Java\jdk-17\openjfx-21.0.7_windows-x64_bin-sdk\javafx-sdk-21.0.7\lib;C:\Code\chaythue\web-app-share-tipsPhanMinhHieu\fe-pc\ui\src\main\java\com\example\ui\utils\FXRouter.java;C:\Program Files\Java\jdk-17\openjfx-21.0.7_windows-x64_bin-sdk\javafx-sdk-21.0.7\lib\javafx.base.jar;C:\Program Files\Java\jdk-17\openjfx-21.0.7_windows-x64_bin-sdk\javafx-sdk-21.0.7\lib\javafx.controls.jar;C:\Program Files\Java\jdk-17\openjfx-21.0.7_windows-x64_bin-sdk\javafx-sdk-21.0.7\lib\javafx.fxml.jar;C:\Program Files\Java\jdk-17\openjfx-21.0.7_windows-x64_bin-sdk\javafx-sdk-21.0.7\lib\javafx.graphics.jar;C:\Program Files\Java\jdk-17\openjfx-21.0.7_windows-x64_bin-sdk\javafx-sdk-21.0.7\lib\javafx.media.jar;C:\Program Files\Java\jdk-17\openjfx-21.0.7_windows-x64_bin-sdk\javafx-sdk-21.0.7\lib\javafx.properties;C:\Program Files\Java\jdk-17\openjfx-21.0.7_windows-x64_bin-sdk\javafx-sdk-21.0.7\lib\javafx.swing.jar;C:\Program Files\Java\jdk-17\openjfx-21.0.7_windows-x64_bin-sdk\javafx-sdk-21.0.7\lib\javafx.web.jar;C:\Program Files\Java\jdk-17\openjfx-21.0.7_windows-x64_bin-sdk\javafx-sdk-21.0.7\lib\javafx-swt.jar" com.example.ui.Main
Args length:	1179/32768 chars
Exit code:	0


Version:	3.50
CmdLine:	C:\Code\chaythue\web-app-share-tipsPhanMinhHieu\fe-pc\ui\output\LifeTips.exe --l4j-debug
JNI:		No
WOW64:		Yes
Working dir:	C:\Code\chaythue\web-app-share-tipsPhanMinhHieu\fe-pc\ui\output\.
Requires JDK:	Yes
Requires 64-Bit: Yes
Java min ver:	1.017.000
Java max ver:	
Substitute:	JAVA_HOME = C:\Program Files\Java\jdk-17
Substitute:	PATH = c:\Users\nino\AppData\Local\Programs\cursor\resources\app\bin;C:\Program Files\Common Files\Oracle\Java\javapath;C:\WINDOWS\system32;C:\WINDOWS;C:\WINDOWS\System32\Wbem;C:\WINDOWS\System32\WindowsPowerShell\v1.0\;C:\WINDOWS\System32\OpenSSH\;C:\Program Files\dotnet\;C:\Users\nino\AppData\Local\nvm;C:\nvm4w\nodejs;C:\Data\app\Git\cmd;C:\Program Files\Microsoft SQL Server\150\Tools\Binn\;C:\Data\app\dvm\;C:\Data\app\dartsdk-windows-x64-release-3.7.3\dart-sdk\bin;C:\Data\app\dartsdk-windows-x64-release\dart-sdk\bin;C:\Data\app\fvm-3.2.1-windows-x64\fvm\src;C:\Data\app\fvm-3.2.1-windows-x64\fvm;C:\Program Files\Java\jdk-17\bin;C:\Program Files\Java\jdk-17;C:\Program Files\Microsoft SQL Server\Client SDK\ODBC\170\Tools\Binn\;C:\Program Files (x86)\Microsoft SQL Server\160\Tools\Binn\;C:\Program Files\Microsoft SQL Server\160\Tools\Binn\;C:\Program Files\Microsoft SQL Server\160\DTS\Binn\;C:\Program Files (x86)\Microsoft SQL Server\160\DTS\Binn\;C:\Users\nino\AppData\Local\Programs\Python\Python311\Scripts\;C:\User;C:\apache-maven-3.9.10-bin\apache-maven-3.9.10\bin;C:\Program Files (x86)\WiX Toolset v3.11\bin;C:\Users\nino\AppData\Local\Programs\Python\Python311\Scripts\;C:\Users\nino\AppData\Local\Programs\Python\Python311\;C:\Users\nino\AppData\Local\Microsoft\WindowsApps;C:\Users\nino\AppData\Local\Programs\Microsoft VS Code\bin;C:\Users\nino\AppData\Local\nvm;C:\nvm4w\nodejs;C:\Data\app\IntelliJ IDEA 2025.1\bin;C:\Data\app\dvm\;C:\Data\app\IJ\IntelliJ IDEA Community Edition 2025.1\bin;C:\Users\nino\fvm\default\bin;C:\Users\nino\.dotnet\tools;C:\Users\nino\.lmstudio\bin;C:\Users\nino\AppData\Local\Programs\cursor\resources\app\bin;C:\Program Files\Java\jdk-17;C:\Users\nino\.dotnet\tools;C:\Program Files\Java\jdk-17\bin
JRE paths:	C:\Program Files\Java\jdk-17;c:\Users\nino\AppData\Local\Programs\cursor\resources\app\bin;C:\Program Files\Common Files\Oracle\Java\javapath;C:\WINDOWS\system32;C:\WINDOWS;C:\WINDOWS\System32\Wbem;C:\WINDOWS\System32\WindowsPowerShell\v1.0\;C:\WINDOWS\System32\OpenSSH\;C:\Program Files\dotnet\;C:\Users\nino\AppData\Local\nvm;C:\nvm4w\nodejs;C:\Data\app\Git\cmd;C:\Program Files\Microsoft SQL Server\150\Tools\Binn\;C:\Data\app\dvm\;C:\Data\app\dartsdk-windows-x64-release-3.7.3\dart-sdk\bin;C:\Data\app\dartsdk-windows-x64-release\dart-sdk\bin;C:\Data\app\fvm-3.2.1-windows-x64\fvm\src;C:\Data\app\fvm-3.2.1-windows-x64\fvm;C:\Program Files\Java\jdk-17\bin;C:\Program Files\Java\jdk-17;C:\Program Files\Microsoft SQL Server\Client SDK\ODBC\170\Tools\Binn\;C:\Program Files (x86)\Microsoft SQL Server\160\Tools\Binn\;C:\Program Files\Microsoft SQL Server\160\Tools\Binn\;C:\Program Files\Microsoft SQL Server\160\DTS\Binn\;C:\Program Files (x86)\Microsoft SQL Server\160\DTS\Binn\;C:\Users\nino\AppData\Local\Programs\Python\Python311\Scripts\;C:\User;C:\apache-maven-3.9.10-bin\apache-maven-3.9.10\bin;C:\Program Files (x86)\WiX Toolset v3.11\bin;C:\Users\nino\AppData\Local\Programs\Python\Python311\Scripts\;C:\Users\nino\AppData\Local\Programs\Python\Python311\;C:\Users\nino\AppData\Local\Microsoft\WindowsApps;C:\Users\nino\AppData\Local\Programs\Microsoft VS Code\bin;C:\Users\nino\AppData\Local\nvm;C:\nvm4w\nodejs;C:\Data\app\IntelliJ IDEA 2025.1\bin;C:\Data\app\dvm\;C:\Data\app\IJ\IntelliJ IDEA Community Edition 2025.1\bin;C:\Users\nino\fvm\default\bin;C:\Users\nino\.dotnet\tools;C:\Users\nino\.lmstudio\bin;C:\Users\nino\AppData\Local\Programs\cursor\resources\app\bin;C:\Program Files\Java\jdk-17;C:\Users\nino\.dotnet\tools;C:\Program Files\Java\jdk-17\bin
Check launcher:	C:\Program Files\Java\jdk-17\bin\javaw.exe (OK)
Check javac:	C:\Program Files\Java\jdk-17\bin\javac.exe (OK)
Version string: 1.017.000_012 / 64-Bit (OK)
Main class:	com.example.ui.Main
Add classpath:	C:\Program Files\Java\jdk-17\openjfx-21.0.7_windows-x64_bin-sdk\javafx-sdk-21.0.7\lib
Add classpath:	C:\Code\chaythue\web-app-share-tipsPhanMinhHieu\fe-pc\ui\src\main\java\com\example\ui\utils\FXRouter.java
Add classpath:	C:\Program Files\Java\jdk-17\openjfx-21.0.7_windows-x64_bin-sdk\javafx-sdk-21.0.7\lib\javafx.base.jar
Add classpath:	C:\Program Files\Java\jdk-17\openjfx-21.0.7_windows-x64_bin-sdk\javafx-sdk-21.0.7\lib\javafx.controls.jar
Add classpath:	C:\Program Files\Java\jdk-17\openjfx-21.0.7_windows-x64_bin-sdk\javafx-sdk-21.0.7\lib\javafx.fxml.jar
Add classpath:	C:\Program Files\Java\jdk-17\openjfx-21.0.7_windows-x64_bin-sdk\javafx-sdk-21.0.7\lib\javafx.graphics.jar
Add classpath:	C:\Program Files\Java\jdk-17\openjfx-21.0.7_windows-x64_bin-sdk\javafx-sdk-21.0.7\lib\javafx.media.jar
Add classpath:	C:\Program Files\Java\jdk-17\openjfx-21.0.7_windows-x64_bin-sdk\javafx-sdk-21.0.7\lib\javafx.properties
Add classpath:	C:\Program Files\Java\jdk-17\openjfx-21.0.7_windows-x64_bin-sdk\javafx-sdk-21.0.7\lib\javafx.swing.jar
Add classpath:	C:\Program Files\Java\jdk-17\openjfx-21.0.7_windows-x64_bin-sdk\javafx-sdk-21.0.7\lib\javafx.web.jar
Add classpath:	C:\Program Files\Java\jdk-17\openjfx-21.0.7_windows-x64_bin-sdk\javafx-sdk-21.0.7\lib\javafx-swt.jar
Launcher:	C:\Program Files\Java\jdk-17\bin\javaw.exe
Launcher args:	-classpath "target\ui-1.0-SNAPSHOT.jar;C:\Program Files\Java\jdk-17\openjfx-21.0.7_windows-x64_bin-sdk\javafx-sdk-21.0.7\lib;C:\Code\chaythue\web-app-share-tipsPhanMinhHieu\fe-pc\ui\src\main\java\com\example\ui\utils\FXRouter.java;C:\Program Files\Java\jdk-17\openjfx-21.0.7_windows-x64_bin-sdk\javafx-sdk-21.0.7\lib\javafx.base.jar;C:\Program Files\Java\jdk-17\openjfx-21.0.7_windows-x64_bin-sdk\javafx-sdk-21.0.7\lib\javafx.controls.jar;C:\Program Files\Java\jdk-17\openjfx-21.0.7_windows-x64_bin-sdk\javafx-sdk-21.0.7\lib\javafx.fxml.jar;C:\Program Files\Java\jdk-17\openjfx-21.0.7_windows-x64_bin-sdk\javafx-sdk-21.0.7\lib\javafx.graphics.jar;C:\Program Files\Java\jdk-17\openjfx-21.0.7_windows-x64_bin-sdk\javafx-sdk-21.0.7\lib\javafx.media.jar;C:\Program Files\Java\jdk-17\openjfx-21.0.7_windows-x64_bin-sdk\javafx-sdk-21.0.7\lib\javafx.properties;C:\Program Files\Java\jdk-17\openjfx-21.0.7_windows-x64_bin-sdk\javafx-sdk-21.0.7\lib\javafx.swing.jar;C:\Program Files\Java\jdk-17\openjfx-21.0.7_windows-x64_bin-sdk\javafx-sdk-21.0.7\lib\javafx.web.jar;C:\Program Files\Java\jdk-17\openjfx-21.0.7_windows-x64_bin-sdk\javafx-sdk-21.0.7\lib\javafx-swt.jar" com.example.ui.Main
Args length:	1179/32768 chars
Exit code:	0


Version:	3.50
CmdLine:	C:\Code\chaythue\web-app-share-tipsPhanMinhHieu\fe-pc\ui\output\LifeTips.exe --l4j-debug
JNI:		No
WOW64:		Yes
Working dir:	C:\Code\chaythue\web-app-share-tipsPhanMinhHieu\fe-pc\ui\output\.
Requires JDK:	Yes
Requires 64-Bit: Yes
Java min ver:	1.017.000
Java max ver:	
Substitute:	JAVA_HOME = C:\Program Files\Java\jdk-17
Substitute:	PATH = c:\Users\nino\AppData\Local\Programs\cursor\resources\app\bin;C:\Program Files\Common Files\Oracle\Java\javapath;C:\WINDOWS\system32;C:\WINDOWS;C:\WINDOWS\System32\Wbem;C:\WINDOWS\System32\WindowsPowerShell\v1.0\;C:\WINDOWS\System32\OpenSSH\;C:\Program Files\dotnet\;C:\Users\nino\AppData\Local\nvm;C:\nvm4w\nodejs;C:\Data\app\Git\cmd;C:\Program Files\Microsoft SQL Server\150\Tools\Binn\;C:\Data\app\dvm\;C:\Data\app\dartsdk-windows-x64-release-3.7.3\dart-sdk\bin;C:\Data\app\dartsdk-windows-x64-release\dart-sdk\bin;C:\Data\app\fvm-3.2.1-windows-x64\fvm\src;C:\Data\app\fvm-3.2.1-windows-x64\fvm;C:\Program Files\Java\jdk-17\bin;C:\Program Files\Java\jdk-17;C:\Program Files\Microsoft SQL Server\Client SDK\ODBC\170\Tools\Binn\;C:\Program Files (x86)\Microsoft SQL Server\160\Tools\Binn\;C:\Program Files\Microsoft SQL Server\160\Tools\Binn\;C:\Program Files\Microsoft SQL Server\160\DTS\Binn\;C:\Program Files (x86)\Microsoft SQL Server\160\DTS\Binn\;C:\Users\nino\AppData\Local\Programs\Python\Python311\Scripts\;C:\User;C:\apache-maven-3.9.10-bin\apache-maven-3.9.10\bin;C:\Program Files (x86)\WiX Toolset v3.11\bin;C:\Users\nino\AppData\Local\Programs\Python\Python311\Scripts\;C:\Users\nino\AppData\Local\Programs\Python\Python311\;C:\Users\nino\AppData\Local\Microsoft\WindowsApps;C:\Users\nino\AppData\Local\Programs\Microsoft VS Code\bin;C:\Users\nino\AppData\Local\nvm;C:\nvm4w\nodejs;C:\Data\app\IntelliJ IDEA 2025.1\bin;C:\Data\app\dvm\;C:\Data\app\IJ\IntelliJ IDEA Community Edition 2025.1\bin;C:\Users\nino\fvm\default\bin;C:\Users\nino\.dotnet\tools;C:\Users\nino\.lmstudio\bin;C:\Users\nino\AppData\Local\Programs\cursor\resources\app\bin;C:\Program Files\Java\jdk-17;C:\Users\nino\.dotnet\tools;C:\Program Files\Java\jdk-17\bin
JRE paths:	C:\Program Files\Java\jdk-17;c:\Users\nino\AppData\Local\Programs\cursor\resources\app\bin;C:\Program Files\Common Files\Oracle\Java\javapath;C:\WINDOWS\system32;C:\WINDOWS;C:\WINDOWS\System32\Wbem;C:\WINDOWS\System32\WindowsPowerShell\v1.0\;C:\WINDOWS\System32\OpenSSH\;C:\Program Files\dotnet\;C:\Users\nino\AppData\Local\nvm;C:\nvm4w\nodejs;C:\Data\app\Git\cmd;C:\Program Files\Microsoft SQL Server\150\Tools\Binn\;C:\Data\app\dvm\;C:\Data\app\dartsdk-windows-x64-release-3.7.3\dart-sdk\bin;C:\Data\app\dartsdk-windows-x64-release\dart-sdk\bin;C:\Data\app\fvm-3.2.1-windows-x64\fvm\src;C:\Data\app\fvm-3.2.1-windows-x64\fvm;C:\Program Files\Java\jdk-17\bin;C:\Program Files\Java\jdk-17;C:\Program Files\Microsoft SQL Server\Client SDK\ODBC\170\Tools\Binn\;C:\Program Files (x86)\Microsoft SQL Server\160\Tools\Binn\;C:\Program Files\Microsoft SQL Server\160\Tools\Binn\;C:\Program Files\Microsoft SQL Server\160\DTS\Binn\;C:\Program Files (x86)\Microsoft SQL Server\160\DTS\Binn\;C:\Users\nino\AppData\Local\Programs\Python\Python311\Scripts\;C:\User;C:\apache-maven-3.9.10-bin\apache-maven-3.9.10\bin;C:\Program Files (x86)\WiX Toolset v3.11\bin;C:\Users\nino\AppData\Local\Programs\Python\Python311\Scripts\;C:\Users\nino\AppData\Local\Programs\Python\Python311\;C:\Users\nino\AppData\Local\Microsoft\WindowsApps;C:\Users\nino\AppData\Local\Programs\Microsoft VS Code\bin;C:\Users\nino\AppData\Local\nvm;C:\nvm4w\nodejs;C:\Data\app\IntelliJ IDEA 2025.1\bin;C:\Data\app\dvm\;C:\Data\app\IJ\IntelliJ IDEA Community Edition 2025.1\bin;C:\Users\nino\fvm\default\bin;C:\Users\nino\.dotnet\tools;C:\Users\nino\.lmstudio\bin;C:\Users\nino\AppData\Local\Programs\cursor\resources\app\bin;C:\Program Files\Java\jdk-17;C:\Users\nino\.dotnet\tools;C:\Program Files\Java\jdk-17\bin
Check launcher:	C:\Program Files\Java\jdk-17\bin\javaw.exe (OK)
Check javac:	C:\Program Files\Java\jdk-17\bin\javac.exe (OK)
Version string: 1.017.000_012 / 64-Bit (OK)
Main class:	com.example.ui.Main
Add classpath:	C:\Program Files\Java\jdk-17\openjfx-21.0.7_windows-x64_bin-sdk\javafx-sdk-21.0.7\lib
Add classpath:	C:\Code\chaythue\web-app-share-tipsPhanMinhHieu\fe-pc\ui\src\main\java\com\example\ui\utils\FXRouter.java
Add classpath:	C:\Program Files\Java\jdk-17\openjfx-21.0.7_windows-x64_bin-sdk\javafx-sdk-21.0.7\lib\javafx.base.jar
Add classpath:	C:\Program Files\Java\jdk-17\openjfx-21.0.7_windows-x64_bin-sdk\javafx-sdk-21.0.7\lib\javafx.controls.jar
Add classpath:	C:\Program Files\Java\jdk-17\openjfx-21.0.7_windows-x64_bin-sdk\javafx-sdk-21.0.7\lib\javafx.fxml.jar
Add classpath:	C:\Program Files\Java\jdk-17\openjfx-21.0.7_windows-x64_bin-sdk\javafx-sdk-21.0.7\lib\javafx.graphics.jar
Add classpath:	C:\Program Files\Java\jdk-17\openjfx-21.0.7_windows-x64_bin-sdk\javafx-sdk-21.0.7\lib\javafx.media.jar
Add classpath:	C:\Program Files\Java\jdk-17\openjfx-21.0.7_windows-x64_bin-sdk\javafx-sdk-21.0.7\lib\javafx.properties
Add classpath:	C:\Program Files\Java\jdk-17\openjfx-21.0.7_windows-x64_bin-sdk\javafx-sdk-21.0.7\lib\javafx.swing.jar
Add classpath:	C:\Program Files\Java\jdk-17\openjfx-21.0.7_windows-x64_bin-sdk\javafx-sdk-21.0.7\lib\javafx.web.jar
Add classpath:	C:\Program Files\Java\jdk-17\openjfx-21.0.7_windows-x64_bin-sdk\javafx-sdk-21.0.7\lib\javafx-swt.jar
Launcher:	C:\Program Files\Java\jdk-17\bin\javaw.exe
Launcher args:	-classpath "target\ui-1.0-SNAPSHOT.jar;C:\Program Files\Java\jdk-17\openjfx-21.0.7_windows-x64_bin-sdk\javafx-sdk-21.0.7\lib;C:\Code\chaythue\web-app-share-tipsPhanMinhHieu\fe-pc\ui\src\main\java\com\example\ui\utils\FXRouter.java;C:\Program Files\Java\jdk-17\openjfx-21.0.7_windows-x64_bin-sdk\javafx-sdk-21.0.7\lib\javafx.base.jar;C:\Program Files\Java\jdk-17\openjfx-21.0.7_windows-x64_bin-sdk\javafx-sdk-21.0.7\lib\javafx.controls.jar;C:\Program Files\Java\jdk-17\openjfx-21.0.7_windows-x64_bin-sdk\javafx-sdk-21.0.7\lib\javafx.fxml.jar;C:\Program Files\Java\jdk-17\openjfx-21.0.7_windows-x64_bin-sdk\javafx-sdk-21.0.7\lib\javafx.graphics.jar;C:\Program Files\Java\jdk-17\openjfx-21.0.7_windows-x64_bin-sdk\javafx-sdk-21.0.7\lib\javafx.media.jar;C:\Program Files\Java\jdk-17\openjfx-21.0.7_windows-x64_bin-sdk\javafx-sdk-21.0.7\lib\javafx.properties;C:\Program Files\Java\jdk-17\openjfx-21.0.7_windows-x64_bin-sdk\javafx-sdk-21.0.7\lib\javafx.swing.jar;C:\Program Files\Java\jdk-17\openjfx-21.0.7_windows-x64_bin-sdk\javafx-sdk-21.0.7\lib\javafx.web.jar;C:\Program Files\Java\jdk-17\openjfx-21.0.7_windows-x64_bin-sdk\javafx-sdk-21.0.7\lib\javafx-swt.jar" com.example.ui.Main
Args length:	1179/32768 chars
Exit code:	0


Version:	3.50
CmdLine:	C:\Code\chaythue\web-app-share-tipsPhanMinhHieu\fe-pc\ui\output\LifeTips.exe --l4j-debug
JNI:		No
WOW64:		Yes
Working dir:	C:\Code\chaythue\web-app-share-tipsPhanMinhHieu\fe-pc\ui\output\.
Requires JDK:	Yes
Requires 64-Bit: Yes
Java min ver:	1.017.000
Java max ver:	
Substitute:	JAVA_HOME = C:\Program Files\Java\jdk-17
Substitute:	PATH = c:\Users\nino\AppData\Local\Programs\cursor\resources\app\bin;C:\Program Files\Common Files\Oracle\Java\javapath;C:\WINDOWS\system32;C:\WINDOWS;C:\WINDOWS\System32\Wbem;C:\WINDOWS\System32\WindowsPowerShell\v1.0\;C:\WINDOWS\System32\OpenSSH\;C:\Program Files\dotnet\;C:\Users\nino\AppData\Local\nvm;C:\nvm4w\nodejs;C:\Data\app\Git\cmd;C:\Program Files\Microsoft SQL Server\150\Tools\Binn\;C:\Data\app\dvm\;C:\Data\app\dartsdk-windows-x64-release-3.7.3\dart-sdk\bin;C:\Data\app\dartsdk-windows-x64-release\dart-sdk\bin;C:\Data\app\fvm-3.2.1-windows-x64\fvm\src;C:\Data\app\fvm-3.2.1-windows-x64\fvm;C:\Program Files\Java\jdk-17\bin;C:\Program Files\Java\jdk-17;C:\Program Files\Microsoft SQL Server\Client SDK\ODBC\170\Tools\Binn\;C:\Program Files (x86)\Microsoft SQL Server\160\Tools\Binn\;C:\Program Files\Microsoft SQL Server\160\Tools\Binn\;C:\Program Files\Microsoft SQL Server\160\DTS\Binn\;C:\Program Files (x86)\Microsoft SQL Server\160\DTS\Binn\;C:\Users\nino\AppData\Local\Programs\Python\Python311\Scripts\;C:\User;C:\apache-maven-3.9.10-bin\apache-maven-3.9.10\bin;C:\Program Files (x86)\WiX Toolset v3.11\bin;C:\Users\nino\AppData\Local\Programs\Python\Python311\Scripts\;C:\Users\nino\AppData\Local\Programs\Python\Python311\;C:\Users\nino\AppData\Local\Microsoft\WindowsApps;C:\Users\nino\AppData\Local\Programs\Microsoft VS Code\bin;C:\Users\nino\AppData\Local\nvm;C:\nvm4w\nodejs;C:\Data\app\IntelliJ IDEA 2025.1\bin;C:\Data\app\dvm\;C:\Data\app\IJ\IntelliJ IDEA Community Edition 2025.1\bin;C:\Users\nino\fvm\default\bin;C:\Users\nino\.dotnet\tools;C:\Users\nino\.lmstudio\bin;C:\Users\nino\AppData\Local\Programs\cursor\resources\app\bin;C:\Program Files\Java\jdk-17;C:\Users\nino\.dotnet\tools;C:\Program Files\Java\jdk-17\bin
JRE paths:	C:\Program Files\Java\jdk-17;c:\Users\nino\AppData\Local\Programs\cursor\resources\app\bin;C:\Program Files\Common Files\Oracle\Java\javapath;C:\WINDOWS\system32;C:\WINDOWS;C:\WINDOWS\System32\Wbem;C:\WINDOWS\System32\WindowsPowerShell\v1.0\;C:\WINDOWS\System32\OpenSSH\;C:\Program Files\dotnet\;C:\Users\nino\AppData\Local\nvm;C:\nvm4w\nodejs;C:\Data\app\Git\cmd;C:\Program Files\Microsoft SQL Server\150\Tools\Binn\;C:\Data\app\dvm\;C:\Data\app\dartsdk-windows-x64-release-3.7.3\dart-sdk\bin;C:\Data\app\dartsdk-windows-x64-release\dart-sdk\bin;C:\Data\app\fvm-3.2.1-windows-x64\fvm\src;C:\Data\app\fvm-3.2.1-windows-x64\fvm;C:\Program Files\Java\jdk-17\bin;C:\Program Files\Java\jdk-17;C:\Program Files\Microsoft SQL Server\Client SDK\ODBC\170\Tools\Binn\;C:\Program Files (x86)\Microsoft SQL Server\160\Tools\Binn\;C:\Program Files\Microsoft SQL Server\160\Tools\Binn\;C:\Program Files\Microsoft SQL Server\160\DTS\Binn\;C:\Program Files (x86)\Microsoft SQL Server\160\DTS\Binn\;C:\Users\nino\AppData\Local\Programs\Python\Python311\Scripts\;C:\User;C:\apache-maven-3.9.10-bin\apache-maven-3.9.10\bin;C:\Program Files (x86)\WiX Toolset v3.11\bin;C:\Users\nino\AppData\Local\Programs\Python\Python311\Scripts\;C:\Users\nino\AppData\Local\Programs\Python\Python311\;C:\Users\nino\AppData\Local\Microsoft\WindowsApps;C:\Users\nino\AppData\Local\Programs\Microsoft VS Code\bin;C:\Users\nino\AppData\Local\nvm;C:\nvm4w\nodejs;C:\Data\app\IntelliJ IDEA 2025.1\bin;C:\Data\app\dvm\;C:\Data\app\IJ\IntelliJ IDEA Community Edition 2025.1\bin;C:\Users\nino\fvm\default\bin;C:\Users\nino\.dotnet\tools;C:\Users\nino\.lmstudio\bin;C:\Users\nino\AppData\Local\Programs\cursor\resources\app\bin;C:\Program Files\Java\jdk-17;C:\Users\nino\.dotnet\tools;C:\Program Files\Java\jdk-17\bin
Check launcher:	C:\Program Files\Java\jdk-17\bin\javaw.exe (OK)
Check javac:	C:\Program Files\Java\jdk-17\bin\javac.exe (OK)
Version string: 1.017.000_012 / 64-Bit (OK)
Main class:	com.example.ui.Main
Add classpath:	C:\Program Files\Java\jdk-17\openjfx-21.0.7_windows-x64_bin-sdk\javafx-sdk-21.0.7\lib
Add classpath:	C:\Code\chaythue\web-app-share-tipsPhanMinhHieu\fe-pc\ui\src\main\java\com\example\ui\utils\FXRouter.java
Add classpath:	C:\Program Files\Java\jdk-17\openjfx-21.0.7_windows-x64_bin-sdk\javafx-sdk-21.0.7\lib\javafx.base.jar
Add classpath:	C:\Program Files\Java\jdk-17\openjfx-21.0.7_windows-x64_bin-sdk\javafx-sdk-21.0.7\lib\javafx.controls.jar
Add classpath:	C:\Program Files\Java\jdk-17\openjfx-21.0.7_windows-x64_bin-sdk\javafx-sdk-21.0.7\lib\javafx.fxml.jar
Add classpath:	C:\Program Files\Java\jdk-17\openjfx-21.0.7_windows-x64_bin-sdk\javafx-sdk-21.0.7\lib\javafx.graphics.jar
Add classpath:	C:\Program Files\Java\jdk-17\openjfx-21.0.7_windows-x64_bin-sdk\javafx-sdk-21.0.7\lib\javafx.media.jar
Add classpath:	C:\Program Files\Java\jdk-17\openjfx-21.0.7_windows-x64_bin-sdk\javafx-sdk-21.0.7\lib\javafx.properties
Add classpath:	C:\Program Files\Java\jdk-17\openjfx-21.0.7_windows-x64_bin-sdk\javafx-sdk-21.0.7\lib\javafx.swing.jar
Add classpath:	C:\Program Files\Java\jdk-17\openjfx-21.0.7_windows-x64_bin-sdk\javafx-sdk-21.0.7\lib\javafx.web.jar
Add classpath:	C:\Program Files\Java\jdk-17\openjfx-21.0.7_windows-x64_bin-sdk\javafx-sdk-21.0.7\lib\javafx-swt.jar
Launcher:	C:\Program Files\Java\jdk-17\bin\javaw.exe
Launcher args:	-classpath "target\ui-1.0-SNAPSHOT.jar;C:\Program Files\Java\jdk-17\openjfx-21.0.7_windows-x64_bin-sdk\javafx-sdk-21.0.7\lib;C:\Code\chaythue\web-app-share-tipsPhanMinhHieu\fe-pc\ui\src\main\java\com\example\ui\utils\FXRouter.java;C:\Program Files\Java\jdk-17\openjfx-21.0.7_windows-x64_bin-sdk\javafx-sdk-21.0.7\lib\javafx.base.jar;C:\Program Files\Java\jdk-17\openjfx-21.0.7_windows-x64_bin-sdk\javafx-sdk-21.0.7\lib\javafx.controls.jar;C:\Program Files\Java\jdk-17\openjfx-21.0.7_windows-x64_bin-sdk\javafx-sdk-21.0.7\lib\javafx.fxml.jar;C:\Program Files\Java\jdk-17\openjfx-21.0.7_windows-x64_bin-sdk\javafx-sdk-21.0.7\lib\javafx.graphics.jar;C:\Program Files\Java\jdk-17\openjfx-21.0.7_windows-x64_bin-sdk\javafx-sdk-21.0.7\lib\javafx.media.jar;C:\Program Files\Java\jdk-17\openjfx-21.0.7_windows-x64_bin-sdk\javafx-sdk-21.0.7\lib\javafx.properties;C:\Program Files\Java\jdk-17\openjfx-21.0.7_windows-x64_bin-sdk\javafx-sdk-21.0.7\lib\javafx.swing.jar;C:\Program Files\Java\jdk-17\openjfx-21.0.7_windows-x64_bin-sdk\javafx-sdk-21.0.7\lib\javafx.web.jar;C:\Program Files\Java\jdk-17\openjfx-21.0.7_windows-x64_bin-sdk\javafx-sdk-21.0.7\lib\javafx-swt.jar" com.example.ui.Main
Args length:	1179/32768 chars
Exit code:	0


Version:	3.50
CmdLine:	C:\Code\chaythue\web-app-share-tipsPhanMinhHieu\fe-pc\ui\output\LifeTips.exe --l4j-debug
JNI:		No
WOW64:		Yes
Working dir:	C:\Code\chaythue\web-app-share-tipsPhanMinhHieu\fe-pc\ui\output\.
Requires JDK:	Yes
Requires 64-Bit: Yes
Java min ver:	1.017.000
Java max ver:	
Substitute:	JAVA_HOME = C:\Program Files\Java\jdk-17
Substitute:	PATH = c:\Users\nino\AppData\Local\Programs\cursor\resources\app\bin;C:\Program Files\Common Files\Oracle\Java\javapath;C:\WINDOWS\system32;C:\WINDOWS;C:\WINDOWS\System32\Wbem;C:\WINDOWS\System32\WindowsPowerShell\v1.0\;C:\WINDOWS\System32\OpenSSH\;C:\Program Files\dotnet\;C:\Users\nino\AppData\Local\nvm;C:\nvm4w\nodejs;C:\Data\app\Git\cmd;C:\Program Files\Microsoft SQL Server\150\Tools\Binn\;C:\Data\app\dvm\;C:\Data\app\dartsdk-windows-x64-release-3.7.3\dart-sdk\bin;C:\Data\app\dartsdk-windows-x64-release\dart-sdk\bin;C:\Data\app\fvm-3.2.1-windows-x64\fvm\src;C:\Data\app\fvm-3.2.1-windows-x64\fvm;C:\Program Files\Java\jdk-17\bin;C:\Program Files\Java\jdk-17;C:\Program Files\Microsoft SQL Server\Client SDK\ODBC\170\Tools\Binn\;C:\Program Files (x86)\Microsoft SQL Server\160\Tools\Binn\;C:\Program Files\Microsoft SQL Server\160\Tools\Binn\;C:\Program Files\Microsoft SQL Server\160\DTS\Binn\;C:\Program Files (x86)\Microsoft SQL Server\160\DTS\Binn\;C:\Users\nino\AppData\Local\Programs\Python\Python311\Scripts\;C:\User;C:\apache-maven-3.9.10-bin\apache-maven-3.9.10\bin;C:\Program Files (x86)\WiX Toolset v3.11\bin;C:\Users\nino\AppData\Local\Programs\Python\Python311\Scripts\;C:\Users\nino\AppData\Local\Programs\Python\Python311\;C:\Users\nino\AppData\Local\Microsoft\WindowsApps;C:\Users\nino\AppData\Local\Programs\Microsoft VS Code\bin;C:\Users\nino\AppData\Local\nvm;C:\nvm4w\nodejs;C:\Data\app\IntelliJ IDEA 2025.1\bin;C:\Data\app\dvm\;C:\Data\app\IJ\IntelliJ IDEA Community Edition 2025.1\bin;C:\Users\nino\fvm\default\bin;C:\Users\nino\.dotnet\tools;C:\Users\nino\.lmstudio\bin;C:\Users\nino\AppData\Local\Programs\cursor\resources\app\bin;C:\Program Files\Java\jdk-17;C:\Users\nino\.dotnet\tools;C:\Program Files\Java\jdk-17\bin
JRE paths:	C:\Program Files\Java\jdk-17;c:\Users\nino\AppData\Local\Programs\cursor\resources\app\bin;C:\Program Files\Common Files\Oracle\Java\javapath;C:\WINDOWS\system32;C:\WINDOWS;C:\WINDOWS\System32\Wbem;C:\WINDOWS\System32\WindowsPowerShell\v1.0\;C:\WINDOWS\System32\OpenSSH\;C:\Program Files\dotnet\;C:\Users\nino\AppData\Local\nvm;C:\nvm4w\nodejs;C:\Data\app\Git\cmd;C:\Program Files\Microsoft SQL Server\150\Tools\Binn\;C:\Data\app\dvm\;C:\Data\app\dartsdk-windows-x64-release-3.7.3\dart-sdk\bin;C:\Data\app\dartsdk-windows-x64-release\dart-sdk\bin;C:\Data\app\fvm-3.2.1-windows-x64\fvm\src;C:\Data\app\fvm-3.2.1-windows-x64\fvm;C:\Program Files\Java\jdk-17\bin;C:\Program Files\Java\jdk-17;C:\Program Files\Microsoft SQL Server\Client SDK\ODBC\170\Tools\Binn\;C:\Program Files (x86)\Microsoft SQL Server\160\Tools\Binn\;C:\Program Files\Microsoft SQL Server\160\Tools\Binn\;C:\Program Files\Microsoft SQL Server\160\DTS\Binn\;C:\Program Files (x86)\Microsoft SQL Server\160\DTS\Binn\;C:\Users\nino\AppData\Local\Programs\Python\Python311\Scripts\;C:\User;C:\apache-maven-3.9.10-bin\apache-maven-3.9.10\bin;C:\Program Files (x86)\WiX Toolset v3.11\bin;C:\Users\nino\AppData\Local\Programs\Python\Python311\Scripts\;C:\Users\nino\AppData\Local\Programs\Python\Python311\;C:\Users\nino\AppData\Local\Microsoft\WindowsApps;C:\Users\nino\AppData\Local\Programs\Microsoft VS Code\bin;C:\Users\nino\AppData\Local\nvm;C:\nvm4w\nodejs;C:\Data\app\IntelliJ IDEA 2025.1\bin;C:\Data\app\dvm\;C:\Data\app\IJ\IntelliJ IDEA Community Edition 2025.1\bin;C:\Users\nino\fvm\default\bin;C:\Users\nino\.dotnet\tools;C:\Users\nino\.lmstudio\bin;C:\Users\nino\AppData\Local\Programs\cursor\resources\app\bin;C:\Program Files\Java\jdk-17;C:\Users\nino\.dotnet\tools;C:\Program Files\Java\jdk-17\bin
Check launcher:	C:\Program Files\Java\jdk-17\bin\javaw.exe (OK)
Check javac:	C:\Program Files\Java\jdk-17\bin\javac.exe (OK)
Version string: 1.017.000_012 / 64-Bit (OK)
Main class:	com.example.ui.Main
Add classpath:	C:\Program Files\Java\jdk-17\openjfx-21.0.7_windows-x64_bin-sdk\javafx-sdk-21.0.7\lib
Add classpath:	C:\Code\chaythue\web-app-share-tipsPhanMinhHieu\fe-pc\ui\src\main\java\com\example\ui\utils\FXRouter.java
Add classpath:	C:\Program Files\Java\jdk-17\openjfx-21.0.7_windows-x64_bin-sdk\javafx-sdk-21.0.7\lib\javafx.base.jar
Add classpath:	C:\Program Files\Java\jdk-17\openjfx-21.0.7_windows-x64_bin-sdk\javafx-sdk-21.0.7\lib\javafx.controls.jar
Add classpath:	C:\Program Files\Java\jdk-17\openjfx-21.0.7_windows-x64_bin-sdk\javafx-sdk-21.0.7\lib\javafx.fxml.jar
Add classpath:	C:\Program Files\Java\jdk-17\openjfx-21.0.7_windows-x64_bin-sdk\javafx-sdk-21.0.7\lib\javafx.graphics.jar
Add classpath:	C:\Program Files\Java\jdk-17\openjfx-21.0.7_windows-x64_bin-sdk\javafx-sdk-21.0.7\lib\javafx.media.jar
Add classpath:	C:\Program Files\Java\jdk-17\openjfx-21.0.7_windows-x64_bin-sdk\javafx-sdk-21.0.7\lib\javafx.properties
Add classpath:	C:\Program Files\Java\jdk-17\openjfx-21.0.7_windows-x64_bin-sdk\javafx-sdk-21.0.7\lib\javafx.swing.jar
Add classpath:	C:\Program Files\Java\jdk-17\openjfx-21.0.7_windows-x64_bin-sdk\javafx-sdk-21.0.7\lib\javafx.web.jar
Add classpath:	C:\Program Files\Java\jdk-17\openjfx-21.0.7_windows-x64_bin-sdk\javafx-sdk-21.0.7\lib\javafx-swt.jar
Launcher:	C:\Program Files\Java\jdk-17\bin\javaw.exe
Launcher args:	-classpath "target\ui-1.0-SNAPSHOT.jar;C:\Program Files\Java\jdk-17\openjfx-21.0.7_windows-x64_bin-sdk\javafx-sdk-21.0.7\lib;C:\Code\chaythue\web-app-share-tipsPhanMinhHieu\fe-pc\ui\src\main\java\com\example\ui\utils\FXRouter.java;C:\Program Files\Java\jdk-17\openjfx-21.0.7_windows-x64_bin-sdk\javafx-sdk-21.0.7\lib\javafx.base.jar;C:\Program Files\Java\jdk-17\openjfx-21.0.7_windows-x64_bin-sdk\javafx-sdk-21.0.7\lib\javafx.controls.jar;C:\Program Files\Java\jdk-17\openjfx-21.0.7_windows-x64_bin-sdk\javafx-sdk-21.0.7\lib\javafx.fxml.jar;C:\Program Files\Java\jdk-17\openjfx-21.0.7_windows-x64_bin-sdk\javafx-sdk-21.0.7\lib\javafx.graphics.jar;C:\Program Files\Java\jdk-17\openjfx-21.0.7_windows-x64_bin-sdk\javafx-sdk-21.0.7\lib\javafx.media.jar;C:\Program Files\Java\jdk-17\openjfx-21.0.7_windows-x64_bin-sdk\javafx-sdk-21.0.7\lib\javafx.properties;C:\Program Files\Java\jdk-17\openjfx-21.0.7_windows-x64_bin-sdk\javafx-sdk-21.0.7\lib\javafx.swing.jar;C:\Program Files\Java\jdk-17\openjfx-21.0.7_windows-x64_bin-sdk\javafx-sdk-21.0.7\lib\javafx.web.jar;C:\Program Files\Java\jdk-17\openjfx-21.0.7_windows-x64_bin-sdk\javafx-sdk-21.0.7\lib\javafx-swt.jar" com.example.ui.Main
Args length:	1179/32768 chars
Exit code:	0


Version:	3.50
CmdLine:	C:\Code\chaythue\web-app-share-tipsPhanMinhHieu\fe-pc\ui\output\LifeTips.exe --l4j-debug
JNI:		No
WOW64:		Yes
Working dir:	C:\Code\chaythue\web-app-share-tipsPhanMinhHieu\fe-pc\ui\output\.
Requires JDK:	Yes
Requires 64-Bit: Yes
Java min ver:	1.017.000
Java max ver:	
Substitute:	JAVA_HOME = C:\Program Files\Java\jdk-17
Substitute:	PATH = c:\Users\nino\AppData\Local\Programs\cursor\resources\app\bin;C:\Program Files\Common Files\Oracle\Java\javapath;C:\WINDOWS\system32;C:\WINDOWS;C:\WINDOWS\System32\Wbem;C:\WINDOWS\System32\WindowsPowerShell\v1.0\;C:\WINDOWS\System32\OpenSSH\;C:\Program Files\dotnet\;C:\Users\nino\AppData\Local\nvm;C:\nvm4w\nodejs;C:\Data\app\Git\cmd;C:\Program Files\Microsoft SQL Server\150\Tools\Binn\;C:\Data\app\dvm\;C:\Data\app\dartsdk-windows-x64-release-3.7.3\dart-sdk\bin;C:\Data\app\dartsdk-windows-x64-release\dart-sdk\bin;C:\Data\app\fvm-3.2.1-windows-x64\fvm\src;C:\Data\app\fvm-3.2.1-windows-x64\fvm;C:\Program Files\Java\jdk-17\bin;C:\Program Files\Java\jdk-17;C:\Program Files\Microsoft SQL Server\Client SDK\ODBC\170\Tools\Binn\;C:\Program Files (x86)\Microsoft SQL Server\160\Tools\Binn\;C:\Program Files\Microsoft SQL Server\160\Tools\Binn\;C:\Program Files\Microsoft SQL Server\160\DTS\Binn\;C:\Program Files (x86)\Microsoft SQL Server\160\DTS\Binn\;C:\Users\nino\AppData\Local\Programs\Python\Python311\Scripts\;C:\User;C:\apache-maven-3.9.10-bin\apache-maven-3.9.10\bin;C:\Program Files (x86)\WiX Toolset v3.11\bin;C:\Users\nino\AppData\Local\Programs\Python\Python311\Scripts\;C:\Users\nino\AppData\Local\Programs\Python\Python311\;C:\Users\nino\AppData\Local\Microsoft\WindowsApps;C:\Users\nino\AppData\Local\Programs\Microsoft VS Code\bin;C:\Users\nino\AppData\Local\nvm;C:\nvm4w\nodejs;C:\Data\app\IntelliJ IDEA 2025.1\bin;C:\Data\app\dvm\;C:\Data\app\IJ\IntelliJ IDEA Community Edition 2025.1\bin;C:\Users\nino\fvm\default\bin;C:\Users\nino\.dotnet\tools;C:\Users\nino\.lmstudio\bin;C:\Users\nino\AppData\Local\Programs\cursor\resources\app\bin;C:\Program Files\Java\jdk-17;C:\Users\nino\.dotnet\tools;C:\Program Files\Java\jdk-17\bin
JRE paths:	C:\Program Files\Java\jdk-17;c:\Users\nino\AppData\Local\Programs\cursor\resources\app\bin;C:\Program Files\Common Files\Oracle\Java\javapath;C:\WINDOWS\system32;C:\WINDOWS;C:\WINDOWS\System32\Wbem;C:\WINDOWS\System32\WindowsPowerShell\v1.0\;C:\WINDOWS\System32\OpenSSH\;C:\Program Files\dotnet\;C:\Users\nino\AppData\Local\nvm;C:\nvm4w\nodejs;C:\Data\app\Git\cmd;C:\Program Files\Microsoft SQL Server\150\Tools\Binn\;C:\Data\app\dvm\;C:\Data\app\dartsdk-windows-x64-release-3.7.3\dart-sdk\bin;C:\Data\app\dartsdk-windows-x64-release\dart-sdk\bin;C:\Data\app\fvm-3.2.1-windows-x64\fvm\src;C:\Data\app\fvm-3.2.1-windows-x64\fvm;C:\Program Files\Java\jdk-17\bin;C:\Program Files\Java\jdk-17;C:\Program Files\Microsoft SQL Server\Client SDK\ODBC\170\Tools\Binn\;C:\Program Files (x86)\Microsoft SQL Server\160\Tools\Binn\;C:\Program Files\Microsoft SQL Server\160\Tools\Binn\;C:\Program Files\Microsoft SQL Server\160\DTS\Binn\;C:\Program Files (x86)\Microsoft SQL Server\160\DTS\Binn\;C:\Users\nino\AppData\Local\Programs\Python\Python311\Scripts\;C:\User;C:\apache-maven-3.9.10-bin\apache-maven-3.9.10\bin;C:\Program Files (x86)\WiX Toolset v3.11\bin;C:\Users\nino\AppData\Local\Programs\Python\Python311\Scripts\;C:\Users\nino\AppData\Local\Programs\Python\Python311\;C:\Users\nino\AppData\Local\Microsoft\WindowsApps;C:\Users\nino\AppData\Local\Programs\Microsoft VS Code\bin;C:\Users\nino\AppData\Local\nvm;C:\nvm4w\nodejs;C:\Data\app\IntelliJ IDEA 2025.1\bin;C:\Data\app\dvm\;C:\Data\app\IJ\IntelliJ IDEA Community Edition 2025.1\bin;C:\Users\nino\fvm\default\bin;C:\Users\nino\.dotnet\tools;C:\Users\nino\.lmstudio\bin;C:\Users\nino\AppData\Local\Programs\cursor\resources\app\bin;C:\Program Files\Java\jdk-17;C:\Users\nino\.dotnet\tools;C:\Program Files\Java\jdk-17\bin
Check launcher:	C:\Program Files\Java\jdk-17\bin\javaw.exe (OK)
Check javac:	C:\Program Files\Java\jdk-17\bin\javac.exe (OK)
Version string: 1.017.000_012 / 64-Bit (OK)
Main class:	com.example.ui.Main
Add classpath:	C:\Program Files\Java\jdk-17\openjfx-21.0.7_windows-x64_bin-sdk\javafx-sdk-21.0.7\lib
Add classpath:	C:\Code\chaythue\web-app-share-tipsPhanMinhHieu\fe-pc\ui\src\main\java\com\example\ui\utils\FXRouter.java
Add classpath:	C:\Program Files\Java\jdk-17\openjfx-21.0.7_windows-x64_bin-sdk\javafx-sdk-21.0.7\lib\javafx.base.jar
Add classpath:	C:\Program Files\Java\jdk-17\openjfx-21.0.7_windows-x64_bin-sdk\javafx-sdk-21.0.7\lib\javafx.controls.jar
Add classpath:	C:\Program Files\Java\jdk-17\openjfx-21.0.7_windows-x64_bin-sdk\javafx-sdk-21.0.7\lib\javafx.fxml.jar
Add classpath:	C:\Program Files\Java\jdk-17\openjfx-21.0.7_windows-x64_bin-sdk\javafx-sdk-21.0.7\lib\javafx.graphics.jar
Add classpath:	C:\Program Files\Java\jdk-17\openjfx-21.0.7_windows-x64_bin-sdk\javafx-sdk-21.0.7\lib\javafx.media.jar
Add classpath:	C:\Program Files\Java\jdk-17\openjfx-21.0.7_windows-x64_bin-sdk\javafx-sdk-21.0.7\lib\javafx.properties
Add classpath:	C:\Program Files\Java\jdk-17\openjfx-21.0.7_windows-x64_bin-sdk\javafx-sdk-21.0.7\lib\javafx.swing.jar
Add classpath:	C:\Program Files\Java\jdk-17\openjfx-21.0.7_windows-x64_bin-sdk\javafx-sdk-21.0.7\lib\javafx.web.jar
Add classpath:	C:\Program Files\Java\jdk-17\openjfx-21.0.7_windows-x64_bin-sdk\javafx-sdk-21.0.7\lib\javafx-swt.jar
Launcher:	C:\Program Files\Java\jdk-17\bin\javaw.exe
Launcher args:	-classpath "target\ui-1.0-SNAPSHOT.jar;C:\Program Files\Java\jdk-17\openjfx-21.0.7_windows-x64_bin-sdk\javafx-sdk-21.0.7\lib;C:\Code\chaythue\web-app-share-tipsPhanMinhHieu\fe-pc\ui\src\main\java\com\example\ui\utils\FXRouter.java;C:\Program Files\Java\jdk-17\openjfx-21.0.7_windows-x64_bin-sdk\javafx-sdk-21.0.7\lib\javafx.base.jar;C:\Program Files\Java\jdk-17\openjfx-21.0.7_windows-x64_bin-sdk\javafx-sdk-21.0.7\lib\javafx.controls.jar;C:\Program Files\Java\jdk-17\openjfx-21.0.7_windows-x64_bin-sdk\javafx-sdk-21.0.7\lib\javafx.fxml.jar;C:\Program Files\Java\jdk-17\openjfx-21.0.7_windows-x64_bin-sdk\javafx-sdk-21.0.7\lib\javafx.graphics.jar;C:\Program Files\Java\jdk-17\openjfx-21.0.7_windows-x64_bin-sdk\javafx-sdk-21.0.7\lib\javafx.media.jar;C:\Program Files\Java\jdk-17\openjfx-21.0.7_windows-x64_bin-sdk\javafx-sdk-21.0.7\lib\javafx.properties;C:\Program Files\Java\jdk-17\openjfx-21.0.7_windows-x64_bin-sdk\javafx-sdk-21.0.7\lib\javafx.swing.jar;C:\Program Files\Java\jdk-17\openjfx-21.0.7_windows-x64_bin-sdk\javafx-sdk-21.0.7\lib\javafx.web.jar;C:\Program Files\Java\jdk-17\openjfx-21.0.7_windows-x64_bin-sdk\javafx-sdk-21.0.7\lib\javafx-swt.jar" com.example.ui.Main
Args length:	1179/32768 chars
Exit code:	0


Version:	3.50
CmdLine:	C:\Code\chaythue\web-app-share-tipsPhanMinhHieu\fe-pc\ui\output\LifeTips.exe --l4j-debug
JNI:		No
WOW64:		Yes
Working dir:	C:\Code\chaythue\web-app-share-tipsPhanMinhHieu\fe-pc\ui\output\.
Requires JDK:	Yes
Requires 64-Bit: Yes
Java min ver:	1.017.000
Java max ver:	
Substitute:	JAVA_HOME = C:\Program Files\Java\jdk-17
Substitute:	PATH = c:\Users\nino\AppData\Local\Programs\cursor\resources\app\bin;C:\Program Files\Common Files\Oracle\Java\javapath;C:\WINDOWS\system32;C:\WINDOWS;C:\WINDOWS\System32\Wbem;C:\WINDOWS\System32\WindowsPowerShell\v1.0\;C:\WINDOWS\System32\OpenSSH\;C:\Program Files\dotnet\;C:\Users\nino\AppData\Local\nvm;C:\nvm4w\nodejs;C:\Data\app\Git\cmd;C:\Program Files\Microsoft SQL Server\150\Tools\Binn\;C:\Data\app\dvm\;C:\Data\app\dartsdk-windows-x64-release-3.7.3\dart-sdk\bin;C:\Data\app\dartsdk-windows-x64-release\dart-sdk\bin;C:\Data\app\fvm-3.2.1-windows-x64\fvm\src;C:\Data\app\fvm-3.2.1-windows-x64\fvm;C:\Program Files\Java\jdk-17\bin;C:\Program Files\Java\jdk-17;C:\Program Files\Microsoft SQL Server\Client SDK\ODBC\170\Tools\Binn\;C:\Program Files (x86)\Microsoft SQL Server\160\Tools\Binn\;C:\Program Files\Microsoft SQL Server\160\Tools\Binn\;C:\Program Files\Microsoft SQL Server\160\DTS\Binn\;C:\Program Files (x86)\Microsoft SQL Server\160\DTS\Binn\;C:\Users\nino\AppData\Local\Programs\Python\Python311\Scripts\;C:\User;C:\apache-maven-3.9.10-bin\apache-maven-3.9.10\bin;C:\Program Files (x86)\WiX Toolset v3.11\bin;C:\Users\nino\AppData\Local\Programs\Python\Python311\Scripts\;C:\Users\nino\AppData\Local\Programs\Python\Python311\;C:\Users\nino\AppData\Local\Microsoft\WindowsApps;C:\Users\nino\AppData\Local\Programs\Microsoft VS Code\bin;C:\Users\nino\AppData\Local\nvm;C:\nvm4w\nodejs;C:\Data\app\IntelliJ IDEA 2025.1\bin;C:\Data\app\dvm\;C:\Data\app\IJ\IntelliJ IDEA Community Edition 2025.1\bin;C:\Users\nino\fvm\default\bin;C:\Users\nino\.dotnet\tools;C:\Users\nino\.lmstudio\bin;C:\Users\nino\AppData\Local\Programs\cursor\resources\app\bin;C:\Program Files\Java\jdk-17;C:\Users\nino\.dotnet\tools;C:\Program Files\Java\jdk-17\bin
JRE paths:	C:\Program Files\Java\jdk-17;c:\Users\nino\AppData\Local\Programs\cursor\resources\app\bin;C:\Program Files\Common Files\Oracle\Java\javapath;C:\WINDOWS\system32;C:\WINDOWS;C:\WINDOWS\System32\Wbem;C:\WINDOWS\System32\WindowsPowerShell\v1.0\;C:\WINDOWS\System32\OpenSSH\;C:\Program Files\dotnet\;C:\Users\nino\AppData\Local\nvm;C:\nvm4w\nodejs;C:\Data\app\Git\cmd;C:\Program Files\Microsoft SQL Server\150\Tools\Binn\;C:\Data\app\dvm\;C:\Data\app\dartsdk-windows-x64-release-3.7.3\dart-sdk\bin;C:\Data\app\dartsdk-windows-x64-release\dart-sdk\bin;C:\Data\app\fvm-3.2.1-windows-x64\fvm\src;C:\Data\app\fvm-3.2.1-windows-x64\fvm;C:\Program Files\Java\jdk-17\bin;C:\Program Files\Java\jdk-17;C:\Program Files\Microsoft SQL Server\Client SDK\ODBC\170\Tools\Binn\;C:\Program Files (x86)\Microsoft SQL Server\160\Tools\Binn\;C:\Program Files\Microsoft SQL Server\160\Tools\Binn\;C:\Program Files\Microsoft SQL Server\160\DTS\Binn\;C:\Program Files (x86)\Microsoft SQL Server\160\DTS\Binn\;C:\Users\nino\AppData\Local\Programs\Python\Python311\Scripts\;C:\User;C:\apache-maven-3.9.10-bin\apache-maven-3.9.10\bin;C:\Program Files (x86)\WiX Toolset v3.11\bin;C:\Users\nino\AppData\Local\Programs\Python\Python311\Scripts\;C:\Users\nino\AppData\Local\Programs\Python\Python311\;C:\Users\nino\AppData\Local\Microsoft\WindowsApps;C:\Users\nino\AppData\Local\Programs\Microsoft VS Code\bin;C:\Users\nino\AppData\Local\nvm;C:\nvm4w\nodejs;C:\Data\app\IntelliJ IDEA 2025.1\bin;C:\Data\app\dvm\;C:\Data\app\IJ\IntelliJ IDEA Community Edition 2025.1\bin;C:\Users\nino\fvm\default\bin;C:\Users\nino\.dotnet\tools;C:\Users\nino\.lmstudio\bin;C:\Users\nino\AppData\Local\Programs\cursor\resources\app\bin;C:\Program Files\Java\jdk-17;C:\Users\nino\.dotnet\tools;C:\Program Files\Java\jdk-17\bin
Check launcher:	C:\Program Files\Java\jdk-17\bin\javaw.exe (OK)
Check javac:	C:\Program Files\Java\jdk-17\bin\javac.exe (OK)
Version string: 1.017.000_012 / 64-Bit (OK)
Main class:	com.example.ui.Main
Add classpath:	C:\Program Files\Java\jdk-17\openjfx-21.0.7_windows-x64_bin-sdk\javafx-sdk-21.0.7\lib
Add classpath:	C:\Code\chaythue\web-app-share-tipsPhanMinhHieu\fe-pc\ui\src\main\java\com\example\ui\utils\FXRouter.java
Add classpath:	C:\Program Files\Java\jdk-17\openjfx-21.0.7_windows-x64_bin-sdk\javafx-sdk-21.0.7\lib\javafx.base.jar
Add classpath:	C:\Program Files\Java\jdk-17\openjfx-21.0.7_windows-x64_bin-sdk\javafx-sdk-21.0.7\lib\javafx.controls.jar
Add classpath:	C:\Program Files\Java\jdk-17\openjfx-21.0.7_windows-x64_bin-sdk\javafx-sdk-21.0.7\lib\javafx.fxml.jar
Add classpath:	C:\Program Files\Java\jdk-17\openjfx-21.0.7_windows-x64_bin-sdk\javafx-sdk-21.0.7\lib\javafx.graphics.jar
Add classpath:	C:\Program Files\Java\jdk-17\openjfx-21.0.7_windows-x64_bin-sdk\javafx-sdk-21.0.7\lib\javafx.media.jar
Add classpath:	C:\Program Files\Java\jdk-17\openjfx-21.0.7_windows-x64_bin-sdk\javafx-sdk-21.0.7\lib\javafx.properties
Add classpath:	C:\Program Files\Java\jdk-17\openjfx-21.0.7_windows-x64_bin-sdk\javafx-sdk-21.0.7\lib\javafx.swing.jar
Add classpath:	C:\Program Files\Java\jdk-17\openjfx-21.0.7_windows-x64_bin-sdk\javafx-sdk-21.0.7\lib\javafx.web.jar
Add classpath:	C:\Program Files\Java\jdk-17\openjfx-21.0.7_windows-x64_bin-sdk\javafx-sdk-21.0.7\lib\javafx-swt.jar
Launcher:	C:\Program Files\Java\jdk-17\bin\javaw.exe
Launcher args:	-classpath "target\ui-1.0-SNAPSHOT.jar;C:\Program Files\Java\jdk-17\openjfx-21.0.7_windows-x64_bin-sdk\javafx-sdk-21.0.7\lib;C:\Code\chaythue\web-app-share-tipsPhanMinhHieu\fe-pc\ui\src\main\java\com\example\ui\utils\FXRouter.java;C:\Program Files\Java\jdk-17\openjfx-21.0.7_windows-x64_bin-sdk\javafx-sdk-21.0.7\lib\javafx.base.jar;C:\Program Files\Java\jdk-17\openjfx-21.0.7_windows-x64_bin-sdk\javafx-sdk-21.0.7\lib\javafx.controls.jar;C:\Program Files\Java\jdk-17\openjfx-21.0.7_windows-x64_bin-sdk\javafx-sdk-21.0.7\lib\javafx.fxml.jar;C:\Program Files\Java\jdk-17\openjfx-21.0.7_windows-x64_bin-sdk\javafx-sdk-21.0.7\lib\javafx.graphics.jar;C:\Program Files\Java\jdk-17\openjfx-21.0.7_windows-x64_bin-sdk\javafx-sdk-21.0.7\lib\javafx.media.jar;C:\Program Files\Java\jdk-17\openjfx-21.0.7_windows-x64_bin-sdk\javafx-sdk-21.0.7\lib\javafx.properties;C:\Program Files\Java\jdk-17\openjfx-21.0.7_windows-x64_bin-sdk\javafx-sdk-21.0.7\lib\javafx.swing.jar;C:\Program Files\Java\jdk-17\openjfx-21.0.7_windows-x64_bin-sdk\javafx-sdk-21.0.7\lib\javafx.web.jar;C:\Program Files\Java\jdk-17\openjfx-21.0.7_windows-x64_bin-sdk\javafx-sdk-21.0.7\lib\javafx-swt.jar" com.example.ui.Main
Args length:	1179/32768 chars
Exit code:	0


Version:	3.50
CmdLine:	C:\Code\chaythue\web-app-share-tipsPhanMinhHieu\fe-pc\ui\output\LifeTips.exe --l4j-debug
JNI:		No
WOW64:		Yes
Working dir:	C:\Code\chaythue\web-app-share-tipsPhanMinhHieu\fe-pc\ui\output\.
Requires JDK:	Yes
Requires 64-Bit: Yes
Java min ver:	1.017.000
Java max ver:	
Substitute:	JAVA_HOME = C:\Program Files\Java\jdk-17
Substitute:	PATH = c:\Users\nino\AppData\Local\Programs\cursor\resources\app\bin;C:\Program Files\Common Files\Oracle\Java\javapath;C:\WINDOWS\system32;C:\WINDOWS;C:\WINDOWS\System32\Wbem;C:\WINDOWS\System32\WindowsPowerShell\v1.0\;C:\WINDOWS\System32\OpenSSH\;C:\Program Files\dotnet\;C:\Users\nino\AppData\Local\nvm;C:\nvm4w\nodejs;C:\Data\app\Git\cmd;C:\Program Files\Microsoft SQL Server\150\Tools\Binn\;C:\Data\app\dvm\;C:\Data\app\dartsdk-windows-x64-release-3.7.3\dart-sdk\bin;C:\Data\app\dartsdk-windows-x64-release\dart-sdk\bin;C:\Data\app\fvm-3.2.1-windows-x64\fvm\src;C:\Data\app\fvm-3.2.1-windows-x64\fvm;C:\Program Files\Java\jdk-17\bin;C:\Program Files\Java\jdk-17;C:\Program Files\Microsoft SQL Server\Client SDK\ODBC\170\Tools\Binn\;C:\Program Files (x86)\Microsoft SQL Server\160\Tools\Binn\;C:\Program Files\Microsoft SQL Server\160\Tools\Binn\;C:\Program Files\Microsoft SQL Server\160\DTS\Binn\;C:\Program Files (x86)\Microsoft SQL Server\160\DTS\Binn\;C:\Users\nino\AppData\Local\Programs\Python\Python311\Scripts\;C:\User;C:\apache-maven-3.9.10-bin\apache-maven-3.9.10\bin;C:\Program Files (x86)\WiX Toolset v3.11\bin;C:\Users\nino\AppData\Local\Programs\Python\Python311\Scripts\;C:\Users\nino\AppData\Local\Programs\Python\Python311\;C:\Users\nino\AppData\Local\Microsoft\WindowsApps;C:\Users\nino\AppData\Local\Programs\Microsoft VS Code\bin;C:\Users\nino\AppData\Local\nvm;C:\nvm4w\nodejs;C:\Data\app\IntelliJ IDEA 2025.1\bin;C:\Data\app\dvm\;C:\Data\app\IJ\IntelliJ IDEA Community Edition 2025.1\bin;C:\Users\nino\fvm\default\bin;C:\Users\nino\.dotnet\tools;C:\Users\nino\.lmstudio\bin;C:\Users\nino\AppData\Local\Programs\cursor\resources\app\bin;C:\Program Files\Java\jdk-17;C:\Users\nino\.dotnet\tools;C:\Program Files\Java\jdk-17\bin
JRE paths:	C:\Program Files\Java\jdk-17;c:\Users\nino\AppData\Local\Programs\cursor\resources\app\bin;C:\Program Files\Common Files\Oracle\Java\javapath;C:\WINDOWS\system32;C:\WINDOWS;C:\WINDOWS\System32\Wbem;C:\WINDOWS\System32\WindowsPowerShell\v1.0\;C:\WINDOWS\System32\OpenSSH\;C:\Program Files\dotnet\;C:\Users\nino\AppData\Local\nvm;C:\nvm4w\nodejs;C:\Data\app\Git\cmd;C:\Program Files\Microsoft SQL Server\150\Tools\Binn\;C:\Data\app\dvm\;C:\Data\app\dartsdk-windows-x64-release-3.7.3\dart-sdk\bin;C:\Data\app\dartsdk-windows-x64-release\dart-sdk\bin;C:\Data\app\fvm-3.2.1-windows-x64\fvm\src;C:\Data\app\fvm-3.2.1-windows-x64\fvm;C:\Program Files\Java\jdk-17\bin;C:\Program Files\Java\jdk-17;C:\Program Files\Microsoft SQL Server\Client SDK\ODBC\170\Tools\Binn\;C:\Program Files (x86)\Microsoft SQL Server\160\Tools\Binn\;C:\Program Files\Microsoft SQL Server\160\Tools\Binn\;C:\Program Files\Microsoft SQL Server\160\DTS\Binn\;C:\Program Files (x86)\Microsoft SQL Server\160\DTS\Binn\;C:\Users\nino\AppData\Local\Programs\Python\Python311\Scripts\;C:\User;C:\apache-maven-3.9.10-bin\apache-maven-3.9.10\bin;C:\Program Files (x86)\WiX Toolset v3.11\bin;C:\Users\nino\AppData\Local\Programs\Python\Python311\Scripts\;C:\Users\nino\AppData\Local\Programs\Python\Python311\;C:\Users\nino\AppData\Local\Microsoft\WindowsApps;C:\Users\nino\AppData\Local\Programs\Microsoft VS Code\bin;C:\Users\nino\AppData\Local\nvm;C:\nvm4w\nodejs;C:\Data\app\IntelliJ IDEA 2025.1\bin;C:\Data\app\dvm\;C:\Data\app\IJ\IntelliJ IDEA Community Edition 2025.1\bin;C:\Users\nino\fvm\default\bin;C:\Users\nino\.dotnet\tools;C:\Users\nino\.lmstudio\bin;C:\Users\nino\AppData\Local\Programs\cursor\resources\app\bin;C:\Program Files\Java\jdk-17;C:\Users\nino\.dotnet\tools;C:\Program Files\Java\jdk-17\bin
Check launcher:	C:\Program Files\Java\jdk-17\bin\javaw.exe (OK)
Check javac:	C:\Program Files\Java\jdk-17\bin\javac.exe (OK)
Version string: 1.017.000_012 / 64-Bit (OK)
Main class:	com.example.ui.Main
Add classpath:	C:\Program Files\Java\jdk-17\openjfx-21.0.7_windows-x64_bin-sdk\javafx-sdk-21.0.7\lib
Add classpath:	C:\Code\chaythue\web-app-share-tipsPhanMinhHieu\fe-pc\ui\src\main\java\com\example\ui\utils\FXRouter.java
Add classpath:	C:\Program Files\Java\jdk-17\openjfx-21.0.7_windows-x64_bin-sdk\javafx-sdk-21.0.7\lib\javafx.base.jar
Add classpath:	C:\Program Files\Java\jdk-17\openjfx-21.0.7_windows-x64_bin-sdk\javafx-sdk-21.0.7\lib\javafx.controls.jar
Add classpath:	C:\Program Files\Java\jdk-17\openjfx-21.0.7_windows-x64_bin-sdk\javafx-sdk-21.0.7\lib\javafx.fxml.jar
Add classpath:	C:\Program Files\Java\jdk-17\openjfx-21.0.7_windows-x64_bin-sdk\javafx-sdk-21.0.7\lib\javafx.graphics.jar
Add classpath:	C:\Program Files\Java\jdk-17\openjfx-21.0.7_windows-x64_bin-sdk\javafx-sdk-21.0.7\lib\javafx.media.jar
Add classpath:	C:\Program Files\Java\jdk-17\openjfx-21.0.7_windows-x64_bin-sdk\javafx-sdk-21.0.7\lib\javafx.properties
Add classpath:	C:\Program Files\Java\jdk-17\openjfx-21.0.7_windows-x64_bin-sdk\javafx-sdk-21.0.7\lib\javafx.swing.jar
Add classpath:	C:\Program Files\Java\jdk-17\openjfx-21.0.7_windows-x64_bin-sdk\javafx-sdk-21.0.7\lib\javafx.web.jar
Add classpath:	C:\Program Files\Java\jdk-17\openjfx-21.0.7_windows-x64_bin-sdk\javafx-sdk-21.0.7\lib\javafx-swt.jar
Launcher:	C:\Program Files\Java\jdk-17\bin\javaw.exe
Launcher args:	-classpath "target\ui-1.0-SNAPSHOT.jar;C:\Program Files\Java\jdk-17\openjfx-21.0.7_windows-x64_bin-sdk\javafx-sdk-21.0.7\lib;C:\Code\chaythue\web-app-share-tipsPhanMinhHieu\fe-pc\ui\src\main\java\com\example\ui\utils\FXRouter.java;C:\Program Files\Java\jdk-17\openjfx-21.0.7_windows-x64_bin-sdk\javafx-sdk-21.0.7\lib\javafx.base.jar;C:\Program Files\Java\jdk-17\openjfx-21.0.7_windows-x64_bin-sdk\javafx-sdk-21.0.7\lib\javafx.controls.jar;C:\Program Files\Java\jdk-17\openjfx-21.0.7_windows-x64_bin-sdk\javafx-sdk-21.0.7\lib\javafx.fxml.jar;C:\Program Files\Java\jdk-17\openjfx-21.0.7_windows-x64_bin-sdk\javafx-sdk-21.0.7\lib\javafx.graphics.jar;C:\Program Files\Java\jdk-17\openjfx-21.0.7_windows-x64_bin-sdk\javafx-sdk-21.0.7\lib\javafx.media.jar;C:\Program Files\Java\jdk-17\openjfx-21.0.7_windows-x64_bin-sdk\javafx-sdk-21.0.7\lib\javafx.properties;C:\Program Files\Java\jdk-17\openjfx-21.0.7_windows-x64_bin-sdk\javafx-sdk-21.0.7\lib\javafx.swing.jar;C:\Program Files\Java\jdk-17\openjfx-21.0.7_windows-x64_bin-sdk\javafx-sdk-21.0.7\lib\javafx.web.jar;C:\Program Files\Java\jdk-17\openjfx-21.0.7_windows-x64_bin-sdk\javafx-sdk-21.0.7\lib\javafx-swt.jar" com.example.ui.Main
Args length:	1179/32768 chars
Exit code:	0


Version:	3.50
CmdLine:	C:\Code\chaythue\web-app-share-tipsPhanMinhHieu\fe-pc\ui\output\LifeTips.exe --l4j-debug
JNI:		No
WOW64:		Yes
Working dir:	C:\Code\chaythue\web-app-share-tipsPhanMinhHieu\fe-pc\ui\output\.
Requires JDK:	Yes
Requires 64-Bit: Yes
Java min ver:	1.017.000
Java max ver:	
Substitute:	JAVA_HOME = C:\Program Files\Java\jdk-17
Substitute:	PATH = c:\Users\nino\AppData\Local\Programs\cursor\resources\app\bin;C:\Program Files\Common Files\Oracle\Java\javapath;C:\WINDOWS\system32;C:\WINDOWS;C:\WINDOWS\System32\Wbem;C:\WINDOWS\System32\WindowsPowerShell\v1.0\;C:\WINDOWS\System32\OpenSSH\;C:\Program Files\dotnet\;C:\Users\nino\AppData\Local\nvm;C:\nvm4w\nodejs;C:\Data\app\Git\cmd;C:\Program Files\Microsoft SQL Server\150\Tools\Binn\;C:\Data\app\dvm\;C:\Data\app\dartsdk-windows-x64-release-3.7.3\dart-sdk\bin;C:\Data\app\dartsdk-windows-x64-release\dart-sdk\bin;C:\Data\app\fvm-3.2.1-windows-x64\fvm\src;C:\Data\app\fvm-3.2.1-windows-x64\fvm;C:\Program Files\Java\jdk-17\bin;C:\Program Files\Java\jdk-17;C:\Program Files\Microsoft SQL Server\Client SDK\ODBC\170\Tools\Binn\;C:\Program Files (x86)\Microsoft SQL Server\160\Tools\Binn\;C:\Program Files\Microsoft SQL Server\160\Tools\Binn\;C:\Program Files\Microsoft SQL Server\160\DTS\Binn\;C:\Program Files (x86)\Microsoft SQL Server\160\DTS\Binn\;C:\Users\nino\AppData\Local\Programs\Python\Python311\Scripts\;C:\User;C:\apache-maven-3.9.10-bin\apache-maven-3.9.10\bin;C:\Program Files (x86)\WiX Toolset v3.11\bin;C:\Users\nino\AppData\Local\Programs\Python\Python311\Scripts\;C:\Users\nino\AppData\Local\Programs\Python\Python311\;C:\Users\nino\AppData\Local\Microsoft\WindowsApps;C:\Users\nino\AppData\Local\Programs\Microsoft VS Code\bin;C:\Users\nino\AppData\Local\nvm;C:\nvm4w\nodejs;C:\Data\app\IntelliJ IDEA 2025.1\bin;C:\Data\app\dvm\;C:\Data\app\IJ\IntelliJ IDEA Community Edition 2025.1\bin;C:\Users\nino\fvm\default\bin;C:\Users\nino\.dotnet\tools;C:\Users\nino\.lmstudio\bin;C:\Users\nino\AppData\Local\Programs\cursor\resources\app\bin;C:\Program Files\Java\jdk-17;C:\Users\nino\.dotnet\tools;C:\Program Files\Java\jdk-17\bin
JRE paths:	C:\Program Files\Java\jdk-17;c:\Users\nino\AppData\Local\Programs\cursor\resources\app\bin;C:\Program Files\Common Files\Oracle\Java\javapath;C:\WINDOWS\system32;C:\WINDOWS;C:\WINDOWS\System32\Wbem;C:\WINDOWS\System32\WindowsPowerShell\v1.0\;C:\WINDOWS\System32\OpenSSH\;C:\Program Files\dotnet\;C:\Users\nino\AppData\Local\nvm;C:\nvm4w\nodejs;C:\Data\app\Git\cmd;C:\Program Files\Microsoft SQL Server\150\Tools\Binn\;C:\Data\app\dvm\;C:\Data\app\dartsdk-windows-x64-release-3.7.3\dart-sdk\bin;C:\Data\app\dartsdk-windows-x64-release\dart-sdk\bin;C:\Data\app\fvm-3.2.1-windows-x64\fvm\src;C:\Data\app\fvm-3.2.1-windows-x64\fvm;C:\Program Files\Java\jdk-17\bin;C:\Program Files\Java\jdk-17;C:\Program Files\Microsoft SQL Server\Client SDK\ODBC\170\Tools\Binn\;C:\Program Files (x86)\Microsoft SQL Server\160\Tools\Binn\;C:\Program Files\Microsoft SQL Server\160\Tools\Binn\;C:\Program Files\Microsoft SQL Server\160\DTS\Binn\;C:\Program Files (x86)\Microsoft SQL Server\160\DTS\Binn\;C:\Users\nino\AppData\Local\Programs\Python\Python311\Scripts\;C:\User;C:\apache-maven-3.9.10-bin\apache-maven-3.9.10\bin;C:\Program Files (x86)\WiX Toolset v3.11\bin;C:\Users\nino\AppData\Local\Programs\Python\Python311\Scripts\;C:\Users\nino\AppData\Local\Programs\Python\Python311\;C:\Users\nino\AppData\Local\Microsoft\WindowsApps;C:\Users\nino\AppData\Local\Programs\Microsoft VS Code\bin;C:\Users\nino\AppData\Local\nvm;C:\nvm4w\nodejs;C:\Data\app\IntelliJ IDEA 2025.1\bin;C:\Data\app\dvm\;C:\Data\app\IJ\IntelliJ IDEA Community Edition 2025.1\bin;C:\Users\nino\fvm\default\bin;C:\Users\nino\.dotnet\tools;C:\Users\nino\.lmstudio\bin;C:\Users\nino\AppData\Local\Programs\cursor\resources\app\bin;C:\Program Files\Java\jdk-17;C:\Users\nino\.dotnet\tools;C:\Program Files\Java\jdk-17\bin
Check launcher:	C:\Program Files\Java\jdk-17\bin\javaw.exe (OK)
Check javac:	C:\Program Files\Java\jdk-17\bin\javac.exe (OK)
Version string: 1.017.000_012 / 64-Bit (OK)
Main class:	com.example.ui.Main
Add classpath:	C:\Program Files\Java\jdk-17\openjfx-21.0.7_windows-x64_bin-sdk\javafx-sdk-21.0.7\lib
Add classpath:	C:\Code\chaythue\web-app-share-tipsPhanMinhHieu\fe-pc\ui\src\main\java\com\example\ui\utils\FXRouter.java
Add classpath:	C:\Program Files\Java\jdk-17\openjfx-21.0.7_windows-x64_bin-sdk\javafx-sdk-21.0.7\lib\javafx.base.jar
Add classpath:	C:\Program Files\Java\jdk-17\openjfx-21.0.7_windows-x64_bin-sdk\javafx-sdk-21.0.7\lib\javafx.controls.jar
Add classpath:	C:\Program Files\Java\jdk-17\openjfx-21.0.7_windows-x64_bin-sdk\javafx-sdk-21.0.7\lib\javafx.fxml.jar
Add classpath:	C:\Program Files\Java\jdk-17\openjfx-21.0.7_windows-x64_bin-sdk\javafx-sdk-21.0.7\lib\javafx.graphics.jar
Add classpath:	C:\Program Files\Java\jdk-17\openjfx-21.0.7_windows-x64_bin-sdk\javafx-sdk-21.0.7\lib\javafx.media.jar
Add classpath:	C:\Program Files\Java\jdk-17\openjfx-21.0.7_windows-x64_bin-sdk\javafx-sdk-21.0.7\lib\javafx.properties
Add classpath:	C:\Program Files\Java\jdk-17\openjfx-21.0.7_windows-x64_bin-sdk\javafx-sdk-21.0.7\lib\javafx.swing.jar
Add classpath:	C:\Program Files\Java\jdk-17\openjfx-21.0.7_windows-x64_bin-sdk\javafx-sdk-21.0.7\lib\javafx.web.jar
Add classpath:	C:\Program Files\Java\jdk-17\openjfx-21.0.7_windows-x64_bin-sdk\javafx-sdk-21.0.7\lib\javafx-swt.jar
Launcher:	C:\Program Files\Java\jdk-17\bin\javaw.exe
Launcher args:	-classpath "target\ui-1.0-SNAPSHOT.jar;C:\Program Files\Java\jdk-17\openjfx-21.0.7_windows-x64_bin-sdk\javafx-sdk-21.0.7\lib;C:\Code\chaythue\web-app-share-tipsPhanMinhHieu\fe-pc\ui\src\main\java\com\example\ui\utils\FXRouter.java;C:\Program Files\Java\jdk-17\openjfx-21.0.7_windows-x64_bin-sdk\javafx-sdk-21.0.7\lib\javafx.base.jar;C:\Program Files\Java\jdk-17\openjfx-21.0.7_windows-x64_bin-sdk\javafx-sdk-21.0.7\lib\javafx.controls.jar;C:\Program Files\Java\jdk-17\openjfx-21.0.7_windows-x64_bin-sdk\javafx-sdk-21.0.7\lib\javafx.fxml.jar;C:\Program Files\Java\jdk-17\openjfx-21.0.7_windows-x64_bin-sdk\javafx-sdk-21.0.7\lib\javafx.graphics.jar;C:\Program Files\Java\jdk-17\openjfx-21.0.7_windows-x64_bin-sdk\javafx-sdk-21.0.7\lib\javafx.media.jar;C:\Program Files\Java\jdk-17\openjfx-21.0.7_windows-x64_bin-sdk\javafx-sdk-21.0.7\lib\javafx.properties;C:\Program Files\Java\jdk-17\openjfx-21.0.7_windows-x64_bin-sdk\javafx-sdk-21.0.7\lib\javafx.swing.jar;C:\Program Files\Java\jdk-17\openjfx-21.0.7_windows-x64_bin-sdk\javafx-sdk-21.0.7\lib\javafx.web.jar;C:\Program Files\Java\jdk-17\openjfx-21.0.7_windows-x64_bin-sdk\javafx-sdk-21.0.7\lib\javafx-swt.jar" com.example.ui.Main
Args length:	1179/32768 chars
Exit code:	0


Version:	3.50
CmdLine:	C:\Code\chaythue\web-app-share-tipsPhanMinhHieu\fe-pc\ui\output\LifeTips.exe --l4j-debug
JNI:		No
WOW64:		Yes
Working dir:	C:\Code\chaythue\web-app-share-tipsPhanMinhHieu\fe-pc\ui\output\.
Requires JDK:	Yes
Requires 64-Bit: Yes
Java min ver:	1.017.000
Java max ver:	
Substitute:	JAVA_HOME = C:\Program Files\Java\jdk-17
Substitute:	PATH = c:\Users\nino\AppData\Local\Programs\cursor\resources\app\bin;C:\Program Files\Common Files\Oracle\Java\javapath;C:\WINDOWS\system32;C:\WINDOWS;C:\WINDOWS\System32\Wbem;C:\WINDOWS\System32\WindowsPowerShell\v1.0\;C:\WINDOWS\System32\OpenSSH\;C:\Program Files\dotnet\;C:\Users\nino\AppData\Local\nvm;C:\nvm4w\nodejs;C:\Data\app\Git\cmd;C:\Program Files\Microsoft SQL Server\150\Tools\Binn\;C:\Data\app\dvm\;C:\Data\app\dartsdk-windows-x64-release-3.7.3\dart-sdk\bin;C:\Data\app\dartsdk-windows-x64-release\dart-sdk\bin;C:\Data\app\fvm-3.2.1-windows-x64\fvm\src;C:\Data\app\fvm-3.2.1-windows-x64\fvm;C:\Program Files\Java\jdk-17\bin;C:\Program Files\Java\jdk-17;C:\Program Files\Microsoft SQL Server\Client SDK\ODBC\170\Tools\Binn\;C:\Program Files (x86)\Microsoft SQL Server\160\Tools\Binn\;C:\Program Files\Microsoft SQL Server\160\Tools\Binn\;C:\Program Files\Microsoft SQL Server\160\DTS\Binn\;C:\Program Files (x86)\Microsoft SQL Server\160\DTS\Binn\;C:\Users\nino\AppData\Local\Programs\Python\Python311\Scripts\;C:\User;C:\apache-maven-3.9.10-bin\apache-maven-3.9.10\bin;C:\Program Files (x86)\WiX Toolset v3.11\bin;C:\Users\nino\AppData\Local\Programs\Python\Python311\Scripts\;C:\Users\nino\AppData\Local\Programs\Python\Python311\;C:\Users\nino\AppData\Local\Microsoft\WindowsApps;C:\Users\nino\AppData\Local\Programs\Microsoft VS Code\bin;C:\Users\nino\AppData\Local\nvm;C:\nvm4w\nodejs;C:\Data\app\IntelliJ IDEA 2025.1\bin;C:\Data\app\dvm\;C:\Data\app\IJ\IntelliJ IDEA Community Edition 2025.1\bin;C:\Users\nino\fvm\default\bin;C:\Users\nino\.dotnet\tools;C:\Users\nino\.lmstudio\bin;C:\Users\nino\AppData\Local\Programs\cursor\resources\app\bin;C:\Program Files\Java\jdk-17;C:\Users\nino\.dotnet\tools;C:\Program Files\Java\jdk-17\bin
JRE paths:	C:\Program Files\Java\jdk-17;c:\Users\nino\AppData\Local\Programs\cursor\resources\app\bin;C:\Program Files\Common Files\Oracle\Java\javapath;C:\WINDOWS\system32;C:\WINDOWS;C:\WINDOWS\System32\Wbem;C:\WINDOWS\System32\WindowsPowerShell\v1.0\;C:\WINDOWS\System32\OpenSSH\;C:\Program Files\dotnet\;C:\Users\nino\AppData\Local\nvm;C:\nvm4w\nodejs;C:\Data\app\Git\cmd;C:\Program Files\Microsoft SQL Server\150\Tools\Binn\;C:\Data\app\dvm\;C:\Data\app\dartsdk-windows-x64-release-3.7.3\dart-sdk\bin;C:\Data\app\dartsdk-windows-x64-release\dart-sdk\bin;C:\Data\app\fvm-3.2.1-windows-x64\fvm\src;C:\Data\app\fvm-3.2.1-windows-x64\fvm;C:\Program Files\Java\jdk-17\bin;C:\Program Files\Java\jdk-17;C:\Program Files\Microsoft SQL Server\Client SDK\ODBC\170\Tools\Binn\;C:\Program Files (x86)\Microsoft SQL Server\160\Tools\Binn\;C:\Program Files\Microsoft SQL Server\160\Tools\Binn\;C:\Program Files\Microsoft SQL Server\160\DTS\Binn\;C:\Program Files (x86)\Microsoft SQL Server\160\DTS\Binn\;C:\Users\nino\AppData\Local\Programs\Python\Python311\Scripts\;C:\User;C:\apache-maven-3.9.10-bin\apache-maven-3.9.10\bin;C:\Program Files (x86)\WiX Toolset v3.11\bin;C:\Users\nino\AppData\Local\Programs\Python\Python311\Scripts\;C:\Users\nino\AppData\Local\Programs\Python\Python311\;C:\Users\nino\AppData\Local\Microsoft\WindowsApps;C:\Users\nino\AppData\Local\Programs\Microsoft VS Code\bin;C:\Users\nino\AppData\Local\nvm;C:\nvm4w\nodejs;C:\Data\app\IntelliJ IDEA 2025.1\bin;C:\Data\app\dvm\;C:\Data\app\IJ\IntelliJ IDEA Community Edition 2025.1\bin;C:\Users\nino\fvm\default\bin;C:\Users\nino\.dotnet\tools;C:\Users\nino\.lmstudio\bin;C:\Users\nino\AppData\Local\Programs\cursor\resources\app\bin;C:\Program Files\Java\jdk-17;C:\Users\nino\.dotnet\tools;C:\Program Files\Java\jdk-17\bin
Check launcher:	C:\Program Files\Java\jdk-17\bin\javaw.exe (OK)
Check javac:	C:\Program Files\Java\jdk-17\bin\javac.exe (OK)
Version string: 1.017.000_012 / 64-Bit (OK)
Main class:	com.example.ui.Main
Add classpath:	C:\Program Files\Java\jdk-17\openjfx-21.0.7_windows-x64_bin-sdk\javafx-sdk-21.0.7\lib
Add classpath:	C:\Code\chaythue\web-app-share-tipsPhanMinhHieu\fe-pc\ui\src\main\java\com\example\ui\utils\FXRouter.java
Add classpath:	C:\Program Files\Java\jdk-17\openjfx-21.0.7_windows-x64_bin-sdk\javafx-sdk-21.0.7\lib\javafx.base.jar
Add classpath:	C:\Program Files\Java\jdk-17\openjfx-21.0.7_windows-x64_bin-sdk\javafx-sdk-21.0.7\lib\javafx.controls.jar
Add classpath:	C:\Program Files\Java\jdk-17\openjfx-21.0.7_windows-x64_bin-sdk\javafx-sdk-21.0.7\lib\javafx.fxml.jar
Add classpath:	C:\Program Files\Java\jdk-17\openjfx-21.0.7_windows-x64_bin-sdk\javafx-sdk-21.0.7\lib\javafx.graphics.jar
Add classpath:	C:\Program Files\Java\jdk-17\openjfx-21.0.7_windows-x64_bin-sdk\javafx-sdk-21.0.7\lib\javafx.media.jar
Add classpath:	C:\Program Files\Java\jdk-17\openjfx-21.0.7_windows-x64_bin-sdk\javafx-sdk-21.0.7\lib\javafx.properties
Add classpath:	C:\Program Files\Java\jdk-17\openjfx-21.0.7_windows-x64_bin-sdk\javafx-sdk-21.0.7\lib\javafx.swing.jar
Add classpath:	C:\Program Files\Java\jdk-17\openjfx-21.0.7_windows-x64_bin-sdk\javafx-sdk-21.0.7\lib\javafx.web.jar
Add classpath:	C:\Program Files\Java\jdk-17\openjfx-21.0.7_windows-x64_bin-sdk\javafx-sdk-21.0.7\lib\javafx-swt.jar
Launcher:	C:\Program Files\Java\jdk-17\bin\javaw.exe
Launcher args:	-classpath "target\ui-1.0-SNAPSHOT.jar;C:\Program Files\Java\jdk-17\openjfx-21.0.7_windows-x64_bin-sdk\javafx-sdk-21.0.7\lib;C:\Code\chaythue\web-app-share-tipsPhanMinhHieu\fe-pc\ui\src\main\java\com\example\ui\utils\FXRouter.java;C:\Program Files\Java\jdk-17\openjfx-21.0.7_windows-x64_bin-sdk\javafx-sdk-21.0.7\lib\javafx.base.jar;C:\Program Files\Java\jdk-17\openjfx-21.0.7_windows-x64_bin-sdk\javafx-sdk-21.0.7\lib\javafx.controls.jar;C:\Program Files\Java\jdk-17\openjfx-21.0.7_windows-x64_bin-sdk\javafx-sdk-21.0.7\lib\javafx.fxml.jar;C:\Program Files\Java\jdk-17\openjfx-21.0.7_windows-x64_bin-sdk\javafx-sdk-21.0.7\lib\javafx.graphics.jar;C:\Program Files\Java\jdk-17\openjfx-21.0.7_windows-x64_bin-sdk\javafx-sdk-21.0.7\lib\javafx.media.jar;C:\Program Files\Java\jdk-17\openjfx-21.0.7_windows-x64_bin-sdk\javafx-sdk-21.0.7\lib\javafx.properties;C:\Program Files\Java\jdk-17\openjfx-21.0.7_windows-x64_bin-sdk\javafx-sdk-21.0.7\lib\javafx.swing.jar;C:\Program Files\Java\jdk-17\openjfx-21.0.7_windows-x64_bin-sdk\javafx-sdk-21.0.7\lib\javafx.web.jar;C:\Program Files\Java\jdk-17\openjfx-21.0.7_windows-x64_bin-sdk\javafx-sdk-21.0.7\lib\javafx-swt.jar" com.example.ui.Main
Args length:	1179/32768 chars
Exit code:	0


Version:	3.50
CmdLine:	C:\Code\chaythue\web-app-share-tipsPhanMinhHieu\fe-pc\ui\output\LifeTips.exe --l4j-debug
JNI:		No
WOW64:		Yes
Working dir:	C:\Code\chaythue\web-app-share-tipsPhanMinhHieu\fe-pc\ui\output\.
Requires JDK:	Yes
Requires 64-Bit: Yes
Java min ver:	1.017.000
Java max ver:	
Substitute:	JAVA_HOME = C:\Program Files\Java\jdk-17
Substitute:	PATH = c:\Users\nino\AppData\Local\Programs\cursor\resources\app\bin;C:\Program Files\Common Files\Oracle\Java\javapath;C:\WINDOWS\system32;C:\WINDOWS;C:\WINDOWS\System32\Wbem;C:\WINDOWS\System32\WindowsPowerShell\v1.0\;C:\WINDOWS\System32\OpenSSH\;C:\Program Files\dotnet\;C:\Users\nino\AppData\Local\nvm;C:\nvm4w\nodejs;C:\Data\app\Git\cmd;C:\Program Files\Microsoft SQL Server\150\Tools\Binn\;C:\Data\app\dvm\;C:\Data\app\dartsdk-windows-x64-release-3.7.3\dart-sdk\bin;C:\Data\app\dartsdk-windows-x64-release\dart-sdk\bin;C:\Data\app\fvm-3.2.1-windows-x64\fvm\src;C:\Data\app\fvm-3.2.1-windows-x64\fvm;C:\Program Files\Java\jdk-17\bin;C:\Program Files\Java\jdk-17;C:\Program Files\Microsoft SQL Server\Client SDK\ODBC\170\Tools\Binn\;C:\Program Files (x86)\Microsoft SQL Server\160\Tools\Binn\;C:\Program Files\Microsoft SQL Server\160\Tools\Binn\;C:\Program Files\Microsoft SQL Server\160\DTS\Binn\;C:\Program Files (x86)\Microsoft SQL Server\160\DTS\Binn\;C:\Users\nino\AppData\Local\Programs\Python\Python311\Scripts\;C:\User;C:\apache-maven-3.9.10-bin\apache-maven-3.9.10\bin;C:\Program Files (x86)\WiX Toolset v3.11\bin;C:\Users\nino\AppData\Local\Programs\Python\Python311\Scripts\;C:\Users\nino\AppData\Local\Programs\Python\Python311\;C:\Users\nino\AppData\Local\Microsoft\WindowsApps;C:\Users\nino\AppData\Local\Programs\Microsoft VS Code\bin;C:\Users\nino\AppData\Local\nvm;C:\nvm4w\nodejs;C:\Data\app\IntelliJ IDEA 2025.1\bin;C:\Data\app\dvm\;C:\Data\app\IJ\IntelliJ IDEA Community Edition 2025.1\bin;C:\Users\nino\fvm\default\bin;C:\Users\nino\.dotnet\tools;C:\Users\nino\.lmstudio\bin;C:\Users\nino\AppData\Local\Programs\cursor\resources\app\bin;C:\Program Files\Java\jdk-17;C:\Users\nino\.dotnet\tools;C:\Program Files\Java\jdk-17\bin
JRE paths:	C:\Program Files\Java\jdk-17;c:\Users\nino\AppData\Local\Programs\cursor\resources\app\bin;C:\Program Files\Common Files\Oracle\Java\javapath;C:\WINDOWS\system32;C:\WINDOWS;C:\WINDOWS\System32\Wbem;C:\WINDOWS\System32\WindowsPowerShell\v1.0\;C:\WINDOWS\System32\OpenSSH\;C:\Program Files\dotnet\;C:\Users\nino\AppData\Local\nvm;C:\nvm4w\nodejs;C:\Data\app\Git\cmd;C:\Program Files\Microsoft SQL Server\150\Tools\Binn\;C:\Data\app\dvm\;C:\Data\app\dartsdk-windows-x64-release-3.7.3\dart-sdk\bin;C:\Data\app\dartsdk-windows-x64-release\dart-sdk\bin;C:\Data\app\fvm-3.2.1-windows-x64\fvm\src;C:\Data\app\fvm-3.2.1-windows-x64\fvm;C:\Program Files\Java\jdk-17\bin;C:\Program Files\Java\jdk-17;C:\Program Files\Microsoft SQL Server\Client SDK\ODBC\170\Tools\Binn\;C:\Program Files (x86)\Microsoft SQL Server\160\Tools\Binn\;C:\Program Files\Microsoft SQL Server\160\Tools\Binn\;C:\Program Files\Microsoft SQL Server\160\DTS\Binn\;C:\Program Files (x86)\Microsoft SQL Server\160\DTS\Binn\;C:\Users\nino\AppData\Local\Programs\Python\Python311\Scripts\;C:\User;C:\apache-maven-3.9.10-bin\apache-maven-3.9.10\bin;C:\Program Files (x86)\WiX Toolset v3.11\bin;C:\Users\nino\AppData\Local\Programs\Python\Python311\Scripts\;C:\Users\nino\AppData\Local\Programs\Python\Python311\;C:\Users\nino\AppData\Local\Microsoft\WindowsApps;C:\Users\nino\AppData\Local\Programs\Microsoft VS Code\bin;C:\Users\nino\AppData\Local\nvm;C:\nvm4w\nodejs;C:\Data\app\IntelliJ IDEA 2025.1\bin;C:\Data\app\dvm\;C:\Data\app\IJ\IntelliJ IDEA Community Edition 2025.1\bin;C:\Users\nino\fvm\default\bin;C:\Users\nino\.dotnet\tools;C:\Users\nino\.lmstudio\bin;C:\Users\nino\AppData\Local\Programs\cursor\resources\app\bin;C:\Program Files\Java\jdk-17;C:\Users\nino\.dotnet\tools;C:\Program Files\Java\jdk-17\bin
Check launcher:	C:\Program Files\Java\jdk-17\bin\javaw.exe (OK)
Check javac:	C:\Program Files\Java\jdk-17\bin\javac.exe (OK)
Version string: 1.017.000_012 / 64-Bit (OK)
Main class:	com.example.ui.Main
Add classpath:	C:\Program Files\Java\jdk-17\openjfx-21.0.7_windows-x64_bin-sdk\javafx-sdk-21.0.7\lib
Add classpath:	C:\Code\chaythue\web-app-share-tipsPhanMinhHieu\fe-pc\ui\src\main\java\com\example\ui\utils\FXRouter.java
Add classpath:	C:\Program Files\Java\jdk-17\openjfx-21.0.7_windows-x64_bin-sdk\javafx-sdk-21.0.7\lib\javafx.base.jar
Add classpath:	C:\Program Files\Java\jdk-17\openjfx-21.0.7_windows-x64_bin-sdk\javafx-sdk-21.0.7\lib\javafx.controls.jar
Add classpath:	C:\Program Files\Java\jdk-17\openjfx-21.0.7_windows-x64_bin-sdk\javafx-sdk-21.0.7\lib\javafx.fxml.jar
Add classpath:	C:\Program Files\Java\jdk-17\openjfx-21.0.7_windows-x64_bin-sdk\javafx-sdk-21.0.7\lib\javafx.graphics.jar
Add classpath:	C:\Program Files\Java\jdk-17\openjfx-21.0.7_windows-x64_bin-sdk\javafx-sdk-21.0.7\lib\javafx.media.jar
Add classpath:	C:\Program Files\Java\jdk-17\openjfx-21.0.7_windows-x64_bin-sdk\javafx-sdk-21.0.7\lib\javafx.properties
Add classpath:	C:\Program Files\Java\jdk-17\openjfx-21.0.7_windows-x64_bin-sdk\javafx-sdk-21.0.7\lib\javafx.swing.jar
Add classpath:	C:\Program Files\Java\jdk-17\openjfx-21.0.7_windows-x64_bin-sdk\javafx-sdk-21.0.7\lib\javafx.web.jar
Add classpath:	C:\Program Files\Java\jdk-17\openjfx-21.0.7_windows-x64_bin-sdk\javafx-sdk-21.0.7\lib\javafx-swt.jar
Launcher:	C:\Program Files\Java\jdk-17\bin\javaw.exe
Launcher args:	-classpath "target\ui-1.0-SNAPSHOT.jar;C:\Program Files\Java\jdk-17\openjfx-21.0.7_windows-x64_bin-sdk\javafx-sdk-21.0.7\lib;C:\Code\chaythue\web-app-share-tipsPhanMinhHieu\fe-pc\ui\src\main\java\com\example\ui\utils\FXRouter.java;C:\Program Files\Java\jdk-17\openjfx-21.0.7_windows-x64_bin-sdk\javafx-sdk-21.0.7\lib\javafx.base.jar;C:\Program Files\Java\jdk-17\openjfx-21.0.7_windows-x64_bin-sdk\javafx-sdk-21.0.7\lib\javafx.controls.jar;C:\Program Files\Java\jdk-17\openjfx-21.0.7_windows-x64_bin-sdk\javafx-sdk-21.0.7\lib\javafx.fxml.jar;C:\Program Files\Java\jdk-17\openjfx-21.0.7_windows-x64_bin-sdk\javafx-sdk-21.0.7\lib\javafx.graphics.jar;C:\Program Files\Java\jdk-17\openjfx-21.0.7_windows-x64_bin-sdk\javafx-sdk-21.0.7\lib\javafx.media.jar;C:\Program Files\Java\jdk-17\openjfx-21.0.7_windows-x64_bin-sdk\javafx-sdk-21.0.7\lib\javafx.properties;C:\Program Files\Java\jdk-17\openjfx-21.0.7_windows-x64_bin-sdk\javafx-sdk-21.0.7\lib\javafx.swing.jar;C:\Program Files\Java\jdk-17\openjfx-21.0.7_windows-x64_bin-sdk\javafx-sdk-21.0.7\lib\javafx.web.jar;C:\Program Files\Java\jdk-17\openjfx-21.0.7_windows-x64_bin-sdk\javafx-sdk-21.0.7\lib\javafx-swt.jar" com.example.ui.Main
Args length:	1179/32768 chars
Exit code:	0


Version:	3.50
CmdLine:	C:\Code\chaythue\web-app-share-tipsPhanMinhHieu\fe-pc\ui\output\LifeTips.exe --l4j-debug
JNI:		No
WOW64:		Yes
Working dir:	C:\Code\chaythue\web-app-share-tipsPhanMinhHieu\fe-pc\ui\output\.
Requires JDK:	Yes
Requires 64-Bit: Yes
Java min ver:	1.017.000
Java max ver:	
Substitute:	JAVA_HOME = C:\Program Files\Java\jdk-17
Substitute:	PATH = c:\Users\nino\AppData\Local\Programs\cursor\resources\app\bin;C:\Program Files\Common Files\Oracle\Java\javapath;C:\WINDOWS\system32;C:\WINDOWS;C:\WINDOWS\System32\Wbem;C:\WINDOWS\System32\WindowsPowerShell\v1.0\;C:\WINDOWS\System32\OpenSSH\;C:\Program Files\dotnet\;C:\Users\nino\AppData\Local\nvm;C:\nvm4w\nodejs;C:\Data\app\Git\cmd;C:\Program Files\Microsoft SQL Server\150\Tools\Binn\;C:\Data\app\dvm\;C:\Data\app\dartsdk-windows-x64-release-3.7.3\dart-sdk\bin;C:\Data\app\dartsdk-windows-x64-release\dart-sdk\bin;C:\Data\app\fvm-3.2.1-windows-x64\fvm\src;C:\Data\app\fvm-3.2.1-windows-x64\fvm;C:\Program Files\Java\jdk-17\bin;C:\Program Files\Java\jdk-17;C:\Program Files\Microsoft SQL Server\Client SDK\ODBC\170\Tools\Binn\;C:\Program Files (x86)\Microsoft SQL Server\160\Tools\Binn\;C:\Program Files\Microsoft SQL Server\160\Tools\Binn\;C:\Program Files\Microsoft SQL Server\160\DTS\Binn\;C:\Program Files (x86)\Microsoft SQL Server\160\DTS\Binn\;C:\Users\nino\AppData\Local\Programs\Python\Python311\Scripts\;C:\User;C:\apache-maven-3.9.10-bin\apache-maven-3.9.10\bin;C:\Program Files (x86)\WiX Toolset v3.11\bin;C:\Users\nino\AppData\Local\Programs\Python\Python311\Scripts\;C:\Users\nino\AppData\Local\Programs\Python\Python311\;C:\Users\nino\AppData\Local\Microsoft\WindowsApps;C:\Users\nino\AppData\Local\Programs\Microsoft VS Code\bin;C:\Users\nino\AppData\Local\nvm;C:\nvm4w\nodejs;C:\Data\app\IntelliJ IDEA 2025.1\bin;C:\Data\app\dvm\;C:\Data\app\IJ\IntelliJ IDEA Community Edition 2025.1\bin;C:\Users\nino\fvm\default\bin;C:\Users\nino\.dotnet\tools;C:\Users\nino\.lmstudio\bin;C:\Users\nino\AppData\Local\Programs\cursor\resources\app\bin;C:\Program Files\Java\jdk-17;C:\Users\nino\.dotnet\tools;C:\Program Files\Java\jdk-17\bin
JRE paths:	C:\Program Files\Java\jdk-17;c:\Users\nino\AppData\Local\Programs\cursor\resources\app\bin;C:\Program Files\Common Files\Oracle\Java\javapath;C:\WINDOWS\system32;C:\WINDOWS;C:\WINDOWS\System32\Wbem;C:\WINDOWS\System32\WindowsPowerShell\v1.0\;C:\WINDOWS\System32\OpenSSH\;C:\Program Files\dotnet\;C:\Users\nino\AppData\Local\nvm;C:\nvm4w\nodejs;C:\Data\app\Git\cmd;C:\Program Files\Microsoft SQL Server\150\Tools\Binn\;C:\Data\app\dvm\;C:\Data\app\dartsdk-windows-x64-release-3.7.3\dart-sdk\bin;C:\Data\app\dartsdk-windows-x64-release\dart-sdk\bin;C:\Data\app\fvm-3.2.1-windows-x64\fvm\src;C:\Data\app\fvm-3.2.1-windows-x64\fvm;C:\Program Files\Java\jdk-17\bin;C:\Program Files\Java\jdk-17;C:\Program Files\Microsoft SQL Server\Client SDK\ODBC\170\Tools\Binn\;C:\Program Files (x86)\Microsoft SQL Server\160\Tools\Binn\;C:\Program Files\Microsoft SQL Server\160\Tools\Binn\;C:\Program Files\Microsoft SQL Server\160\DTS\Binn\;C:\Program Files (x86)\Microsoft SQL Server\160\DTS\Binn\;C:\Users\nino\AppData\Local\Programs\Python\Python311\Scripts\;C:\User;C:\apache-maven-3.9.10-bin\apache-maven-3.9.10\bin;C:\Program Files (x86)\WiX Toolset v3.11\bin;C:\Users\nino\AppData\Local\Programs\Python\Python311\Scripts\;C:\Users\nino\AppData\Local\Programs\Python\Python311\;C:\Users\nino\AppData\Local\Microsoft\WindowsApps;C:\Users\nino\AppData\Local\Programs\Microsoft VS Code\bin;C:\Users\nino\AppData\Local\nvm;C:\nvm4w\nodejs;C:\Data\app\IntelliJ IDEA 2025.1\bin;C:\Data\app\dvm\;C:\Data\app\IJ\IntelliJ IDEA Community Edition 2025.1\bin;C:\Users\nino\fvm\default\bin;C:\Users\nino\.dotnet\tools;C:\Users\nino\.lmstudio\bin;C:\Users\nino\AppData\Local\Programs\cursor\resources\app\bin;C:\Program Files\Java\jdk-17;C:\Users\nino\.dotnet\tools;C:\Program Files\Java\jdk-17\bin
Check launcher:	C:\Program Files\Java\jdk-17\bin\javaw.exe (OK)
Check javac:	C:\Program Files\Java\jdk-17\bin\javac.exe (OK)
Version string: 1.017.000_012 / 64-Bit (OK)
Main class:	com.example.ui.Main
Add classpath:	C:\Program Files\Java\jdk-17\openjfx-21.0.7_windows-x64_bin-sdk\javafx-sdk-21.0.7\lib
Add classpath:	C:\Code\chaythue\web-app-share-tipsPhanMinhHieu\fe-pc\ui\src\main\java\com\example\ui\utils\FXRouter.java
Add classpath:	C:\Program Files\Java\jdk-17\openjfx-21.0.7_windows-x64_bin-sdk\javafx-sdk-21.0.7\lib\javafx.base.jar
Add classpath:	C:\Program Files\Java\jdk-17\openjfx-21.0.7_windows-x64_bin-sdk\javafx-sdk-21.0.7\lib\javafx.controls.jar
Add classpath:	C:\Program Files\Java\jdk-17\openjfx-21.0.7_windows-x64_bin-sdk\javafx-sdk-21.0.7\lib\javafx.fxml.jar
Add classpath:	C:\Program Files\Java\jdk-17\openjfx-21.0.7_windows-x64_bin-sdk\javafx-sdk-21.0.7\lib\javafx.graphics.jar
Add classpath:	C:\Program Files\Java\jdk-17\openjfx-21.0.7_windows-x64_bin-sdk\javafx-sdk-21.0.7\lib\javafx.media.jar
Add classpath:	C:\Program Files\Java\jdk-17\openjfx-21.0.7_windows-x64_bin-sdk\javafx-sdk-21.0.7\lib\javafx.properties
Add classpath:	C:\Program Files\Java\jdk-17\openjfx-21.0.7_windows-x64_bin-sdk\javafx-sdk-21.0.7\lib\javafx.swing.jar
Add classpath:	C:\Program Files\Java\jdk-17\openjfx-21.0.7_windows-x64_bin-sdk\javafx-sdk-21.0.7\lib\javafx.web.jar
Add classpath:	C:\Program Files\Java\jdk-17\openjfx-21.0.7_windows-x64_bin-sdk\javafx-sdk-21.0.7\lib\javafx-swt.jar
Launcher:	C:\Program Files\Java\jdk-17\bin\javaw.exe
Launcher args:	-classpath "target\ui-1.0-SNAPSHOT.jar;C:\Program Files\Java\jdk-17\openjfx-21.0.7_windows-x64_bin-sdk\javafx-sdk-21.0.7\lib;C:\Code\chaythue\web-app-share-tipsPhanMinhHieu\fe-pc\ui\src\main\java\com\example\ui\utils\FXRouter.java;C:\Program Files\Java\jdk-17\openjfx-21.0.7_windows-x64_bin-sdk\javafx-sdk-21.0.7\lib\javafx.base.jar;C:\Program Files\Java\jdk-17\openjfx-21.0.7_windows-x64_bin-sdk\javafx-sdk-21.0.7\lib\javafx.controls.jar;C:\Program Files\Java\jdk-17\openjfx-21.0.7_windows-x64_bin-sdk\javafx-sdk-21.0.7\lib\javafx.fxml.jar;C:\Program Files\Java\jdk-17\openjfx-21.0.7_windows-x64_bin-sdk\javafx-sdk-21.0.7\lib\javafx.graphics.jar;C:\Program Files\Java\jdk-17\openjfx-21.0.7_windows-x64_bin-sdk\javafx-sdk-21.0.7\lib\javafx.media.jar;C:\Program Files\Java\jdk-17\openjfx-21.0.7_windows-x64_bin-sdk\javafx-sdk-21.0.7\lib\javafx.properties;C:\Program Files\Java\jdk-17\openjfx-21.0.7_windows-x64_bin-sdk\javafx-sdk-21.0.7\lib\javafx.swing.jar;C:\Program Files\Java\jdk-17\openjfx-21.0.7_windows-x64_bin-sdk\javafx-sdk-21.0.7\lib\javafx.web.jar;C:\Program Files\Java\jdk-17\openjfx-21.0.7_windows-x64_bin-sdk\javafx-sdk-21.0.7\lib\javafx-swt.jar" com.example.ui.Main
Args length:	1179/32768 chars
Exit code:	0


Version:	3.50
CmdLine:	C:\Code\chaythue\web-app-share-tipsPhanMinhHieu\fe-pc\ui\output\LifeTips.exe --l4j-debug
JNI:		No
WOW64:		Yes
Working dir:	C:\Code\chaythue\web-app-share-tipsPhanMinhHieu\fe-pc\ui\output\.
Requires JDK:	Yes
Requires 64-Bit: Yes
Java min ver:	1.017.000
Java max ver:	
Substitute:	JAVA_HOME = C:\Program Files\Java\jdk-17
Substitute:	PATH = c:\Users\nino\AppData\Local\Programs\cursor\resources\app\bin;C:\Program Files\Common Files\Oracle\Java\javapath;C:\WINDOWS\system32;C:\WINDOWS;C:\WINDOWS\System32\Wbem;C:\WINDOWS\System32\WindowsPowerShell\v1.0\;C:\WINDOWS\System32\OpenSSH\;C:\Program Files\dotnet\;C:\Users\nino\AppData\Local\nvm;C:\nvm4w\nodejs;C:\Data\app\Git\cmd;C:\Program Files\Microsoft SQL Server\150\Tools\Binn\;C:\Data\app\dvm\;C:\Data\app\dartsdk-windows-x64-release-3.7.3\dart-sdk\bin;C:\Data\app\dartsdk-windows-x64-release\dart-sdk\bin;C:\Data\app\fvm-3.2.1-windows-x64\fvm\src;C:\Data\app\fvm-3.2.1-windows-x64\fvm;C:\Program Files\Java\jdk-17\bin;C:\Program Files\Java\jdk-17;C:\Program Files\Microsoft SQL Server\Client SDK\ODBC\170\Tools\Binn\;C:\Program Files (x86)\Microsoft SQL Server\160\Tools\Binn\;C:\Program Files\Microsoft SQL Server\160\Tools\Binn\;C:\Program Files\Microsoft SQL Server\160\DTS\Binn\;C:\Program Files (x86)\Microsoft SQL Server\160\DTS\Binn\;C:\Users\nino\AppData\Local\Programs\Python\Python311\Scripts\;C:\User;C:\apache-maven-3.9.10-bin\apache-maven-3.9.10\bin;C:\Program Files (x86)\WiX Toolset v3.11\bin;C:\Users\nino\AppData\Local\Programs\Python\Python311\Scripts\;C:\Users\nino\AppData\Local\Programs\Python\Python311\;C:\Users\nino\AppData\Local\Microsoft\WindowsApps;C:\Users\nino\AppData\Local\Programs\Microsoft VS Code\bin;C:\Users\nino\AppData\Local\nvm;C:\nvm4w\nodejs;C:\Data\app\IntelliJ IDEA 2025.1\bin;C:\Data\app\dvm\;C:\Data\app\IJ\IntelliJ IDEA Community Edition 2025.1\bin;C:\Users\nino\fvm\default\bin;C:\Users\nino\.dotnet\tools;C:\Users\nino\.lmstudio\bin;C:\Users\nino\AppData\Local\Programs\cursor\resources\app\bin;C:\Program Files\Java\jdk-17;C:\Users\nino\.dotnet\tools;C:\Program Files\Java\jdk-17\bin
JRE paths:	C:\Program Files\Java\jdk-17;c:\Users\nino\AppData\Local\Programs\cursor\resources\app\bin;C:\Program Files\Common Files\Oracle\Java\javapath;C:\WINDOWS\system32;C:\WINDOWS;C:\WINDOWS\System32\Wbem;C:\WINDOWS\System32\WindowsPowerShell\v1.0\;C:\WINDOWS\System32\OpenSSH\;C:\Program Files\dotnet\;C:\Users\nino\AppData\Local\nvm;C:\nvm4w\nodejs;C:\Data\app\Git\cmd;C:\Program Files\Microsoft SQL Server\150\Tools\Binn\;C:\Data\app\dvm\;C:\Data\app\dartsdk-windows-x64-release-3.7.3\dart-sdk\bin;C:\Data\app\dartsdk-windows-x64-release\dart-sdk\bin;C:\Data\app\fvm-3.2.1-windows-x64\fvm\src;C:\Data\app\fvm-3.2.1-windows-x64\fvm;C:\Program Files\Java\jdk-17\bin;C:\Program Files\Java\jdk-17;C:\Program Files\Microsoft SQL Server\Client SDK\ODBC\170\Tools\Binn\;C:\Program Files (x86)\Microsoft SQL Server\160\Tools\Binn\;C:\Program Files\Microsoft SQL Server\160\Tools\Binn\;C:\Program Files\Microsoft SQL Server\160\DTS\Binn\;C:\Program Files (x86)\Microsoft SQL Server\160\DTS\Binn\;C:\Users\nino\AppData\Local\Programs\Python\Python311\Scripts\;C:\User;C:\apache-maven-3.9.10-bin\apache-maven-3.9.10\bin;C:\Program Files (x86)\WiX Toolset v3.11\bin;C:\Users\nino\AppData\Local\Programs\Python\Python311\Scripts\;C:\Users\nino\AppData\Local\Programs\Python\Python311\;C:\Users\nino\AppData\Local\Microsoft\WindowsApps;C:\Users\nino\AppData\Local\Programs\Microsoft VS Code\bin;C:\Users\nino\AppData\Local\nvm;C:\nvm4w\nodejs;C:\Data\app\IntelliJ IDEA 2025.1\bin;C:\Data\app\dvm\;C:\Data\app\IJ\IntelliJ IDEA Community Edition 2025.1\bin;C:\Users\nino\fvm\default\bin;C:\Users\nino\.dotnet\tools;C:\Users\nino\.lmstudio\bin;C:\Users\nino\AppData\Local\Programs\cursor\resources\app\bin;C:\Program Files\Java\jdk-17;C:\Users\nino\.dotnet\tools;C:\Program Files\Java\jdk-17\bin
Check launcher:	C:\Program Files\Java\jdk-17\bin\javaw.exe (OK)
Check javac:	C:\Program Files\Java\jdk-17\bin\javac.exe (OK)
Version string: 1.017.000_012 / 64-Bit (OK)
Main class:	com.example.ui.Main
Add classpath:	C:\Program Files\Java\jdk-17\openjfx-21.0.7_windows-x64_bin-sdk\javafx-sdk-21.0.7\lib
Add classpath:	C:\Code\chaythue\web-app-share-tipsPhanMinhHieu\fe-pc\ui\src\main\java\com\example\ui\utils\FXRouter.java
Add classpath:	C:\Program Files\Java\jdk-17\openjfx-21.0.7_windows-x64_bin-sdk\javafx-sdk-21.0.7\lib\javafx.base.jar
Add classpath:	C:\Program Files\Java\jdk-17\openjfx-21.0.7_windows-x64_bin-sdk\javafx-sdk-21.0.7\lib\javafx.controls.jar
Add classpath:	C:\Program Files\Java\jdk-17\openjfx-21.0.7_windows-x64_bin-sdk\javafx-sdk-21.0.7\lib\javafx.fxml.jar
Add classpath:	C:\Program Files\Java\jdk-17\openjfx-21.0.7_windows-x64_bin-sdk\javafx-sdk-21.0.7\lib\javafx.graphics.jar
Add classpath:	C:\Program Files\Java\jdk-17\openjfx-21.0.7_windows-x64_bin-sdk\javafx-sdk-21.0.7\lib\javafx.media.jar
Add classpath:	C:\Program Files\Java\jdk-17\openjfx-21.0.7_windows-x64_bin-sdk\javafx-sdk-21.0.7\lib\javafx.properties
Add classpath:	C:\Program Files\Java\jdk-17\openjfx-21.0.7_windows-x64_bin-sdk\javafx-sdk-21.0.7\lib\javafx.swing.jar
Add classpath:	C:\Program Files\Java\jdk-17\openjfx-21.0.7_windows-x64_bin-sdk\javafx-sdk-21.0.7\lib\javafx.web.jar
Add classpath:	C:\Program Files\Java\jdk-17\openjfx-21.0.7_windows-x64_bin-sdk\javafx-sdk-21.0.7\lib\javafx-swt.jar
Launcher:	C:\Program Files\Java\jdk-17\bin\javaw.exe
Launcher args:	-classpath "target\ui-1.0-SNAPSHOT.jar;C:\Program Files\Java\jdk-17\openjfx-21.0.7_windows-x64_bin-sdk\javafx-sdk-21.0.7\lib;C:\Code\chaythue\web-app-share-tipsPhanMinhHieu\fe-pc\ui\src\main\java\com\example\ui\utils\FXRouter.java;C:\Program Files\Java\jdk-17\openjfx-21.0.7_windows-x64_bin-sdk\javafx-sdk-21.0.7\lib\javafx.base.jar;C:\Program Files\Java\jdk-17\openjfx-21.0.7_windows-x64_bin-sdk\javafx-sdk-21.0.7\lib\javafx.controls.jar;C:\Program Files\Java\jdk-17\openjfx-21.0.7_windows-x64_bin-sdk\javafx-sdk-21.0.7\lib\javafx.fxml.jar;C:\Program Files\Java\jdk-17\openjfx-21.0.7_windows-x64_bin-sdk\javafx-sdk-21.0.7\lib\javafx.graphics.jar;C:\Program Files\Java\jdk-17\openjfx-21.0.7_windows-x64_bin-sdk\javafx-sdk-21.0.7\lib\javafx.media.jar;C:\Program Files\Java\jdk-17\openjfx-21.0.7_windows-x64_bin-sdk\javafx-sdk-21.0.7\lib\javafx.properties;C:\Program Files\Java\jdk-17\openjfx-21.0.7_windows-x64_bin-sdk\javafx-sdk-21.0.7\lib\javafx.swing.jar;C:\Program Files\Java\jdk-17\openjfx-21.0.7_windows-x64_bin-sdk\javafx-sdk-21.0.7\lib\javafx.web.jar;C:\Program Files\Java\jdk-17\openjfx-21.0.7_windows-x64_bin-sdk\javafx-sdk-21.0.7\lib\javafx-swt.jar" com.example.ui.Main
Args length:	1179/32768 chars
Exit code:	0


Version:	3.50
CmdLine:	C:\Code\chaythue\web-app-share-tipsPhanMinhHieu\fe-pc\ui\output\LifeTips.exe --l4j-debug
JNI:		No
WOW64:		Yes
Working dir:	C:\Code\chaythue\web-app-share-tipsPhanMinhHieu\fe-pc\ui\output\.
Requires JDK:	Yes
Requires 64-Bit: Yes
Java min ver:	1.017.000
Java max ver:	
Substitute:	JAVA_HOME = C:\Program Files\Java\jdk-17
Substitute:	PATH = c:\Users\nino\AppData\Local\Programs\cursor\resources\app\bin;C:\Program Files\Common Files\Oracle\Java\javapath;C:\WINDOWS\system32;C:\WINDOWS;C:\WINDOWS\System32\Wbem;C:\WINDOWS\System32\WindowsPowerShell\v1.0\;C:\WINDOWS\System32\OpenSSH\;C:\Program Files\dotnet\;C:\Users\nino\AppData\Local\nvm;C:\nvm4w\nodejs;C:\Data\app\Git\cmd;C:\Program Files\Microsoft SQL Server\150\Tools\Binn\;C:\Data\app\dvm\;C:\Data\app\dartsdk-windows-x64-release-3.7.3\dart-sdk\bin;C:\Data\app\dartsdk-windows-x64-release\dart-sdk\bin;C:\Data\app\fvm-3.2.1-windows-x64\fvm\src;C:\Data\app\fvm-3.2.1-windows-x64\fvm;C:\Program Files\Java\jdk-17\bin;C:\Program Files\Java\jdk-17;C:\Program Files\Microsoft SQL Server\Client SDK\ODBC\170\Tools\Binn\;C:\Program Files (x86)\Microsoft SQL Server\160\Tools\Binn\;C:\Program Files\Microsoft SQL Server\160\Tools\Binn\;C:\Program Files\Microsoft SQL Server\160\DTS\Binn\;C:\Program Files (x86)\Microsoft SQL Server\160\DTS\Binn\;C:\Users\nino\AppData\Local\Programs\Python\Python311\Scripts\;C:\User;C:\apache-maven-3.9.10-bin\apache-maven-3.9.10\bin;C:\Program Files (x86)\WiX Toolset v3.11\bin;C:\Users\nino\AppData\Local\Programs\Python\Python311\Scripts\;C:\Users\nino\AppData\Local\Programs\Python\Python311\;C:\Users\nino\AppData\Local\Microsoft\WindowsApps;C:\Users\nino\AppData\Local\Programs\Microsoft VS Code\bin;C:\Users\nino\AppData\Local\nvm;C:\nvm4w\nodejs;C:\Data\app\IntelliJ IDEA 2025.1\bin;C:\Data\app\dvm\;C:\Data\app\IJ\IntelliJ IDEA Community Edition 2025.1\bin;C:\Users\nino\fvm\default\bin;C:\Users\nino\.dotnet\tools;C:\Users\nino\.lmstudio\bin;C:\Users\nino\AppData\Local\Programs\cursor\resources\app\bin;C:\Program Files\Java\jdk-17;C:\Users\nino\.dotnet\tools;C:\Program Files\Java\jdk-17\bin
JRE paths:	C:\Program Files\Java\jdk-17;c:\Users\nino\AppData\Local\Programs\cursor\resources\app\bin;C:\Program Files\Common Files\Oracle\Java\javapath;C:\WINDOWS\system32;C:\WINDOWS;C:\WINDOWS\System32\Wbem;C:\WINDOWS\System32\WindowsPowerShell\v1.0\;C:\WINDOWS\System32\OpenSSH\;C:\Program Files\dotnet\;C:\Users\nino\AppData\Local\nvm;C:\nvm4w\nodejs;C:\Data\app\Git\cmd;C:\Program Files\Microsoft SQL Server\150\Tools\Binn\;C:\Data\app\dvm\;C:\Data\app\dartsdk-windows-x64-release-3.7.3\dart-sdk\bin;C:\Data\app\dartsdk-windows-x64-release\dart-sdk\bin;C:\Data\app\fvm-3.2.1-windows-x64\fvm\src;C:\Data\app\fvm-3.2.1-windows-x64\fvm;C:\Program Files\Java\jdk-17\bin;C:\Program Files\Java\jdk-17;C:\Program Files\Microsoft SQL Server\Client SDK\ODBC\170\Tools\Binn\;C:\Program Files (x86)\Microsoft SQL Server\160\Tools\Binn\;C:\Program Files\Microsoft SQL Server\160\Tools\Binn\;C:\Program Files\Microsoft SQL Server\160\DTS\Binn\;C:\Program Files (x86)\Microsoft SQL Server\160\DTS\Binn\;C:\Users\nino\AppData\Local\Programs\Python\Python311\Scripts\;C:\User;C:\apache-maven-3.9.10-bin\apache-maven-3.9.10\bin;C:\Program Files (x86)\WiX Toolset v3.11\bin;C:\Users\nino\AppData\Local\Programs\Python\Python311\Scripts\;C:\Users\nino\AppData\Local\Programs\Python\Python311\;C:\Users\nino\AppData\Local\Microsoft\WindowsApps;C:\Users\nino\AppData\Local\Programs\Microsoft VS Code\bin;C:\Users\nino\AppData\Local\nvm;C:\nvm4w\nodejs;C:\Data\app\IntelliJ IDEA 2025.1\bin;C:\Data\app\dvm\;C:\Data\app\IJ\IntelliJ IDEA Community Edition 2025.1\bin;C:\Users\nino\fvm\default\bin;C:\Users\nino\.dotnet\tools;C:\Users\nino\.lmstudio\bin;C:\Users\nino\AppData\Local\Programs\cursor\resources\app\bin;C:\Program Files\Java\jdk-17;C:\Users\nino\.dotnet\tools;C:\Program Files\Java\jdk-17\bin
Check launcher:	C:\Program Files\Java\jdk-17\bin\javaw.exe (OK)
Check javac:	C:\Program Files\Java\jdk-17\bin\javac.exe (OK)
Version string: 1.017.000_012 / 64-Bit (OK)
Main class:	com.example.ui.Main
Add classpath:	C:\Program Files\Java\jdk-17\openjfx-21.0.7_windows-x64_bin-sdk\javafx-sdk-21.0.7\lib
Add classpath:	C:\Code\chaythue\web-app-share-tipsPhanMinhHieu\fe-pc\ui\src\main\java\com\example\ui\utils\FXRouter.java
Add classpath:	C:\Program Files\Java\jdk-17\openjfx-21.0.7_windows-x64_bin-sdk\javafx-sdk-21.0.7\lib\javafx.base.jar
Add classpath:	C:\Program Files\Java\jdk-17\openjfx-21.0.7_windows-x64_bin-sdk\javafx-sdk-21.0.7\lib\javafx.controls.jar
Add classpath:	C:\Program Files\Java\jdk-17\openjfx-21.0.7_windows-x64_bin-sdk\javafx-sdk-21.0.7\lib\javafx.fxml.jar
Add classpath:	C:\Program Files\Java\jdk-17\openjfx-21.0.7_windows-x64_bin-sdk\javafx-sdk-21.0.7\lib\javafx.graphics.jar
Add classpath:	C:\Program Files\Java\jdk-17\openjfx-21.0.7_windows-x64_bin-sdk\javafx-sdk-21.0.7\lib\javafx.media.jar
Add classpath:	C:\Program Files\Java\jdk-17\openjfx-21.0.7_windows-x64_bin-sdk\javafx-sdk-21.0.7\lib\javafx.properties
Add classpath:	C:\Program Files\Java\jdk-17\openjfx-21.0.7_windows-x64_bin-sdk\javafx-sdk-21.0.7\lib\javafx.swing.jar
Add classpath:	C:\Program Files\Java\jdk-17\openjfx-21.0.7_windows-x64_bin-sdk\javafx-sdk-21.0.7\lib\javafx.web.jar
Add classpath:	C:\Program Files\Java\jdk-17\openjfx-21.0.7_windows-x64_bin-sdk\javafx-sdk-21.0.7\lib\javafx-swt.jar
Launcher:	C:\Program Files\Java\jdk-17\bin\javaw.exe
Launcher args:	-classpath "target\ui-1.0-SNAPSHOT.jar;C:\Program Files\Java\jdk-17\openjfx-21.0.7_windows-x64_bin-sdk\javafx-sdk-21.0.7\lib;C:\Code\chaythue\web-app-share-tipsPhanMinhHieu\fe-pc\ui\src\main\java\com\example\ui\utils\FXRouter.java;C:\Program Files\Java\jdk-17\openjfx-21.0.7_windows-x64_bin-sdk\javafx-sdk-21.0.7\lib\javafx.base.jar;C:\Program Files\Java\jdk-17\openjfx-21.0.7_windows-x64_bin-sdk\javafx-sdk-21.0.7\lib\javafx.controls.jar;C:\Program Files\Java\jdk-17\openjfx-21.0.7_windows-x64_bin-sdk\javafx-sdk-21.0.7\lib\javafx.fxml.jar;C:\Program Files\Java\jdk-17\openjfx-21.0.7_windows-x64_bin-sdk\javafx-sdk-21.0.7\lib\javafx.graphics.jar;C:\Program Files\Java\jdk-17\openjfx-21.0.7_windows-x64_bin-sdk\javafx-sdk-21.0.7\lib\javafx.media.jar;C:\Program Files\Java\jdk-17\openjfx-21.0.7_windows-x64_bin-sdk\javafx-sdk-21.0.7\lib\javafx.properties;C:\Program Files\Java\jdk-17\openjfx-21.0.7_windows-x64_bin-sdk\javafx-sdk-21.0.7\lib\javafx.swing.jar;C:\Program Files\Java\jdk-17\openjfx-21.0.7_windows-x64_bin-sdk\javafx-sdk-21.0.7\lib\javafx.web.jar;C:\Program Files\Java\jdk-17\openjfx-21.0.7_windows-x64_bin-sdk\javafx-sdk-21.0.7\lib\javafx-swt.jar" com.example.ui.Main
Args length:	1179/32768 chars
Exit code:	0


Version:	3.50
CmdLine:	C:\Code\chaythue\web-app-share-tipsPhanMinhHieu\fe-pc\ui\output\LifeTips.exe --l4j-debug
JNI:		No
WOW64:		Yes
Working dir:	C:\Code\chaythue\web-app-share-tipsPhanMinhHieu\fe-pc\ui\output\.
Requires JDK:	Yes
Requires 64-Bit: Yes
Java min ver:	1.017.000
Java max ver:	
Substitute:	JAVA_HOME = C:\Program Files\Java\jdk-17
Substitute:	PATH = c:\Users\nino\AppData\Local\Programs\cursor\resources\app\bin;C:\Program Files\Common Files\Oracle\Java\javapath;C:\WINDOWS\system32;C:\WINDOWS;C:\WINDOWS\System32\Wbem;C:\WINDOWS\System32\WindowsPowerShell\v1.0\;C:\WINDOWS\System32\OpenSSH\;C:\Program Files\dotnet\;C:\Users\nino\AppData\Local\nvm;C:\nvm4w\nodejs;C:\Data\app\Git\cmd;C:\Program Files\Microsoft SQL Server\150\Tools\Binn\;C:\Data\app\dvm\;C:\Data\app\dartsdk-windows-x64-release-3.7.3\dart-sdk\bin;C:\Data\app\dartsdk-windows-x64-release\dart-sdk\bin;C:\Data\app\fvm-3.2.1-windows-x64\fvm\src;C:\Data\app\fvm-3.2.1-windows-x64\fvm;C:\Program Files\Java\jdk-17\bin;C:\Program Files\Java\jdk-17;C:\Program Files\Microsoft SQL Server\Client SDK\ODBC\170\Tools\Binn\;C:\Program Files (x86)\Microsoft SQL Server\160\Tools\Binn\;C:\Program Files\Microsoft SQL Server\160\Tools\Binn\;C:\Program Files\Microsoft SQL Server\160\DTS\Binn\;C:\Program Files (x86)\Microsoft SQL Server\160\DTS\Binn\;C:\Users\nino\AppData\Local\Programs\Python\Python311\Scripts\;C:\User;C:\apache-maven-3.9.10-bin\apache-maven-3.9.10\bin;C:\Program Files (x86)\WiX Toolset v3.11\bin;C:\Users\nino\AppData\Local\Programs\Python\Python311\Scripts\;C:\Users\nino\AppData\Local\Programs\Python\Python311\;C:\Users\nino\AppData\Local\Microsoft\WindowsApps;C:\Users\nino\AppData\Local\Programs\Microsoft VS Code\bin;C:\Users\nino\AppData\Local\nvm;C:\nvm4w\nodejs;C:\Data\app\IntelliJ IDEA 2025.1\bin;C:\Data\app\dvm\;C:\Data\app\IJ\IntelliJ IDEA Community Edition 2025.1\bin;C:\Users\nino\fvm\default\bin;C:\Users\nino\.dotnet\tools;C:\Users\nino\.lmstudio\bin;C:\Users\nino\AppData\Local\Programs\cursor\resources\app\bin;C:\Program Files\Java\jdk-17;C:\Users\nino\.dotnet\tools;C:\Program Files\Java\jdk-17\bin
JRE paths:	C:\Program Files\Java\jdk-17;c:\Users\nino\AppData\Local\Programs\cursor\resources\app\bin;C:\Program Files\Common Files\Oracle\Java\javapath;C:\WINDOWS\system32;C:\WINDOWS;C:\WINDOWS\System32\Wbem;C:\WINDOWS\System32\WindowsPowerShell\v1.0\;C:\WINDOWS\System32\OpenSSH\;C:\Program Files\dotnet\;C:\Users\nino\AppData\Local\nvm;C:\nvm4w\nodejs;C:\Data\app\Git\cmd;C:\Program Files\Microsoft SQL Server\150\Tools\Binn\;C:\Data\app\dvm\;C:\Data\app\dartsdk-windows-x64-release-3.7.3\dart-sdk\bin;C:\Data\app\dartsdk-windows-x64-release\dart-sdk\bin;C:\Data\app\fvm-3.2.1-windows-x64\fvm\src;C:\Data\app\fvm-3.2.1-windows-x64\fvm;C:\Program Files\Java\jdk-17\bin;C:\Program Files\Java\jdk-17;C:\Program Files\Microsoft SQL Server\Client SDK\ODBC\170\Tools\Binn\;C:\Program Files (x86)\Microsoft SQL Server\160\Tools\Binn\;C:\Program Files\Microsoft SQL Server\160\Tools\Binn\;C:\Program Files\Microsoft SQL Server\160\DTS\Binn\;C:\Program Files (x86)\Microsoft SQL Server\160\DTS\Binn\;C:\Users\nino\AppData\Local\Programs\Python\Python311\Scripts\;C:\User;C:\apache-maven-3.9.10-bin\apache-maven-3.9.10\bin;C:\Program Files (x86)\WiX Toolset v3.11\bin;C:\Users\nino\AppData\Local\Programs\Python\Python311\Scripts\;C:\Users\nino\AppData\Local\Programs\Python\Python311\;C:\Users\nino\AppData\Local\Microsoft\WindowsApps;C:\Users\nino\AppData\Local\Programs\Microsoft VS Code\bin;C:\Users\nino\AppData\Local\nvm;C:\nvm4w\nodejs;C:\Data\app\IntelliJ IDEA 2025.1\bin;C:\Data\app\dvm\;C:\Data\app\IJ\IntelliJ IDEA Community Edition 2025.1\bin;C:\Users\nino\fvm\default\bin;C:\Users\nino\.dotnet\tools;C:\Users\nino\.lmstudio\bin;C:\Users\nino\AppData\Local\Programs\cursor\resources\app\bin;C:\Program Files\Java\jdk-17;C:\Users\nino\.dotnet\tools;C:\Program Files\Java\jdk-17\bin
Check launcher:	C:\Program Files\Java\jdk-17\bin\javaw.exe (OK)
Check javac:	C:\Program Files\Java\jdk-17\bin\javac.exe (OK)
Version string: 1.017.000_012 / 64-Bit (OK)
Main class:	com.example.ui.Main
Add classpath:	C:\Program Files\Java\jdk-17\openjfx-21.0.7_windows-x64_bin-sdk\javafx-sdk-21.0.7\lib
Add classpath:	C:\Code\chaythue\web-app-share-tipsPhanMinhHieu\fe-pc\ui\src\main\java\com\example\ui\utils\FXRouter.java
Add classpath:	C:\Program Files\Java\jdk-17\openjfx-21.0.7_windows-x64_bin-sdk\javafx-sdk-21.0.7\lib\javafx.base.jar
Add classpath:	C:\Program Files\Java\jdk-17\openjfx-21.0.7_windows-x64_bin-sdk\javafx-sdk-21.0.7\lib\javafx.controls.jar
Add classpath:	C:\Program Files\Java\jdk-17\openjfx-21.0.7_windows-x64_bin-sdk\javafx-sdk-21.0.7\lib\javafx.fxml.jar
Add classpath:	C:\Program Files\Java\jdk-17\openjfx-21.0.7_windows-x64_bin-sdk\javafx-sdk-21.0.7\lib\javafx.graphics.jar
Add classpath:	C:\Program Files\Java\jdk-17\openjfx-21.0.7_windows-x64_bin-sdk\javafx-sdk-21.0.7\lib\javafx.media.jar
Add classpath:	C:\Program Files\Java\jdk-17\openjfx-21.0.7_windows-x64_bin-sdk\javafx-sdk-21.0.7\lib\javafx.properties
Add classpath:	C:\Program Files\Java\jdk-17\openjfx-21.0.7_windows-x64_bin-sdk\javafx-sdk-21.0.7\lib\javafx.swing.jar
Add classpath:	C:\Program Files\Java\jdk-17\openjfx-21.0.7_windows-x64_bin-sdk\javafx-sdk-21.0.7\lib\javafx.web.jar
Add classpath:	C:\Program Files\Java\jdk-17\openjfx-21.0.7_windows-x64_bin-sdk\javafx-sdk-21.0.7\lib\javafx-swt.jar
Launcher:	C:\Program Files\Java\jdk-17\bin\javaw.exe
Launcher args:	-classpath "target\ui-1.0-SNAPSHOT.jar;C:\Program Files\Java\jdk-17\openjfx-21.0.7_windows-x64_bin-sdk\javafx-sdk-21.0.7\lib;C:\Code\chaythue\web-app-share-tipsPhanMinhHieu\fe-pc\ui\src\main\java\com\example\ui\utils\FXRouter.java;C:\Program Files\Java\jdk-17\openjfx-21.0.7_windows-x64_bin-sdk\javafx-sdk-21.0.7\lib\javafx.base.jar;C:\Program Files\Java\jdk-17\openjfx-21.0.7_windows-x64_bin-sdk\javafx-sdk-21.0.7\lib\javafx.controls.jar;C:\Program Files\Java\jdk-17\openjfx-21.0.7_windows-x64_bin-sdk\javafx-sdk-21.0.7\lib\javafx.fxml.jar;C:\Program Files\Java\jdk-17\openjfx-21.0.7_windows-x64_bin-sdk\javafx-sdk-21.0.7\lib\javafx.graphics.jar;C:\Program Files\Java\jdk-17\openjfx-21.0.7_windows-x64_bin-sdk\javafx-sdk-21.0.7\lib\javafx.media.jar;C:\Program Files\Java\jdk-17\openjfx-21.0.7_windows-x64_bin-sdk\javafx-sdk-21.0.7\lib\javafx.properties;C:\Program Files\Java\jdk-17\openjfx-21.0.7_windows-x64_bin-sdk\javafx-sdk-21.0.7\lib\javafx.swing.jar;C:\Program Files\Java\jdk-17\openjfx-21.0.7_windows-x64_bin-sdk\javafx-sdk-21.0.7\lib\javafx.web.jar;C:\Program Files\Java\jdk-17\openjfx-21.0.7_windows-x64_bin-sdk\javafx-sdk-21.0.7\lib\javafx-swt.jar" com.example.ui.Main
Args length:	1179/32768 chars
Exit code:	0


Version:	3.50
CmdLine:	C:\Code\chaythue\web-app-share-tipsPhanMinhHieu\fe-pc\ui\output\LifeTips.exe --l4j-debug
JNI:		No
WOW64:		Yes
Working dir:	C:\Code\chaythue\web-app-share-tipsPhanMinhHieu\fe-pc\ui\output\.
Requires JDK:	Yes
Requires 64-Bit: Yes
Java min ver:	1.017.000
Java max ver:	
Substitute:	JAVA_HOME = C:\Program Files\Java\jdk-17
Substitute:	PATH = c:\Users\nino\AppData\Local\Programs\cursor\resources\app\bin;C:\Program Files\Common Files\Oracle\Java\javapath;C:\WINDOWS\system32;C:\WINDOWS;C:\WINDOWS\System32\Wbem;C:\WINDOWS\System32\WindowsPowerShell\v1.0\;C:\WINDOWS\System32\OpenSSH\;C:\Program Files\dotnet\;C:\Users\nino\AppData\Local\nvm;C:\nvm4w\nodejs;C:\Data\app\Git\cmd;C:\Program Files\Microsoft SQL Server\150\Tools\Binn\;C:\Data\app\dvm\;C:\Data\app\dartsdk-windows-x64-release-3.7.3\dart-sdk\bin;C:\Data\app\dartsdk-windows-x64-release\dart-sdk\bin;C:\Data\app\fvm-3.2.1-windows-x64\fvm\src;C:\Data\app\fvm-3.2.1-windows-x64\fvm;C:\Program Files\Java\jdk-17\bin;C:\Program Files\Java\jdk-17;C:\Program Files\Microsoft SQL Server\Client SDK\ODBC\170\Tools\Binn\;C:\Program Files (x86)\Microsoft SQL Server\160\Tools\Binn\;C:\Program Files\Microsoft SQL Server\160\Tools\Binn\;C:\Program Files\Microsoft SQL Server\160\DTS\Binn\;C:\Program Files (x86)\Microsoft SQL Server\160\DTS\Binn\;C:\Users\nino\AppData\Local\Programs\Python\Python311\Scripts\;C:\User;C:\apache-maven-3.9.10-bin\apache-maven-3.9.10\bin;C:\Program Files (x86)\WiX Toolset v3.11\bin;C:\Users\nino\AppData\Local\Programs\Python\Python311\Scripts\;C:\Users\nino\AppData\Local\Programs\Python\Python311\;C:\Users\nino\AppData\Local\Microsoft\WindowsApps;C:\Users\nino\AppData\Local\Programs\Microsoft VS Code\bin;C:\Users\nino\AppData\Local\nvm;C:\nvm4w\nodejs;C:\Data\app\IntelliJ IDEA 2025.1\bin;C:\Data\app\dvm\;C:\Data\app\IJ\IntelliJ IDEA Community Edition 2025.1\bin;C:\Users\nino\fvm\default\bin;C:\Users\nino\.dotnet\tools;C:\Users\nino\.lmstudio\bin;C:\Users\nino\AppData\Local\Programs\cursor\resources\app\bin;C:\Program Files\Java\jdk-17;C:\Users\nino\.dotnet\tools;C:\Program Files\Java\jdk-17\bin
JRE paths:	C:\Program Files\Java\jdk-17;c:\Users\nino\AppData\Local\Programs\cursor\resources\app\bin;C:\Program Files\Common Files\Oracle\Java\javapath;C:\WINDOWS\system32;C:\WINDOWS;C:\WINDOWS\System32\Wbem;C:\WINDOWS\System32\WindowsPowerShell\v1.0\;C:\WINDOWS\System32\OpenSSH\;C:\Program Files\dotnet\;C:\Users\nino\AppData\Local\nvm;C:\nvm4w\nodejs;C:\Data\app\Git\cmd;C:\Program Files\Microsoft SQL Server\150\Tools\Binn\;C:\Data\app\dvm\;C:\Data\app\dartsdk-windows-x64-release-3.7.3\dart-sdk\bin;C:\Data\app\dartsdk-windows-x64-release\dart-sdk\bin;C:\Data\app\fvm-3.2.1-windows-x64\fvm\src;C:\Data\app\fvm-3.2.1-windows-x64\fvm;C:\Program Files\Java\jdk-17\bin;C:\Program Files\Java\jdk-17;C:\Program Files\Microsoft SQL Server\Client SDK\ODBC\170\Tools\Binn\;C:\Program Files (x86)\Microsoft SQL Server\160\Tools\Binn\;C:\Program Files\Microsoft SQL Server\160\Tools\Binn\;C:\Program Files\Microsoft SQL Server\160\DTS\Binn\;C:\Program Files (x86)\Microsoft SQL Server\160\DTS\Binn\;C:\Users\nino\AppData\Local\Programs\Python\Python311\Scripts\;C:\User;C:\apache-maven-3.9.10-bin\apache-maven-3.9.10\bin;C:\Program Files (x86)\WiX Toolset v3.11\bin;C:\Users\nino\AppData\Local\Programs\Python\Python311\Scripts\;C:\Users\nino\AppData\Local\Programs\Python\Python311\;C:\Users\nino\AppData\Local\Microsoft\WindowsApps;C:\Users\nino\AppData\Local\Programs\Microsoft VS Code\bin;C:\Users\nino\AppData\Local\nvm;C:\nvm4w\nodejs;C:\Data\app\IntelliJ IDEA 2025.1\bin;C:\Data\app\dvm\;C:\Data\app\IJ\IntelliJ IDEA Community Edition 2025.1\bin;C:\Users\nino\fvm\default\bin;C:\Users\nino\.dotnet\tools;C:\Users\nino\.lmstudio\bin;C:\Users\nino\AppData\Local\Programs\cursor\resources\app\bin;C:\Program Files\Java\jdk-17;C:\Users\nino\.dotnet\tools;C:\Program Files\Java\jdk-17\bin
Check launcher:	C:\Program Files\Java\jdk-17\bin\javaw.exe (OK)
Check javac:	C:\Program Files\Java\jdk-17\bin\javac.exe (OK)
Version string: 1.017.000_012 / 64-Bit (OK)
Main class:	com.example.ui.Main
Add classpath:	C:\Program Files\Java\jdk-17\openjfx-21.0.7_windows-x64_bin-sdk\javafx-sdk-21.0.7\lib
Add classpath:	C:\Code\chaythue\web-app-share-tipsPhanMinhHieu\fe-pc\ui\src\main\java\com\example\ui\utils\FXRouter.java
Add classpath:	C:\Program Files\Java\jdk-17\openjfx-21.0.7_windows-x64_bin-sdk\javafx-sdk-21.0.7\lib\javafx.base.jar
Add classpath:	C:\Program Files\Java\jdk-17\openjfx-21.0.7_windows-x64_bin-sdk\javafx-sdk-21.0.7\lib\javafx.controls.jar
Add classpath:	C:\Program Files\Java\jdk-17\openjfx-21.0.7_windows-x64_bin-sdk\javafx-sdk-21.0.7\lib\javafx.fxml.jar
Add classpath:	C:\Program Files\Java\jdk-17\openjfx-21.0.7_windows-x64_bin-sdk\javafx-sdk-21.0.7\lib\javafx.graphics.jar
Add classpath:	C:\Program Files\Java\jdk-17\openjfx-21.0.7_windows-x64_bin-sdk\javafx-sdk-21.0.7\lib\javafx.media.jar
Add classpath:	C:\Program Files\Java\jdk-17\openjfx-21.0.7_windows-x64_bin-sdk\javafx-sdk-21.0.7\lib\javafx.properties
Add classpath:	C:\Program Files\Java\jdk-17\openjfx-21.0.7_windows-x64_bin-sdk\javafx-sdk-21.0.7\lib\javafx.swing.jar
Add classpath:	C:\Program Files\Java\jdk-17\openjfx-21.0.7_windows-x64_bin-sdk\javafx-sdk-21.0.7\lib\javafx.web.jar
Add classpath:	C:\Program Files\Java\jdk-17\openjfx-21.0.7_windows-x64_bin-sdk\javafx-sdk-21.0.7\lib\javafx-swt.jar
Launcher:	C:\Program Files\Java\jdk-17\bin\javaw.exe
Launcher args:	-classpath "target\ui-1.0-SNAPSHOT.jar;C:\Program Files\Java\jdk-17\openjfx-21.0.7_windows-x64_bin-sdk\javafx-sdk-21.0.7\lib;C:\Code\chaythue\web-app-share-tipsPhanMinhHieu\fe-pc\ui\src\main\java\com\example\ui\utils\FXRouter.java;C:\Program Files\Java\jdk-17\openjfx-21.0.7_windows-x64_bin-sdk\javafx-sdk-21.0.7\lib\javafx.base.jar;C:\Program Files\Java\jdk-17\openjfx-21.0.7_windows-x64_bin-sdk\javafx-sdk-21.0.7\lib\javafx.controls.jar;C:\Program Files\Java\jdk-17\openjfx-21.0.7_windows-x64_bin-sdk\javafx-sdk-21.0.7\lib\javafx.fxml.jar;C:\Program Files\Java\jdk-17\openjfx-21.0.7_windows-x64_bin-sdk\javafx-sdk-21.0.7\lib\javafx.graphics.jar;C:\Program Files\Java\jdk-17\openjfx-21.0.7_windows-x64_bin-sdk\javafx-sdk-21.0.7\lib\javafx.media.jar;C:\Program Files\Java\jdk-17\openjfx-21.0.7_windows-x64_bin-sdk\javafx-sdk-21.0.7\lib\javafx.properties;C:\Program Files\Java\jdk-17\openjfx-21.0.7_windows-x64_bin-sdk\javafx-sdk-21.0.7\lib\javafx.swing.jar;C:\Program Files\Java\jdk-17\openjfx-21.0.7_windows-x64_bin-sdk\javafx-sdk-21.0.7\lib\javafx.web.jar;C:\Program Files\Java\jdk-17\openjfx-21.0.7_windows-x64_bin-sdk\javafx-sdk-21.0.7\lib\javafx-swt.jar" com.example.ui.Main
Args length:	1179/32768 chars
Exit code:	0


Version:	3.50
CmdLine:	C:\Code\chaythue\web-app-share-tipsPhanMinhHieu\fe-pc\ui\output\LifeTips.exe --l4j-debug
JNI:		No
WOW64:		Yes
Working dir:	C:\Code\chaythue\web-app-share-tipsPhanMinhHieu\fe-pc\ui\output\.
Requires JDK:	Yes
Requires 64-Bit: Yes
Java min ver:	1.017.000
Java max ver:	
Substitute:	JAVA_HOME = C:\Program Files\Java\jdk-17
Substitute:	PATH = c:\Users\nino\AppData\Local\Programs\cursor\resources\app\bin;C:\Program Files\Common Files\Oracle\Java\javapath;C:\WINDOWS\system32;C:\WINDOWS;C:\WINDOWS\System32\Wbem;C:\WINDOWS\System32\WindowsPowerShell\v1.0\;C:\WINDOWS\System32\OpenSSH\;C:\Program Files\dotnet\;C:\Users\nino\AppData\Local\nvm;C:\nvm4w\nodejs;C:\Data\app\Git\cmd;C:\Program Files\Microsoft SQL Server\150\Tools\Binn\;C:\Data\app\dvm\;C:\Data\app\dartsdk-windows-x64-release-3.7.3\dart-sdk\bin;C:\Data\app\dartsdk-windows-x64-release\dart-sdk\bin;C:\Data\app\fvm-3.2.1-windows-x64\fvm\src;C:\Data\app\fvm-3.2.1-windows-x64\fvm;C:\Program Files\Java\jdk-17\bin;C:\Program Files\Java\jdk-17;C:\Program Files\Microsoft SQL Server\Client SDK\ODBC\170\Tools\Binn\;C:\Program Files (x86)\Microsoft SQL Server\160\Tools\Binn\;C:\Program Files\Microsoft SQL Server\160\Tools\Binn\;C:\Program Files\Microsoft SQL Server\160\DTS\Binn\;C:\Program Files (x86)\Microsoft SQL Server\160\DTS\Binn\;C:\Users\nino\AppData\Local\Programs\Python\Python311\Scripts\;C:\User;C:\apache-maven-3.9.10-bin\apache-maven-3.9.10\bin;C:\Program Files (x86)\WiX Toolset v3.11\bin;C:\Users\nino\AppData\Local\Programs\Python\Python311\Scripts\;C:\Users\nino\AppData\Local\Programs\Python\Python311\;C:\Users\nino\AppData\Local\Microsoft\WindowsApps;C:\Users\nino\AppData\Local\Programs\Microsoft VS Code\bin;C:\Users\nino\AppData\Local\nvm;C:\nvm4w\nodejs;C:\Data\app\IntelliJ IDEA 2025.1\bin;C:\Data\app\dvm\;C:\Data\app\IJ\IntelliJ IDEA Community Edition 2025.1\bin;C:\Users\nino\fvm\default\bin;C:\Users\nino\.dotnet\tools;C:\Users\nino\.lmstudio\bin;C:\Users\nino\AppData\Local\Programs\cursor\resources\app\bin;C:\Program Files\Java\jdk-17;C:\Users\nino\.dotnet\tools;C:\Program Files\Java\jdk-17\bin
JRE paths:	C:\Program Files\Java\jdk-17;c:\Users\nino\AppData\Local\Programs\cursor\resources\app\bin;C:\Program Files\Common Files\Oracle\Java\javapath;C:\WINDOWS\system32;C:\WINDOWS;C:\WINDOWS\System32\Wbem;C:\WINDOWS\System32\WindowsPowerShell\v1.0\;C:\WINDOWS\System32\OpenSSH\;C:\Program Files\dotnet\;C:\Users\nino\AppData\Local\nvm;C:\nvm4w\nodejs;C:\Data\app\Git\cmd;C:\Program Files\Microsoft SQL Server\150\Tools\Binn\;C:\Data\app\dvm\;C:\Data\app\dartsdk-windows-x64-release-3.7.3\dart-sdk\bin;C:\Data\app\dartsdk-windows-x64-release\dart-sdk\bin;C:\Data\app\fvm-3.2.1-windows-x64\fvm\src;C:\Data\app\fvm-3.2.1-windows-x64\fvm;C:\Program Files\Java\jdk-17\bin;C:\Program Files\Java\jdk-17;C:\Program Files\Microsoft SQL Server\Client SDK\ODBC\170\Tools\Binn\;C:\Program Files (x86)\Microsoft SQL Server\160\Tools\Binn\;C:\Program Files\Microsoft SQL Server\160\Tools\Binn\;C:\Program Files\Microsoft SQL Server\160\DTS\Binn\;C:\Program Files (x86)\Microsoft SQL Server\160\DTS\Binn\;C:\Users\nino\AppData\Local\Programs\Python\Python311\Scripts\;C:\User;C:\apache-maven-3.9.10-bin\apache-maven-3.9.10\bin;C:\Program Files (x86)\WiX Toolset v3.11\bin;C:\Users\nino\AppData\Local\Programs\Python\Python311\Scripts\;C:\Users\nino\AppData\Local\Programs\Python\Python311\;C:\Users\nino\AppData\Local\Microsoft\WindowsApps;C:\Users\nino\AppData\Local\Programs\Microsoft VS Code\bin;C:\Users\nino\AppData\Local\nvm;C:\nvm4w\nodejs;C:\Data\app\IntelliJ IDEA 2025.1\bin;C:\Data\app\dvm\;C:\Data\app\IJ\IntelliJ IDEA Community Edition 2025.1\bin;C:\Users\nino\fvm\default\bin;C:\Users\nino\.dotnet\tools;C:\Users\nino\.lmstudio\bin;C:\Users\nino\AppData\Local\Programs\cursor\resources\app\bin;C:\Program Files\Java\jdk-17;C:\Users\nino\.dotnet\tools;C:\Program Files\Java\jdk-17\bin
Check launcher:	C:\Program Files\Java\jdk-17\bin\javaw.exe (OK)
Check javac:	C:\Program Files\Java\jdk-17\bin\javac.exe (OK)
Version string: 1.017.000_012 / 64-Bit (OK)
Main class:	com.example.ui.Main
Add classpath:	C:\Program Files\Java\jdk-17\openjfx-21.0.7_windows-x64_bin-sdk\javafx-sdk-21.0.7\lib
Add classpath:	C:\Code\chaythue\web-app-share-tipsPhanMinhHieu\fe-pc\ui\src\main\java\com\example\ui\utils\FXRouter.java
Add classpath:	C:\Program Files\Java\jdk-17\openjfx-21.0.7_windows-x64_bin-sdk\javafx-sdk-21.0.7\lib\javafx.base.jar
Add classpath:	C:\Program Files\Java\jdk-17\openjfx-21.0.7_windows-x64_bin-sdk\javafx-sdk-21.0.7\lib\javafx.controls.jar
Add classpath:	C:\Program Files\Java\jdk-17\openjfx-21.0.7_windows-x64_bin-sdk\javafx-sdk-21.0.7\lib\javafx.fxml.jar
Add classpath:	C:\Program Files\Java\jdk-17\openjfx-21.0.7_windows-x64_bin-sdk\javafx-sdk-21.0.7\lib\javafx.graphics.jar
Add classpath:	C:\Program Files\Java\jdk-17\openjfx-21.0.7_windows-x64_bin-sdk\javafx-sdk-21.0.7\lib\javafx.media.jar
Add classpath:	C:\Program Files\Java\jdk-17\openjfx-21.0.7_windows-x64_bin-sdk\javafx-sdk-21.0.7\lib\javafx.properties
Add classpath:	C:\Program Files\Java\jdk-17\openjfx-21.0.7_windows-x64_bin-sdk\javafx-sdk-21.0.7\lib\javafx.swing.jar
Add classpath:	C:\Program Files\Java\jdk-17\openjfx-21.0.7_windows-x64_bin-sdk\javafx-sdk-21.0.7\lib\javafx.web.jar
Add classpath:	C:\Program Files\Java\jdk-17\openjfx-21.0.7_windows-x64_bin-sdk\javafx-sdk-21.0.7\lib\javafx-swt.jar
Launcher:	C:\Program Files\Java\jdk-17\bin\javaw.exe
Launcher args:	-classpath "target\ui-1.0-SNAPSHOT.jar;C:\Program Files\Java\jdk-17\openjfx-21.0.7_windows-x64_bin-sdk\javafx-sdk-21.0.7\lib;C:\Code\chaythue\web-app-share-tipsPhanMinhHieu\fe-pc\ui\src\main\java\com\example\ui\utils\FXRouter.java;C:\Program Files\Java\jdk-17\openjfx-21.0.7_windows-x64_bin-sdk\javafx-sdk-21.0.7\lib\javafx.base.jar;C:\Program Files\Java\jdk-17\openjfx-21.0.7_windows-x64_bin-sdk\javafx-sdk-21.0.7\lib\javafx.controls.jar;C:\Program Files\Java\jdk-17\openjfx-21.0.7_windows-x64_bin-sdk\javafx-sdk-21.0.7\lib\javafx.fxml.jar;C:\Program Files\Java\jdk-17\openjfx-21.0.7_windows-x64_bin-sdk\javafx-sdk-21.0.7\lib\javafx.graphics.jar;C:\Program Files\Java\jdk-17\openjfx-21.0.7_windows-x64_bin-sdk\javafx-sdk-21.0.7\lib\javafx.media.jar;C:\Program Files\Java\jdk-17\openjfx-21.0.7_windows-x64_bin-sdk\javafx-sdk-21.0.7\lib\javafx.properties;C:\Program Files\Java\jdk-17\openjfx-21.0.7_windows-x64_bin-sdk\javafx-sdk-21.0.7\lib\javafx.swing.jar;C:\Program Files\Java\jdk-17\openjfx-21.0.7_windows-x64_bin-sdk\javafx-sdk-21.0.7\lib\javafx.web.jar;C:\Program Files\Java\jdk-17\openjfx-21.0.7_windows-x64_bin-sdk\javafx-sdk-21.0.7\lib\javafx-swt.jar" com.example.ui.Main
Args length:	1179/32768 chars
Exit code:	0


Version:	3.50
CmdLine:	C:\Code\chaythue\web-app-share-tipsPhanMinhHieu\fe-pc\ui\output\LifeTips.exe --l4j-debug
JNI:		No
WOW64:		Yes
Working dir:	C:\Code\chaythue\web-app-share-tipsPhanMinhHieu\fe-pc\ui\output\.
Requires JDK:	Yes
Requires 64-Bit: Yes
Java min ver:	1.017.000
Java max ver:	
Substitute:	JAVA_HOME = C:\Program Files\Java\jdk-17
Substitute:	PATH = c:\Users\nino\AppData\Local\Programs\cursor\resources\app\bin;C:\Program Files\Common Files\Oracle\Java\javapath;C:\WINDOWS\system32;C:\WINDOWS;C:\WINDOWS\System32\Wbem;C:\WINDOWS\System32\WindowsPowerShell\v1.0\;C:\WINDOWS\System32\OpenSSH\;C:\Program Files\dotnet\;C:\Users\nino\AppData\Local\nvm;C:\nvm4w\nodejs;C:\Data\app\Git\cmd;C:\Program Files\Microsoft SQL Server\150\Tools\Binn\;C:\Data\app\dvm\;C:\Data\app\dartsdk-windows-x64-release-3.7.3\dart-sdk\bin;C:\Data\app\dartsdk-windows-x64-release\dart-sdk\bin;C:\Data\app\fvm-3.2.1-windows-x64\fvm\src;C:\Data\app\fvm-3.2.1-windows-x64\fvm;C:\Program Files\Java\jdk-17\bin;C:\Program Files\Java\jdk-17;C:\Program Files\Microsoft SQL Server\Client SDK\ODBC\170\Tools\Binn\;C:\Program Files (x86)\Microsoft SQL Server\160\Tools\Binn\;C:\Program Files\Microsoft SQL Server\160\Tools\Binn\;C:\Program Files\Microsoft SQL Server\160\DTS\Binn\;C:\Program Files (x86)\Microsoft SQL Server\160\DTS\Binn\;C:\Users\nino\AppData\Local\Programs\Python\Python311\Scripts\;C:\User;C:\apache-maven-3.9.10-bin\apache-maven-3.9.10\bin;C:\Program Files (x86)\WiX Toolset v3.11\bin;C:\Users\nino\AppData\Local\Programs\Python\Python311\Scripts\;C:\Users\nino\AppData\Local\Programs\Python\Python311\;C:\Users\nino\AppData\Local\Microsoft\WindowsApps;C:\Users\nino\AppData\Local\Programs\Microsoft VS Code\bin;C:\Users\nino\AppData\Local\nvm;C:\nvm4w\nodejs;C:\Data\app\IntelliJ IDEA 2025.1\bin;C:\Data\app\dvm\;C:\Data\app\IJ\IntelliJ IDEA Community Edition 2025.1\bin;C:\Users\nino\fvm\default\bin;C:\Users\nino\.dotnet\tools;C:\Users\nino\.lmstudio\bin;C:\Users\nino\AppData\Local\Programs\cursor\resources\app\bin;C:\Program Files\Java\jdk-17;C:\Users\nino\.dotnet\tools;C:\Program Files\Java\jdk-17\bin
JRE paths:	C:\Program Files\Java\jdk-17;c:\Users\nino\AppData\Local\Programs\cursor\resources\app\bin;C:\Program Files\Common Files\Oracle\Java\javapath;C:\WINDOWS\system32;C:\WINDOWS;C:\WINDOWS\System32\Wbem;C:\WINDOWS\System32\WindowsPowerShell\v1.0\;C:\WINDOWS\System32\OpenSSH\;C:\Program Files\dotnet\;C:\Users\nino\AppData\Local\nvm;C:\nvm4w\nodejs;C:\Data\app\Git\cmd;C:\Program Files\Microsoft SQL Server\150\Tools\Binn\;C:\Data\app\dvm\;C:\Data\app\dartsdk-windows-x64-release-3.7.3\dart-sdk\bin;C:\Data\app\dartsdk-windows-x64-release\dart-sdk\bin;C:\Data\app\fvm-3.2.1-windows-x64\fvm\src;C:\Data\app\fvm-3.2.1-windows-x64\fvm;C:\Program Files\Java\jdk-17\bin;C:\Program Files\Java\jdk-17;C:\Program Files\Microsoft SQL Server\Client SDK\ODBC\170\Tools\Binn\;C:\Program Files (x86)\Microsoft SQL Server\160\Tools\Binn\;C:\Program Files\Microsoft SQL Server\160\Tools\Binn\;C:\Program Files\Microsoft SQL Server\160\DTS\Binn\;C:\Program Files (x86)\Microsoft SQL Server\160\DTS\Binn\;C:\Users\nino\AppData\Local\Programs\Python\Python311\Scripts\;C:\User;C:\apache-maven-3.9.10-bin\apache-maven-3.9.10\bin;C:\Program Files (x86)\WiX Toolset v3.11\bin;C:\Users\nino\AppData\Local\Programs\Python\Python311\Scripts\;C:\Users\nino\AppData\Local\Programs\Python\Python311\;C:\Users\nino\AppData\Local\Microsoft\WindowsApps;C:\Users\nino\AppData\Local\Programs\Microsoft VS Code\bin;C:\Users\nino\AppData\Local\nvm;C:\nvm4w\nodejs;C:\Data\app\IntelliJ IDEA 2025.1\bin;C:\Data\app\dvm\;C:\Data\app\IJ\IntelliJ IDEA Community Edition 2025.1\bin;C:\Users\nino\fvm\default\bin;C:\Users\nino\.dotnet\tools;C:\Users\nino\.lmstudio\bin;C:\Users\nino\AppData\Local\Programs\cursor\resources\app\bin;C:\Program Files\Java\jdk-17;C:\Users\nino\.dotnet\tools;C:\Program Files\Java\jdk-17\bin
Check launcher:	C:\Program Files\Java\jdk-17\bin\javaw.exe (OK)
Check javac:	C:\Program Files\Java\jdk-17\bin\javac.exe (OK)
Version string: 1.017.000_012 / 64-Bit (OK)
Main class:	com.example.ui.Main
Add classpath:	C:\Program Files\Java\jdk-17\openjfx-21.0.7_windows-x64_bin-sdk\javafx-sdk-21.0.7\lib
Add classpath:	C:\Code\chaythue\web-app-share-tipsPhanMinhHieu\fe-pc\ui\src\main\java\com\example\ui\utils\FXRouter.java
Add classpath:	C:\Program Files\Java\jdk-17\openjfx-21.0.7_windows-x64_bin-sdk\javafx-sdk-21.0.7\lib\javafx.base.jar
Add classpath:	C:\Program Files\Java\jdk-17\openjfx-21.0.7_windows-x64_bin-sdk\javafx-sdk-21.0.7\lib\javafx.controls.jar
Add classpath:	C:\Program Files\Java\jdk-17\openjfx-21.0.7_windows-x64_bin-sdk\javafx-sdk-21.0.7\lib\javafx.fxml.jar
Add classpath:	C:\Program Files\Java\jdk-17\openjfx-21.0.7_windows-x64_bin-sdk\javafx-sdk-21.0.7\lib\javafx.graphics.jar
Add classpath:	C:\Program Files\Java\jdk-17\openjfx-21.0.7_windows-x64_bin-sdk\javafx-sdk-21.0.7\lib\javafx.media.jar
Add classpath:	C:\Program Files\Java\jdk-17\openjfx-21.0.7_windows-x64_bin-sdk\javafx-sdk-21.0.7\lib\javafx.properties
Add classpath:	C:\Program Files\Java\jdk-17\openjfx-21.0.7_windows-x64_bin-sdk\javafx-sdk-21.0.7\lib\javafx.swing.jar
Add classpath:	C:\Program Files\Java\jdk-17\openjfx-21.0.7_windows-x64_bin-sdk\javafx-sdk-21.0.7\lib\javafx.web.jar
Add classpath:	C:\Program Files\Java\jdk-17\openjfx-21.0.7_windows-x64_bin-sdk\javafx-sdk-21.0.7\lib\javafx-swt.jar
Launcher:	C:\Program Files\Java\jdk-17\bin\javaw.exe
Launcher args:	-classpath "target\ui-1.0-SNAPSHOT.jar;C:\Program Files\Java\jdk-17\openjfx-21.0.7_windows-x64_bin-sdk\javafx-sdk-21.0.7\lib;C:\Code\chaythue\web-app-share-tipsPhanMinhHieu\fe-pc\ui\src\main\java\com\example\ui\utils\FXRouter.java;C:\Program Files\Java\jdk-17\openjfx-21.0.7_windows-x64_bin-sdk\javafx-sdk-21.0.7\lib\javafx.base.jar;C:\Program Files\Java\jdk-17\openjfx-21.0.7_windows-x64_bin-sdk\javafx-sdk-21.0.7\lib\javafx.controls.jar;C:\Program Files\Java\jdk-17\openjfx-21.0.7_windows-x64_bin-sdk\javafx-sdk-21.0.7\lib\javafx.fxml.jar;C:\Program Files\Java\jdk-17\openjfx-21.0.7_windows-x64_bin-sdk\javafx-sdk-21.0.7\lib\javafx.graphics.jar;C:\Program Files\Java\jdk-17\openjfx-21.0.7_windows-x64_bin-sdk\javafx-sdk-21.0.7\lib\javafx.media.jar;C:\Program Files\Java\jdk-17\openjfx-21.0.7_windows-x64_bin-sdk\javafx-sdk-21.0.7\lib\javafx.properties;C:\Program Files\Java\jdk-17\openjfx-21.0.7_windows-x64_bin-sdk\javafx-sdk-21.0.7\lib\javafx.swing.jar;C:\Program Files\Java\jdk-17\openjfx-21.0.7_windows-x64_bin-sdk\javafx-sdk-21.0.7\lib\javafx.web.jar;C:\Program Files\Java\jdk-17\openjfx-21.0.7_windows-x64_bin-sdk\javafx-sdk-21.0.7\lib\javafx-swt.jar" com.example.ui.Main
Args length:	1179/32768 chars
Exit code:	0


Version:	3.50
CmdLine:	C:\Code\chaythue\web-app-share-tipsPhanMinhHieu\fe-pc\ui\output\LifeTips.exe --l4j-debug
JNI:		No
WOW64:		Yes
Working dir:	C:\Code\chaythue\web-app-share-tipsPhanMinhHieu\fe-pc\ui\output\.
Requires JDK:	Yes
Requires 64-Bit: Yes
Java min ver:	1.017.000
Java max ver:	
Substitute:	JAVA_HOME = C:\Program Files\Java\jdk-17
Substitute:	PATH = c:\Users\nino\AppData\Local\Programs\cursor\resources\app\bin;C:\Program Files\Common Files\Oracle\Java\javapath;C:\WINDOWS\system32;C:\WINDOWS;C:\WINDOWS\System32\Wbem;C:\WINDOWS\System32\WindowsPowerShell\v1.0\;C:\WINDOWS\System32\OpenSSH\;C:\Program Files\dotnet\;C:\Users\nino\AppData\Local\nvm;C:\nvm4w\nodejs;C:\Data\app\Git\cmd;C:\Program Files\Microsoft SQL Server\150\Tools\Binn\;C:\Data\app\dvm\;C:\Data\app\dartsdk-windows-x64-release-3.7.3\dart-sdk\bin;C:\Data\app\dartsdk-windows-x64-release\dart-sdk\bin;C:\Data\app\fvm-3.2.1-windows-x64\fvm\src;C:\Data\app\fvm-3.2.1-windows-x64\fvm;C:\Program Files\Java\jdk-17\bin;C:\Program Files\Java\jdk-17;C:\Program Files\Microsoft SQL Server\Client SDK\ODBC\170\Tools\Binn\;C:\Program Files (x86)\Microsoft SQL Server\160\Tools\Binn\;C:\Program Files\Microsoft SQL Server\160\Tools\Binn\;C:\Program Files\Microsoft SQL Server\160\DTS\Binn\;C:\Program Files (x86)\Microsoft SQL Server\160\DTS\Binn\;C:\Users\nino\AppData\Local\Programs\Python\Python311\Scripts\;C:\User;C:\apache-maven-3.9.10-bin\apache-maven-3.9.10\bin;C:\Program Files (x86)\WiX Toolset v3.11\bin;C:\Users\nino\AppData\Local\Programs\Python\Python311\Scripts\;C:\Users\nino\AppData\Local\Programs\Python\Python311\;C:\Users\nino\AppData\Local\Microsoft\WindowsApps;C:\Users\nino\AppData\Local\Programs\Microsoft VS Code\bin;C:\Users\nino\AppData\Local\nvm;C:\nvm4w\nodejs;C:\Data\app\IntelliJ IDEA 2025.1\bin;C:\Data\app\dvm\;C:\Data\app\IJ\IntelliJ IDEA Community Edition 2025.1\bin;C:\Users\nino\fvm\default\bin;C:\Users\nino\.dotnet\tools;C:\Users\nino\.lmstudio\bin;C:\Users\nino\AppData\Local\Programs\cursor\resources\app\bin;C:\Program Files\Java\jdk-17;C:\Users\nino\.dotnet\tools;C:\Program Files\Java\jdk-17\bin
JRE paths:	C:\Program Files\Java\jdk-17;c:\Users\nino\AppData\Local\Programs\cursor\resources\app\bin;C:\Program Files\Common Files\Oracle\Java\javapath;C:\WINDOWS\system32;C:\WINDOWS;C:\WINDOWS\System32\Wbem;C:\WINDOWS\System32\WindowsPowerShell\v1.0\;C:\WINDOWS\System32\OpenSSH\;C:\Program Files\dotnet\;C:\Users\nino\AppData\Local\nvm;C:\nvm4w\nodejs;C:\Data\app\Git\cmd;C:\Program Files\Microsoft SQL Server\150\Tools\Binn\;C:\Data\app\dvm\;C:\Data\app\dartsdk-windows-x64-release-3.7.3\dart-sdk\bin;C:\Data\app\dartsdk-windows-x64-release\dart-sdk\bin;C:\Data\app\fvm-3.2.1-windows-x64\fvm\src;C:\Data\app\fvm-3.2.1-windows-x64\fvm;C:\Program Files\Java\jdk-17\bin;C:\Program Files\Java\jdk-17;C:\Program Files\Microsoft SQL Server\Client SDK\ODBC\170\Tools\Binn\;C:\Program Files (x86)\Microsoft SQL Server\160\Tools\Binn\;C:\Program Files\Microsoft SQL Server\160\Tools\Binn\;C:\Program Files\Microsoft SQL Server\160\DTS\Binn\;C:\Program Files (x86)\Microsoft SQL Server\160\DTS\Binn\;C:\Users\nino\AppData\Local\Programs\Python\Python311\Scripts\;C:\User;C:\apache-maven-3.9.10-bin\apache-maven-3.9.10\bin;C:\Program Files (x86)\WiX Toolset v3.11\bin;C:\Users\nino\AppData\Local\Programs\Python\Python311\Scripts\;C:\Users\nino\AppData\Local\Programs\Python\Python311\;C:\Users\nino\AppData\Local\Microsoft\WindowsApps;C:\Users\nino\AppData\Local\Programs\Microsoft VS Code\bin;C:\Users\nino\AppData\Local\nvm;C:\nvm4w\nodejs;C:\Data\app\IntelliJ IDEA 2025.1\bin;C:\Data\app\dvm\;C:\Data\app\IJ\IntelliJ IDEA Community Edition 2025.1\bin;C:\Users\nino\fvm\default\bin;C:\Users\nino\.dotnet\tools;C:\Users\nino\.lmstudio\bin;C:\Users\nino\AppData\Local\Programs\cursor\resources\app\bin;C:\Program Files\Java\jdk-17;C:\Users\nino\.dotnet\tools;C:\Program Files\Java\jdk-17\bin
Check launcher:	C:\Program Files\Java\jdk-17\bin\javaw.exe (OK)
Check javac:	C:\Program Files\Java\jdk-17\bin\javac.exe (OK)
Version string: 1.017.000_012 / 64-Bit (OK)
Main class:	com.example.ui.Main
Add classpath:	C:\Program Files\Java\jdk-17\openjfx-21.0.7_windows-x64_bin-sdk\javafx-sdk-21.0.7\lib
Add classpath:	C:\Code\chaythue\web-app-share-tipsPhanMinhHieu\fe-pc\ui\src\main\java\com\example\ui\utils\FXRouter.java
Add classpath:	C:\Program Files\Java\jdk-17\openjfx-21.0.7_windows-x64_bin-sdk\javafx-sdk-21.0.7\lib\javafx.base.jar
Add classpath:	C:\Program Files\Java\jdk-17\openjfx-21.0.7_windows-x64_bin-sdk\javafx-sdk-21.0.7\lib\javafx.controls.jar
Add classpath:	C:\Program Files\Java\jdk-17\openjfx-21.0.7_windows-x64_bin-sdk\javafx-sdk-21.0.7\lib\javafx.fxml.jar
Add classpath:	C:\Program Files\Java\jdk-17\openjfx-21.0.7_windows-x64_bin-sdk\javafx-sdk-21.0.7\lib\javafx.graphics.jar
Add classpath:	C:\Program Files\Java\jdk-17\openjfx-21.0.7_windows-x64_bin-sdk\javafx-sdk-21.0.7\lib\javafx.media.jar
Add classpath:	C:\Program Files\Java\jdk-17\openjfx-21.0.7_windows-x64_bin-sdk\javafx-sdk-21.0.7\lib\javafx.properties
Add classpath:	C:\Program Files\Java\jdk-17\openjfx-21.0.7_windows-x64_bin-sdk\javafx-sdk-21.0.7\lib\javafx.swing.jar
Add classpath:	C:\Program Files\Java\jdk-17\openjfx-21.0.7_windows-x64_bin-sdk\javafx-sdk-21.0.7\lib\javafx.web.jar
Add classpath:	C:\Program Files\Java\jdk-17\openjfx-21.0.7_windows-x64_bin-sdk\javafx-sdk-21.0.7\lib\javafx-swt.jar
Launcher:	C:\Program Files\Java\jdk-17\bin\javaw.exe
Launcher args:	-classpath "..\target\ui-1.0-SNAPSHOT.jar;C:\Program Files\Java\jdk-17\openjfx-21.0.7_windows-x64_bin-sdk\javafx-sdk-21.0.7\lib;C:\Code\chaythue\web-app-share-tipsPhanMinhHieu\fe-pc\ui\src\main\java\com\example\ui\utils\FXRouter.java;C:\Program Files\Java\jdk-17\openjfx-21.0.7_windows-x64_bin-sdk\javafx-sdk-21.0.7\lib\javafx.base.jar;C:\Program Files\Java\jdk-17\openjfx-21.0.7_windows-x64_bin-sdk\javafx-sdk-21.0.7\lib\javafx.controls.jar;C:\Program Files\Java\jdk-17\openjfx-21.0.7_windows-x64_bin-sdk\javafx-sdk-21.0.7\lib\javafx.fxml.jar;C:\Program Files\Java\jdk-17\openjfx-21.0.7_windows-x64_bin-sdk\javafx-sdk-21.0.7\lib\javafx.graphics.jar;C:\Program Files\Java\jdk-17\openjfx-21.0.7_windows-x64_bin-sdk\javafx-sdk-21.0.7\lib\javafx.media.jar;C:\Program Files\Java\jdk-17\openjfx-21.0.7_windows-x64_bin-sdk\javafx-sdk-21.0.7\lib\javafx.properties;C:\Program Files\Java\jdk-17\openjfx-21.0.7_windows-x64_bin-sdk\javafx-sdk-21.0.7\lib\javafx.swing.jar;C:\Program Files\Java\jdk-17\openjfx-21.0.7_windows-x64_bin-sdk\javafx-sdk-21.0.7\lib\javafx.web.jar;C:\Program Files\Java\jdk-17\openjfx-21.0.7_windows-x64_bin-sdk\javafx-sdk-21.0.7\lib\javafx-swt.jar" com.example.ui.Main
Args length:	1182/32768 chars
Exit code:	0


Version:	3.50
CmdLine:	C:\Code\chaythue\web-app-share-tipsPhanMinhHieu\fe-pc\ui\output\LifeTips.exe --l4j-debug
JNI:		No
WOW64:		Yes
Working dir:	C:\Code\chaythue\web-app-share-tipsPhanMinhHieu\fe-pc\ui\output\.
Requires JDK:	Yes
Requires 64-Bit: Yes
Java min ver:	1.017.000
Java max ver:	
Substitute:	JAVA_HOME = C:\Program Files\Java\jdk-17
Substitute:	PATH = c:\Users\nino\AppData\Local\Programs\cursor\resources\app\bin;C:\Program Files\Common Files\Oracle\Java\javapath;C:\WINDOWS\system32;C:\WINDOWS;C:\WINDOWS\System32\Wbem;C:\WINDOWS\System32\WindowsPowerShell\v1.0\;C:\WINDOWS\System32\OpenSSH\;C:\Program Files\dotnet\;C:\Users\nino\AppData\Local\nvm;C:\nvm4w\nodejs;C:\Data\app\Git\cmd;C:\Program Files\Microsoft SQL Server\150\Tools\Binn\;C:\Data\app\dvm\;C:\Data\app\dartsdk-windows-x64-release-3.7.3\dart-sdk\bin;C:\Data\app\dartsdk-windows-x64-release\dart-sdk\bin;C:\Data\app\fvm-3.2.1-windows-x64\fvm\src;C:\Data\app\fvm-3.2.1-windows-x64\fvm;C:\Program Files\Java\jdk-17\bin;C:\Program Files\Java\jdk-17;C:\Program Files\Microsoft SQL Server\Client SDK\ODBC\170\Tools\Binn\;C:\Program Files (x86)\Microsoft SQL Server\160\Tools\Binn\;C:\Program Files\Microsoft SQL Server\160\Tools\Binn\;C:\Program Files\Microsoft SQL Server\160\DTS\Binn\;C:\Program Files (x86)\Microsoft SQL Server\160\DTS\Binn\;C:\Users\nino\AppData\Local\Programs\Python\Python311\Scripts\;C:\User;C:\apache-maven-3.9.10-bin\apache-maven-3.9.10\bin;C:\Program Files (x86)\WiX Toolset v3.11\bin;C:\Users\nino\AppData\Local\Programs\Python\Python311\Scripts\;C:\Users\nino\AppData\Local\Programs\Python\Python311\;C:\Users\nino\AppData\Local\Microsoft\WindowsApps;C:\Users\nino\AppData\Local\Programs\Microsoft VS Code\bin;C:\Users\nino\AppData\Local\nvm;C:\nvm4w\nodejs;C:\Data\app\IntelliJ IDEA 2025.1\bin;C:\Data\app\dvm\;C:\Data\app\IJ\IntelliJ IDEA Community Edition 2025.1\bin;C:\Users\nino\fvm\default\bin;C:\Users\nino\.dotnet\tools;C:\Users\nino\.lmstudio\bin;C:\Users\nino\AppData\Local\Programs\cursor\resources\app\bin;C:\Program Files\Java\jdk-17;C:\Users\nino\.dotnet\tools;C:\Program Files\Java\jdk-17\bin
JRE paths:	C:\Program Files\Java\jdk-17;c:\Users\nino\AppData\Local\Programs\cursor\resources\app\bin;C:\Program Files\Common Files\Oracle\Java\javapath;C:\WINDOWS\system32;C:\WINDOWS;C:\WINDOWS\System32\Wbem;C:\WINDOWS\System32\WindowsPowerShell\v1.0\;C:\WINDOWS\System32\OpenSSH\;C:\Program Files\dotnet\;C:\Users\nino\AppData\Local\nvm;C:\nvm4w\nodejs;C:\Data\app\Git\cmd;C:\Program Files\Microsoft SQL Server\150\Tools\Binn\;C:\Data\app\dvm\;C:\Data\app\dartsdk-windows-x64-release-3.7.3\dart-sdk\bin;C:\Data\app\dartsdk-windows-x64-release\dart-sdk\bin;C:\Data\app\fvm-3.2.1-windows-x64\fvm\src;C:\Data\app\fvm-3.2.1-windows-x64\fvm;C:\Program Files\Java\jdk-17\bin;C:\Program Files\Java\jdk-17;C:\Program Files\Microsoft SQL Server\Client SDK\ODBC\170\Tools\Binn\;C:\Program Files (x86)\Microsoft SQL Server\160\Tools\Binn\;C:\Program Files\Microsoft SQL Server\160\Tools\Binn\;C:\Program Files\Microsoft SQL Server\160\DTS\Binn\;C:\Program Files (x86)\Microsoft SQL Server\160\DTS\Binn\;C:\Users\nino\AppData\Local\Programs\Python\Python311\Scripts\;C:\User;C:\apache-maven-3.9.10-bin\apache-maven-3.9.10\bin;C:\Program Files (x86)\WiX Toolset v3.11\bin;C:\Users\nino\AppData\Local\Programs\Python\Python311\Scripts\;C:\Users\nino\AppData\Local\Programs\Python\Python311\;C:\Users\nino\AppData\Local\Microsoft\WindowsApps;C:\Users\nino\AppData\Local\Programs\Microsoft VS Code\bin;C:\Users\nino\AppData\Local\nvm;C:\nvm4w\nodejs;C:\Data\app\IntelliJ IDEA 2025.1\bin;C:\Data\app\dvm\;C:\Data\app\IJ\IntelliJ IDEA Community Edition 2025.1\bin;C:\Users\nino\fvm\default\bin;C:\Users\nino\.dotnet\tools;C:\Users\nino\.lmstudio\bin;C:\Users\nino\AppData\Local\Programs\cursor\resources\app\bin;C:\Program Files\Java\jdk-17;C:\Users\nino\.dotnet\tools;C:\Program Files\Java\jdk-17\bin
Check launcher:	C:\Program Files\Java\jdk-17\bin\javaw.exe (OK)
Check javac:	C:\Program Files\Java\jdk-17\bin\javac.exe (OK)
Version string: 1.017.000_012 / 64-Bit (OK)
Main class:	com.example.ui.Main
Add classpath:	C:\Program Files\Java\jdk-17\openjfx-21.0.7_windows-x64_bin-sdk\javafx-sdk-21.0.7\lib
Add classpath:	C:\Code\chaythue\web-app-share-tipsPhanMinhHieu\fe-pc\ui\src\main\java\com\example\ui\utils\FXRouter.java
Add classpath:	C:\Program Files\Java\jdk-17\openjfx-21.0.7_windows-x64_bin-sdk\javafx-sdk-21.0.7\lib\javafx.base.jar
Add classpath:	C:\Program Files\Java\jdk-17\openjfx-21.0.7_windows-x64_bin-sdk\javafx-sdk-21.0.7\lib\javafx.controls.jar
Add classpath:	C:\Program Files\Java\jdk-17\openjfx-21.0.7_windows-x64_bin-sdk\javafx-sdk-21.0.7\lib\javafx.fxml.jar
Add classpath:	C:\Program Files\Java\jdk-17\openjfx-21.0.7_windows-x64_bin-sdk\javafx-sdk-21.0.7\lib\javafx.graphics.jar
Add classpath:	C:\Program Files\Java\jdk-17\openjfx-21.0.7_windows-x64_bin-sdk\javafx-sdk-21.0.7\lib\javafx.media.jar
Add classpath:	C:\Program Files\Java\jdk-17\openjfx-21.0.7_windows-x64_bin-sdk\javafx-sdk-21.0.7\lib\javafx.properties
Add classpath:	C:\Program Files\Java\jdk-17\openjfx-21.0.7_windows-x64_bin-sdk\javafx-sdk-21.0.7\lib\javafx.swing.jar
Add classpath:	C:\Program Files\Java\jdk-17\openjfx-21.0.7_windows-x64_bin-sdk\javafx-sdk-21.0.7\lib\javafx.web.jar
Add classpath:	C:\Program Files\Java\jdk-17\openjfx-21.0.7_windows-x64_bin-sdk\javafx-sdk-21.0.7\lib\javafx-swt.jar
Launcher:	C:\Program Files\Java\jdk-17\bin\javaw.exe
Launcher args:	-classpath "..\target\ui-1.0-SNAPSHOT.jar;C:\Program Files\Java\jdk-17\openjfx-21.0.7_windows-x64_bin-sdk\javafx-sdk-21.0.7\lib;C:\Code\chaythue\web-app-share-tipsPhanMinhHieu\fe-pc\ui\src\main\java\com\example\ui\utils\FXRouter.java;C:\Program Files\Java\jdk-17\openjfx-21.0.7_windows-x64_bin-sdk\javafx-sdk-21.0.7\lib\javafx.base.jar;C:\Program Files\Java\jdk-17\openjfx-21.0.7_windows-x64_bin-sdk\javafx-sdk-21.0.7\lib\javafx.controls.jar;C:\Program Files\Java\jdk-17\openjfx-21.0.7_windows-x64_bin-sdk\javafx-sdk-21.0.7\lib\javafx.fxml.jar;C:\Program Files\Java\jdk-17\openjfx-21.0.7_windows-x64_bin-sdk\javafx-sdk-21.0.7\lib\javafx.graphics.jar;C:\Program Files\Java\jdk-17\openjfx-21.0.7_windows-x64_bin-sdk\javafx-sdk-21.0.7\lib\javafx.media.jar;C:\Program Files\Java\jdk-17\openjfx-21.0.7_windows-x64_bin-sdk\javafx-sdk-21.0.7\lib\javafx.properties;C:\Program Files\Java\jdk-17\openjfx-21.0.7_windows-x64_bin-sdk\javafx-sdk-21.0.7\lib\javafx.swing.jar;C:\Program Files\Java\jdk-17\openjfx-21.0.7_windows-x64_bin-sdk\javafx-sdk-21.0.7\lib\javafx.web.jar;C:\Program Files\Java\jdk-17\openjfx-21.0.7_windows-x64_bin-sdk\javafx-sdk-21.0.7\lib\javafx-swt.jar" com.example.ui.Main
Args length:	1182/32768 chars
Exit code:	0


Version:	3.50
CmdLine:	C:\Code\chaythue\web-app-share-tipsPhanMinhHieu\fe-pc\ui\output\LifeTips.exe --l4j-debug
JNI:		No
WOW64:		Yes
Working dir:	C:\Code\chaythue\web-app-share-tipsPhanMinhHieu\fe-pc\ui\output\.
Requires JDK:	Yes
Requires 64-Bit: Yes
Java min ver:	1.017.000
Java max ver:	
Substitute:	JAVA_HOME = C:\Program Files\Java\jdk-17
Substitute:	PATH = c:\Users\nino\AppData\Local\Programs\cursor\resources\app\bin;C:\Program Files\Common Files\Oracle\Java\javapath;C:\WINDOWS\system32;C:\WINDOWS;C:\WINDOWS\System32\Wbem;C:\WINDOWS\System32\WindowsPowerShell\v1.0\;C:\WINDOWS\System32\OpenSSH\;C:\Program Files\dotnet\;C:\Users\nino\AppData\Local\nvm;C:\nvm4w\nodejs;C:\Data\app\Git\cmd;C:\Program Files\Microsoft SQL Server\150\Tools\Binn\;C:\Data\app\dvm\;C:\Data\app\dartsdk-windows-x64-release-3.7.3\dart-sdk\bin;C:\Data\app\dartsdk-windows-x64-release\dart-sdk\bin;C:\Data\app\fvm-3.2.1-windows-x64\fvm\src;C:\Data\app\fvm-3.2.1-windows-x64\fvm;C:\Program Files\Java\jdk-17\bin;C:\Program Files\Java\jdk-17;C:\Program Files\Microsoft SQL Server\Client SDK\ODBC\170\Tools\Binn\;C:\Program Files (x86)\Microsoft SQL Server\160\Tools\Binn\;C:\Program Files\Microsoft SQL Server\160\Tools\Binn\;C:\Program Files\Microsoft SQL Server\160\DTS\Binn\;C:\Program Files (x86)\Microsoft SQL Server\160\DTS\Binn\;C:\Users\nino\AppData\Local\Programs\Python\Python311\Scripts\;C:\User;C:\apache-maven-3.9.10-bin\apache-maven-3.9.10\bin;C:\Program Files (x86)\WiX Toolset v3.11\bin;C:\Users\nino\AppData\Local\Programs\Python\Python311\Scripts\;C:\Users\nino\AppData\Local\Programs\Python\Python311\;C:\Users\nino\AppData\Local\Microsoft\WindowsApps;C:\Users\nino\AppData\Local\Programs\Microsoft VS Code\bin;C:\Users\nino\AppData\Local\nvm;C:\nvm4w\nodejs;C:\Data\app\IntelliJ IDEA 2025.1\bin;C:\Data\app\dvm\;C:\Data\app\IJ\IntelliJ IDEA Community Edition 2025.1\bin;C:\Users\nino\fvm\default\bin;C:\Users\nino\.dotnet\tools;C:\Users\nino\.lmstudio\bin;C:\Users\nino\AppData\Local\Programs\cursor\resources\app\bin;C:\Program Files\Java\jdk-17;C:\Users\nino\.dotnet\tools;C:\Program Files\Java\jdk-17\bin
JRE paths:	C:\Program Files\Java\jdk-17;c:\Users\nino\AppData\Local\Programs\cursor\resources\app\bin;C:\Program Files\Common Files\Oracle\Java\javapath;C:\WINDOWS\system32;C:\WINDOWS;C:\WINDOWS\System32\Wbem;C:\WINDOWS\System32\WindowsPowerShell\v1.0\;C:\WINDOWS\System32\OpenSSH\;C:\Program Files\dotnet\;C:\Users\nino\AppData\Local\nvm;C:\nvm4w\nodejs;C:\Data\app\Git\cmd;C:\Program Files\Microsoft SQL Server\150\Tools\Binn\;C:\Data\app\dvm\;C:\Data\app\dartsdk-windows-x64-release-3.7.3\dart-sdk\bin;C:\Data\app\dartsdk-windows-x64-release\dart-sdk\bin;C:\Data\app\fvm-3.2.1-windows-x64\fvm\src;C:\Data\app\fvm-3.2.1-windows-x64\fvm;C:\Program Files\Java\jdk-17\bin;C:\Program Files\Java\jdk-17;C:\Program Files\Microsoft SQL Server\Client SDK\ODBC\170\Tools\Binn\;C:\Program Files (x86)\Microsoft SQL Server\160\Tools\Binn\;C:\Program Files\Microsoft SQL Server\160\Tools\Binn\;C:\Program Files\Microsoft SQL Server\160\DTS\Binn\;C:\Program Files (x86)\Microsoft SQL Server\160\DTS\Binn\;C:\Users\nino\AppData\Local\Programs\Python\Python311\Scripts\;C:\User;C:\apache-maven-3.9.10-bin\apache-maven-3.9.10\bin;C:\Program Files (x86)\WiX Toolset v3.11\bin;C:\Users\nino\AppData\Local\Programs\Python\Python311\Scripts\;C:\Users\nino\AppData\Local\Programs\Python\Python311\;C:\Users\nino\AppData\Local\Microsoft\WindowsApps;C:\Users\nino\AppData\Local\Programs\Microsoft VS Code\bin;C:\Users\nino\AppData\Local\nvm;C:\nvm4w\nodejs;C:\Data\app\IntelliJ IDEA 2025.1\bin;C:\Data\app\dvm\;C:\Data\app\IJ\IntelliJ IDEA Community Edition 2025.1\bin;C:\Users\nino\fvm\default\bin;C:\Users\nino\.dotnet\tools;C:\Users\nino\.lmstudio\bin;C:\Users\nino\AppData\Local\Programs\cursor\resources\app\bin;C:\Program Files\Java\jdk-17;C:\Users\nino\.dotnet\tools;C:\Program Files\Java\jdk-17\bin
Check launcher:	C:\Program Files\Java\jdk-17\bin\javaw.exe (OK)
Check javac:	C:\Program Files\Java\jdk-17\bin\javac.exe (OK)
Version string: 1.017.000_012 / 64-Bit (OK)
Main class:	com.example.ui.Main
Add classpath:	C:\Program Files\Java\jdk-17\openjfx-21.0.7_windows-x64_bin-sdk\javafx-sdk-21.0.7\lib
Add classpath:	C:\Code\chaythue\web-app-share-tipsPhanMinhHieu\fe-pc\ui\src\main\java\com\example\ui\utils\FXRouter.java
Add classpath:	C:\Program Files\Java\jdk-17\openjfx-21.0.7_windows-x64_bin-sdk\javafx-sdk-21.0.7\lib\javafx.base.jar
Add classpath:	C:\Program Files\Java\jdk-17\openjfx-21.0.7_windows-x64_bin-sdk\javafx-sdk-21.0.7\lib\javafx.controls.jar
Add classpath:	C:\Program Files\Java\jdk-17\openjfx-21.0.7_windows-x64_bin-sdk\javafx-sdk-21.0.7\lib\javafx.fxml.jar
Add classpath:	C:\Program Files\Java\jdk-17\openjfx-21.0.7_windows-x64_bin-sdk\javafx-sdk-21.0.7\lib\javafx.graphics.jar
Add classpath:	C:\Program Files\Java\jdk-17\openjfx-21.0.7_windows-x64_bin-sdk\javafx-sdk-21.0.7\lib\javafx.media.jar
Add classpath:	C:\Program Files\Java\jdk-17\openjfx-21.0.7_windows-x64_bin-sdk\javafx-sdk-21.0.7\lib\javafx.properties
Add classpath:	C:\Program Files\Java\jdk-17\openjfx-21.0.7_windows-x64_bin-sdk\javafx-sdk-21.0.7\lib\javafx.swing.jar
Add classpath:	C:\Program Files\Java\jdk-17\openjfx-21.0.7_windows-x64_bin-sdk\javafx-sdk-21.0.7\lib\javafx.web.jar
Add classpath:	C:\Program Files\Java\jdk-17\openjfx-21.0.7_windows-x64_bin-sdk\javafx-sdk-21.0.7\lib\javafx-swt.jar
Launcher:	C:\Program Files\Java\jdk-17\bin\javaw.exe
Launcher args:	-classpath "..\target\ui-1.0-SNAPSHOT.jar;C:\Program Files\Java\jdk-17\openjfx-21.0.7_windows-x64_bin-sdk\javafx-sdk-21.0.7\lib;C:\Code\chaythue\web-app-share-tipsPhanMinhHieu\fe-pc\ui\src\main\java\com\example\ui\utils\FXRouter.java;C:\Program Files\Java\jdk-17\openjfx-21.0.7_windows-x64_bin-sdk\javafx-sdk-21.0.7\lib\javafx.base.jar;C:\Program Files\Java\jdk-17\openjfx-21.0.7_windows-x64_bin-sdk\javafx-sdk-21.0.7\lib\javafx.controls.jar;C:\Program Files\Java\jdk-17\openjfx-21.0.7_windows-x64_bin-sdk\javafx-sdk-21.0.7\lib\javafx.fxml.jar;C:\Program Files\Java\jdk-17\openjfx-21.0.7_windows-x64_bin-sdk\javafx-sdk-21.0.7\lib\javafx.graphics.jar;C:\Program Files\Java\jdk-17\openjfx-21.0.7_windows-x64_bin-sdk\javafx-sdk-21.0.7\lib\javafx.media.jar;C:\Program Files\Java\jdk-17\openjfx-21.0.7_windows-x64_bin-sdk\javafx-sdk-21.0.7\lib\javafx.properties;C:\Program Files\Java\jdk-17\openjfx-21.0.7_windows-x64_bin-sdk\javafx-sdk-21.0.7\lib\javafx.swing.jar;C:\Program Files\Java\jdk-17\openjfx-21.0.7_windows-x64_bin-sdk\javafx-sdk-21.0.7\lib\javafx.web.jar;C:\Program Files\Java\jdk-17\openjfx-21.0.7_windows-x64_bin-sdk\javafx-sdk-21.0.7\lib\javafx-swt.jar" com.example.ui.Main
Args length:	1182/32768 chars
Exit code:	0


Version:	3.50
CmdLine:	C:\Code\chaythue\web-app-share-tipsPhanMinhHieu\fe-pc\ui\output\LifeTips.exe --l4j-debug
JNI:		No
WOW64:		Yes
Working dir:	C:\Code\chaythue\web-app-share-tipsPhanMinhHieu\fe-pc\ui\output\.
Requires JDK:	Yes
Requires 64-Bit: Yes
Java min ver:	1.017.000
Java max ver:	
Substitute:	JAVA_HOME = C:\Program Files\Java\jdk-17
Substitute:	PATH = c:\Users\nino\AppData\Local\Programs\cursor\resources\app\bin;C:\Program Files\Common Files\Oracle\Java\javapath;C:\WINDOWS\system32;C:\WINDOWS;C:\WINDOWS\System32\Wbem;C:\WINDOWS\System32\WindowsPowerShell\v1.0\;C:\WINDOWS\System32\OpenSSH\;C:\Program Files\dotnet\;C:\Users\nino\AppData\Local\nvm;C:\nvm4w\nodejs;C:\Data\app\Git\cmd;C:\Program Files\Microsoft SQL Server\150\Tools\Binn\;C:\Data\app\dvm\;C:\Data\app\dartsdk-windows-x64-release-3.7.3\dart-sdk\bin;C:\Data\app\dartsdk-windows-x64-release\dart-sdk\bin;C:\Data\app\fvm-3.2.1-windows-x64\fvm\src;C:\Data\app\fvm-3.2.1-windows-x64\fvm;C:\Program Files\Java\jdk-17\bin;C:\Program Files\Java\jdk-17;C:\Program Files\Microsoft SQL Server\Client SDK\ODBC\170\Tools\Binn\;C:\Program Files (x86)\Microsoft SQL Server\160\Tools\Binn\;C:\Program Files\Microsoft SQL Server\160\Tools\Binn\;C:\Program Files\Microsoft SQL Server\160\DTS\Binn\;C:\Program Files (x86)\Microsoft SQL Server\160\DTS\Binn\;C:\Users\nino\AppData\Local\Programs\Python\Python311\Scripts\;C:\User;C:\apache-maven-3.9.10-bin\apache-maven-3.9.10\bin;C:\Program Files (x86)\WiX Toolset v3.11\bin;C:\Users\nino\AppData\Local\Programs\Python\Python311\Scripts\;C:\Users\nino\AppData\Local\Programs\Python\Python311\;C:\Users\nino\AppData\Local\Microsoft\WindowsApps;C:\Users\nino\AppData\Local\Programs\Microsoft VS Code\bin;C:\Users\nino\AppData\Local\nvm;C:\nvm4w\nodejs;C:\Data\app\IntelliJ IDEA 2025.1\bin;C:\Data\app\dvm\;C:\Data\app\IJ\IntelliJ IDEA Community Edition 2025.1\bin;C:\Users\nino\fvm\default\bin;C:\Users\nino\.dotnet\tools;C:\Users\nino\.lmstudio\bin;C:\Users\nino\AppData\Local\Programs\cursor\resources\app\bin;C:\Program Files\Java\jdk-17;C:\Users\nino\.dotnet\tools;C:\Program Files\Java\jdk-17\bin
JRE paths:	C:\Program Files\Java\jdk-17;c:\Users\nino\AppData\Local\Programs\cursor\resources\app\bin;C:\Program Files\Common Files\Oracle\Java\javapath;C:\WINDOWS\system32;C:\WINDOWS;C:\WINDOWS\System32\Wbem;C:\WINDOWS\System32\WindowsPowerShell\v1.0\;C:\WINDOWS\System32\OpenSSH\;C:\Program Files\dotnet\;C:\Users\nino\AppData\Local\nvm;C:\nvm4w\nodejs;C:\Data\app\Git\cmd;C:\Program Files\Microsoft SQL Server\150\Tools\Binn\;C:\Data\app\dvm\;C:\Data\app\dartsdk-windows-x64-release-3.7.3\dart-sdk\bin;C:\Data\app\dartsdk-windows-x64-release\dart-sdk\bin;C:\Data\app\fvm-3.2.1-windows-x64\fvm\src;C:\Data\app\fvm-3.2.1-windows-x64\fvm;C:\Program Files\Java\jdk-17\bin;C:\Program Files\Java\jdk-17;C:\Program Files\Microsoft SQL Server\Client SDK\ODBC\170\Tools\Binn\;C:\Program Files (x86)\Microsoft SQL Server\160\Tools\Binn\;C:\Program Files\Microsoft SQL Server\160\Tools\Binn\;C:\Program Files\Microsoft SQL Server\160\DTS\Binn\;C:\Program Files (x86)\Microsoft SQL Server\160\DTS\Binn\;C:\Users\nino\AppData\Local\Programs\Python\Python311\Scripts\;C:\User;C:\apache-maven-3.9.10-bin\apache-maven-3.9.10\bin;C:\Program Files (x86)\WiX Toolset v3.11\bin;C:\Users\nino\AppData\Local\Programs\Python\Python311\Scripts\;C:\Users\nino\AppData\Local\Programs\Python\Python311\;C:\Users\nino\AppData\Local\Microsoft\WindowsApps;C:\Users\nino\AppData\Local\Programs\Microsoft VS Code\bin;C:\Users\nino\AppData\Local\nvm;C:\nvm4w\nodejs;C:\Data\app\IntelliJ IDEA 2025.1\bin;C:\Data\app\dvm\;C:\Data\app\IJ\IntelliJ IDEA Community Edition 2025.1\bin;C:\Users\nino\fvm\default\bin;C:\Users\nino\.dotnet\tools;C:\Users\nino\.lmstudio\bin;C:\Users\nino\AppData\Local\Programs\cursor\resources\app\bin;C:\Program Files\Java\jdk-17;C:\Users\nino\.dotnet\tools;C:\Program Files\Java\jdk-17\bin
Check launcher:	C:\Program Files\Java\jdk-17\bin\javaw.exe (OK)
Check javac:	C:\Program Files\Java\jdk-17\bin\javac.exe (OK)
Version string: 1.017.000_012 / 64-Bit (OK)
Main class:	com.example.ui.Main
Add classpath:	C:\Program Files\Java\jdk-17\openjfx-21.0.7_windows-x64_bin-sdk\javafx-sdk-21.0.7\lib
Add classpath:	C:\Code\chaythue\web-app-share-tipsPhanMinhHieu\fe-pc\ui\src\main\java\com\example\ui\utils\FXRouter.java
Add classpath:	C:\Program Files\Java\jdk-17\openjfx-21.0.7_windows-x64_bin-sdk\javafx-sdk-21.0.7\lib\javafx.base.jar
Add classpath:	C:\Program Files\Java\jdk-17\openjfx-21.0.7_windows-x64_bin-sdk\javafx-sdk-21.0.7\lib\javafx.controls.jar
Add classpath:	C:\Program Files\Java\jdk-17\openjfx-21.0.7_windows-x64_bin-sdk\javafx-sdk-21.0.7\lib\javafx.fxml.jar
Add classpath:	C:\Program Files\Java\jdk-17\openjfx-21.0.7_windows-x64_bin-sdk\javafx-sdk-21.0.7\lib\javafx.graphics.jar
Add classpath:	C:\Program Files\Java\jdk-17\openjfx-21.0.7_windows-x64_bin-sdk\javafx-sdk-21.0.7\lib\javafx.media.jar
Add classpath:	C:\Program Files\Java\jdk-17\openjfx-21.0.7_windows-x64_bin-sdk\javafx-sdk-21.0.7\lib\javafx.properties
Add classpath:	C:\Program Files\Java\jdk-17\openjfx-21.0.7_windows-x64_bin-sdk\javafx-sdk-21.0.7\lib\javafx.swing.jar
Add classpath:	C:\Program Files\Java\jdk-17\openjfx-21.0.7_windows-x64_bin-sdk\javafx-sdk-21.0.7\lib\javafx.web.jar
Add classpath:	C:\Program Files\Java\jdk-17\openjfx-21.0.7_windows-x64_bin-sdk\javafx-sdk-21.0.7\lib\javafx-swt.jar
Launcher:	C:\Program Files\Java\jdk-17\bin\javaw.exe
Launcher args:	-classpath "..\target\ui-1.0-SNAPSHOT.jar;C:\Program Files\Java\jdk-17\openjfx-21.0.7_windows-x64_bin-sdk\javafx-sdk-21.0.7\lib;C:\Code\chaythue\web-app-share-tipsPhanMinhHieu\fe-pc\ui\src\main\java\com\example\ui\utils\FXRouter.java;C:\Program Files\Java\jdk-17\openjfx-21.0.7_windows-x64_bin-sdk\javafx-sdk-21.0.7\lib\javafx.base.jar;C:\Program Files\Java\jdk-17\openjfx-21.0.7_windows-x64_bin-sdk\javafx-sdk-21.0.7\lib\javafx.controls.jar;C:\Program Files\Java\jdk-17\openjfx-21.0.7_windows-x64_bin-sdk\javafx-sdk-21.0.7\lib\javafx.fxml.jar;C:\Program Files\Java\jdk-17\openjfx-21.0.7_windows-x64_bin-sdk\javafx-sdk-21.0.7\lib\javafx.graphics.jar;C:\Program Files\Java\jdk-17\openjfx-21.0.7_windows-x64_bin-sdk\javafx-sdk-21.0.7\lib\javafx.media.jar;C:\Program Files\Java\jdk-17\openjfx-21.0.7_windows-x64_bin-sdk\javafx-sdk-21.0.7\lib\javafx.properties;C:\Program Files\Java\jdk-17\openjfx-21.0.7_windows-x64_bin-sdk\javafx-sdk-21.0.7\lib\javafx.swing.jar;C:\Program Files\Java\jdk-17\openjfx-21.0.7_windows-x64_bin-sdk\javafx-sdk-21.0.7\lib\javafx.web.jar;C:\Program Files\Java\jdk-17\openjfx-21.0.7_windows-x64_bin-sdk\javafx-sdk-21.0.7\lib\javafx-swt.jar" com.example.ui.Main
Args length:	1182/32768 chars
Exit code:	0


Version:	3.50
CmdLine:	C:\Code\chaythue\web-app-share-tipsPhanMinhHieu\fe-pc\ui\output\LifeTips.exe --l4j-debug
JNI:		No
WOW64:		Yes
Working dir:	C:\Code\chaythue\web-app-share-tipsPhanMinhHieu\fe-pc\ui\output\.
Requires JDK:	Yes
Requires 64-Bit: Yes
Java min ver:	1.017.000
Java max ver:	
Substitute:	JAVA_HOME = C:\Program Files\Java\jdk-17
Substitute:	PATH = c:\Users\nino\AppData\Local\Programs\cursor\resources\app\bin;C:\Program Files\Common Files\Oracle\Java\javapath;C:\WINDOWS\system32;C:\WINDOWS;C:\WINDOWS\System32\Wbem;C:\WINDOWS\System32\WindowsPowerShell\v1.0\;C:\WINDOWS\System32\OpenSSH\;C:\Program Files\dotnet\;C:\Users\nino\AppData\Local\nvm;C:\nvm4w\nodejs;C:\Data\app\Git\cmd;C:\Program Files\Microsoft SQL Server\150\Tools\Binn\;C:\Data\app\dvm\;C:\Data\app\dartsdk-windows-x64-release-3.7.3\dart-sdk\bin;C:\Data\app\dartsdk-windows-x64-release\dart-sdk\bin;C:\Data\app\fvm-3.2.1-windows-x64\fvm\src;C:\Data\app\fvm-3.2.1-windows-x64\fvm;C:\Program Files\Java\jdk-17\bin;C:\Program Files\Java\jdk-17;C:\Program Files\Microsoft SQL Server\Client SDK\ODBC\170\Tools\Binn\;C:\Program Files (x86)\Microsoft SQL Server\160\Tools\Binn\;C:\Program Files\Microsoft SQL Server\160\Tools\Binn\;C:\Program Files\Microsoft SQL Server\160\DTS\Binn\;C:\Program Files (x86)\Microsoft SQL Server\160\DTS\Binn\;C:\Users\nino\AppData\Local\Programs\Python\Python311\Scripts\;C:\User;C:\apache-maven-3.9.10-bin\apache-maven-3.9.10\bin;C:\Program Files (x86)\WiX Toolset v3.11\bin;C:\Users\nino\AppData\Local\Programs\Python\Python311\Scripts\;C:\Users\nino\AppData\Local\Programs\Python\Python311\;C:\Users\nino\AppData\Local\Microsoft\WindowsApps;C:\Users\nino\AppData\Local\Programs\Microsoft VS Code\bin;C:\Users\nino\AppData\Local\nvm;C:\nvm4w\nodejs;C:\Data\app\IntelliJ IDEA 2025.1\bin;C:\Data\app\dvm\;C:\Data\app\IJ\IntelliJ IDEA Community Edition 2025.1\bin;C:\Users\nino\fvm\default\bin;C:\Users\nino\.dotnet\tools;C:\Users\nino\.lmstudio\bin;C:\Users\nino\AppData\Local\Programs\cursor\resources\app\bin;C:\Program Files\Java\jdk-17;C:\Users\nino\.dotnet\tools;C:\Program Files\Java\jdk-17\bin
JRE paths:	C:\Program Files\Java\jdk-17;c:\Users\nino\AppData\Local\Programs\cursor\resources\app\bin;C:\Program Files\Common Files\Oracle\Java\javapath;C:\WINDOWS\system32;C:\WINDOWS;C:\WINDOWS\System32\Wbem;C:\WINDOWS\System32\WindowsPowerShell\v1.0\;C:\WINDOWS\System32\OpenSSH\;C:\Program Files\dotnet\;C:\Users\nino\AppData\Local\nvm;C:\nvm4w\nodejs;C:\Data\app\Git\cmd;C:\Program Files\Microsoft SQL Server\150\Tools\Binn\;C:\Data\app\dvm\;C:\Data\app\dartsdk-windows-x64-release-3.7.3\dart-sdk\bin;C:\Data\app\dartsdk-windows-x64-release\dart-sdk\bin;C:\Data\app\fvm-3.2.1-windows-x64\fvm\src;C:\Data\app\fvm-3.2.1-windows-x64\fvm;C:\Program Files\Java\jdk-17\bin;C:\Program Files\Java\jdk-17;C:\Program Files\Microsoft SQL Server\Client SDK\ODBC\170\Tools\Binn\;C:\Program Files (x86)\Microsoft SQL Server\160\Tools\Binn\;C:\Program Files\Microsoft SQL Server\160\Tools\Binn\;C:\Program Files\Microsoft SQL Server\160\DTS\Binn\;C:\Program Files (x86)\Microsoft SQL Server\160\DTS\Binn\;C:\Users\nino\AppData\Local\Programs\Python\Python311\Scripts\;C:\User;C:\apache-maven-3.9.10-bin\apache-maven-3.9.10\bin;C:\Program Files (x86)\WiX Toolset v3.11\bin;C:\Users\nino\AppData\Local\Programs\Python\Python311\Scripts\;C:\Users\nino\AppData\Local\Programs\Python\Python311\;C:\Users\nino\AppData\Local\Microsoft\WindowsApps;C:\Users\nino\AppData\Local\Programs\Microsoft VS Code\bin;C:\Users\nino\AppData\Local\nvm;C:\nvm4w\nodejs;C:\Data\app\IntelliJ IDEA 2025.1\bin;C:\Data\app\dvm\;C:\Data\app\IJ\IntelliJ IDEA Community Edition 2025.1\bin;C:\Users\nino\fvm\default\bin;C:\Users\nino\.dotnet\tools;C:\Users\nino\.lmstudio\bin;C:\Users\nino\AppData\Local\Programs\cursor\resources\app\bin;C:\Program Files\Java\jdk-17;C:\Users\nino\.dotnet\tools;C:\Program Files\Java\jdk-17\bin
Check launcher:	C:\Program Files\Java\jdk-17\bin\javaw.exe (OK)
Check javac:	C:\Program Files\Java\jdk-17\bin\javac.exe (OK)
Version string: 1.017.000_012 / 64-Bit (OK)
Main class:	com.example.ui.Main
Add classpath:	C:\Program Files\Java\jdk-17\openjfx-21.0.7_windows-x64_bin-sdk\javafx-sdk-21.0.7\lib
Add classpath:	C:\Code\chaythue\web-app-share-tipsPhanMinhHieu\fe-pc\ui\src\main\java\com\example\ui\utils\FXRouter.java
Add classpath:	C:\Program Files\Java\jdk-17\openjfx-21.0.7_windows-x64_bin-sdk\javafx-sdk-21.0.7\lib\javafx.base.jar
Add classpath:	C:\Program Files\Java\jdk-17\openjfx-21.0.7_windows-x64_bin-sdk\javafx-sdk-21.0.7\lib\javafx.controls.jar
Add classpath:	C:\Program Files\Java\jdk-17\openjfx-21.0.7_windows-x64_bin-sdk\javafx-sdk-21.0.7\lib\javafx.fxml.jar
Add classpath:	C:\Program Files\Java\jdk-17\openjfx-21.0.7_windows-x64_bin-sdk\javafx-sdk-21.0.7\lib\javafx.graphics.jar
Add classpath:	C:\Program Files\Java\jdk-17\openjfx-21.0.7_windows-x64_bin-sdk\javafx-sdk-21.0.7\lib\javafx.media.jar
Add classpath:	C:\Program Files\Java\jdk-17\openjfx-21.0.7_windows-x64_bin-sdk\javafx-sdk-21.0.7\lib\javafx.properties
Add classpath:	C:\Program Files\Java\jdk-17\openjfx-21.0.7_windows-x64_bin-sdk\javafx-sdk-21.0.7\lib\javafx.swing.jar
Add classpath:	C:\Program Files\Java\jdk-17\openjfx-21.0.7_windows-x64_bin-sdk\javafx-sdk-21.0.7\lib\javafx.web.jar
Add classpath:	C:\Program Files\Java\jdk-17\openjfx-21.0.7_windows-x64_bin-sdk\javafx-sdk-21.0.7\lib\javafx-swt.jar
Launcher:	C:\Program Files\Java\jdk-17\bin\javaw.exe
Launcher args:	-classpath "..\target\ui-1.0-SNAPSHOT.jar;C:\Program Files\Java\jdk-17\openjfx-21.0.7_windows-x64_bin-sdk\javafx-sdk-21.0.7\lib;C:\Code\chaythue\web-app-share-tipsPhanMinhHieu\fe-pc\ui\src\main\java\com\example\ui\utils\FXRouter.java;C:\Program Files\Java\jdk-17\openjfx-21.0.7_windows-x64_bin-sdk\javafx-sdk-21.0.7\lib\javafx.base.jar;C:\Program Files\Java\jdk-17\openjfx-21.0.7_windows-x64_bin-sdk\javafx-sdk-21.0.7\lib\javafx.controls.jar;C:\Program Files\Java\jdk-17\openjfx-21.0.7_windows-x64_bin-sdk\javafx-sdk-21.0.7\lib\javafx.fxml.jar;C:\Program Files\Java\jdk-17\openjfx-21.0.7_windows-x64_bin-sdk\javafx-sdk-21.0.7\lib\javafx.graphics.jar;C:\Program Files\Java\jdk-17\openjfx-21.0.7_windows-x64_bin-sdk\javafx-sdk-21.0.7\lib\javafx.media.jar;C:\Program Files\Java\jdk-17\openjfx-21.0.7_windows-x64_bin-sdk\javafx-sdk-21.0.7\lib\javafx.properties;C:\Program Files\Java\jdk-17\openjfx-21.0.7_windows-x64_bin-sdk\javafx-sdk-21.0.7\lib\javafx.swing.jar;C:\Program Files\Java\jdk-17\openjfx-21.0.7_windows-x64_bin-sdk\javafx-sdk-21.0.7\lib\javafx.web.jar;C:\Program Files\Java\jdk-17\openjfx-21.0.7_windows-x64_bin-sdk\javafx-sdk-21.0.7\lib\javafx-swt.jar" com.example.ui.Main
Args length:	1182/32768 chars
Exit code:	0


Version:	3.50
CmdLine:	C:\Code\chaythue\web-app-share-tipsPhanMinhHieu\fe-pc\ui\output\LifeTips.exe --l4j-debug
JNI:		No
WOW64:		Yes
Working dir:	C:\Code\chaythue\web-app-share-tipsPhanMinhHieu\fe-pc\ui\output\.
Requires JDK:	Yes
Requires 64-Bit: Yes
Java min ver:	1.017.000
Java max ver:	
Substitute:	JAVA_HOME = C:\Program Files\Java\jdk-17
Substitute:	PATH = c:\Users\nino\AppData\Local\Programs\cursor\resources\app\bin;C:\Program Files\Common Files\Oracle\Java\javapath;C:\WINDOWS\system32;C:\WINDOWS;C:\WINDOWS\System32\Wbem;C:\WINDOWS\System32\WindowsPowerShell\v1.0\;C:\WINDOWS\System32\OpenSSH\;C:\Program Files\dotnet\;C:\Users\nino\AppData\Local\nvm;C:\nvm4w\nodejs;C:\Data\app\Git\cmd;C:\Program Files\Microsoft SQL Server\150\Tools\Binn\;C:\Data\app\dvm\;C:\Data\app\dartsdk-windows-x64-release-3.7.3\dart-sdk\bin;C:\Data\app\dartsdk-windows-x64-release\dart-sdk\bin;C:\Data\app\fvm-3.2.1-windows-x64\fvm\src;C:\Data\app\fvm-3.2.1-windows-x64\fvm;C:\Program Files\Java\jdk-17\bin;C:\Program Files\Java\jdk-17;C:\Program Files\Microsoft SQL Server\Client SDK\ODBC\170\Tools\Binn\;C:\Program Files (x86)\Microsoft SQL Server\160\Tools\Binn\;C:\Program Files\Microsoft SQL Server\160\Tools\Binn\;C:\Program Files\Microsoft SQL Server\160\DTS\Binn\;C:\Program Files (x86)\Microsoft SQL Server\160\DTS\Binn\;C:\Users\nino\AppData\Local\Programs\Python\Python311\Scripts\;C:\User;C:\apache-maven-3.9.10-bin\apache-maven-3.9.10\bin;C:\Program Files (x86)\WiX Toolset v3.11\bin;C:\Users\nino\AppData\Local\Programs\Python\Python311\Scripts\;C:\Users\nino\AppData\Local\Programs\Python\Python311\;C:\Users\nino\AppData\Local\Microsoft\WindowsApps;C:\Users\nino\AppData\Local\Programs\Microsoft VS Code\bin;C:\Users\nino\AppData\Local\nvm;C:\nvm4w\nodejs;C:\Data\app\IntelliJ IDEA 2025.1\bin;C:\Data\app\dvm\;C:\Data\app\IJ\IntelliJ IDEA Community Edition 2025.1\bin;C:\Users\nino\fvm\default\bin;C:\Users\nino\.dotnet\tools;C:\Users\nino\.lmstudio\bin;C:\Users\nino\AppData\Local\Programs\cursor\resources\app\bin;C:\Program Files\Java\jdk-17;C:\Users\nino\.dotnet\tools;C:\Program Files\Java\jdk-17\bin
JRE paths:	C:\Program Files\Java\jdk-17;c:\Users\nino\AppData\Local\Programs\cursor\resources\app\bin;C:\Program Files\Common Files\Oracle\Java\javapath;C:\WINDOWS\system32;C:\WINDOWS;C:\WINDOWS\System32\Wbem;C:\WINDOWS\System32\WindowsPowerShell\v1.0\;C:\WINDOWS\System32\OpenSSH\;C:\Program Files\dotnet\;C:\Users\nino\AppData\Local\nvm;C:\nvm4w\nodejs;C:\Data\app\Git\cmd;C:\Program Files\Microsoft SQL Server\150\Tools\Binn\;C:\Data\app\dvm\;C:\Data\app\dartsdk-windows-x64-release-3.7.3\dart-sdk\bin;C:\Data\app\dartsdk-windows-x64-release\dart-sdk\bin;C:\Data\app\fvm-3.2.1-windows-x64\fvm\src;C:\Data\app\fvm-3.2.1-windows-x64\fvm;C:\Program Files\Java\jdk-17\bin;C:\Program Files\Java\jdk-17;C:\Program Files\Microsoft SQL Server\Client SDK\ODBC\170\Tools\Binn\;C:\Program Files (x86)\Microsoft SQL Server\160\Tools\Binn\;C:\Program Files\Microsoft SQL Server\160\Tools\Binn\;C:\Program Files\Microsoft SQL Server\160\DTS\Binn\;C:\Program Files (x86)\Microsoft SQL Server\160\DTS\Binn\;C:\Users\nino\AppData\Local\Programs\Python\Python311\Scripts\;C:\User;C:\apache-maven-3.9.10-bin\apache-maven-3.9.10\bin;C:\Program Files (x86)\WiX Toolset v3.11\bin;C:\Users\nino\AppData\Local\Programs\Python\Python311\Scripts\;C:\Users\nino\AppData\Local\Programs\Python\Python311\;C:\Users\nino\AppData\Local\Microsoft\WindowsApps;C:\Users\nino\AppData\Local\Programs\Microsoft VS Code\bin;C:\Users\nino\AppData\Local\nvm;C:\nvm4w\nodejs;C:\Data\app\IntelliJ IDEA 2025.1\bin;C:\Data\app\dvm\;C:\Data\app\IJ\IntelliJ IDEA Community Edition 2025.1\bin;C:\Users\nino\fvm\default\bin;C:\Users\nino\.dotnet\tools;C:\Users\nino\.lmstudio\bin;C:\Users\nino\AppData\Local\Programs\cursor\resources\app\bin;C:\Program Files\Java\jdk-17;C:\Users\nino\.dotnet\tools;C:\Program Files\Java\jdk-17\bin
Check launcher:	C:\Program Files\Java\jdk-17\bin\javaw.exe (OK)
Check javac:	C:\Program Files\Java\jdk-17\bin\javac.exe (OK)
Version string: 1.017.000_012 / 64-Bit (OK)
Main class:	com.example.ui.Main
Add classpath:	C:\Program Files\Java\jdk-17\openjfx-21.0.7_windows-x64_bin-sdk\javafx-sdk-21.0.7\lib
Add classpath:	C:\Code\chaythue\web-app-share-tipsPhanMinhHieu\fe-pc\ui\src\main\java\com\example\ui\utils\FXRouter.java
Add classpath:	C:\Program Files\Java\jdk-17\openjfx-21.0.7_windows-x64_bin-sdk\javafx-sdk-21.0.7\lib\javafx.base.jar
Add classpath:	C:\Program Files\Java\jdk-17\openjfx-21.0.7_windows-x64_bin-sdk\javafx-sdk-21.0.7\lib\javafx.controls.jar
Add classpath:	C:\Program Files\Java\jdk-17\openjfx-21.0.7_windows-x64_bin-sdk\javafx-sdk-21.0.7\lib\javafx.fxml.jar
Add classpath:	C:\Program Files\Java\jdk-17\openjfx-21.0.7_windows-x64_bin-sdk\javafx-sdk-21.0.7\lib\javafx.graphics.jar
Add classpath:	C:\Program Files\Java\jdk-17\openjfx-21.0.7_windows-x64_bin-sdk\javafx-sdk-21.0.7\lib\javafx.media.jar
Add classpath:	C:\Program Files\Java\jdk-17\openjfx-21.0.7_windows-x64_bin-sdk\javafx-sdk-21.0.7\lib\javafx.properties
Add classpath:	C:\Program Files\Java\jdk-17\openjfx-21.0.7_windows-x64_bin-sdk\javafx-sdk-21.0.7\lib\javafx.swing.jar
Add classpath:	C:\Program Files\Java\jdk-17\openjfx-21.0.7_windows-x64_bin-sdk\javafx-sdk-21.0.7\lib\javafx.web.jar
Add classpath:	C:\Program Files\Java\jdk-17\openjfx-21.0.7_windows-x64_bin-sdk\javafx-sdk-21.0.7\lib\javafx-swt.jar
Launcher:	C:\Program Files\Java\jdk-17\bin\javaw.exe
Launcher args:	-classpath "..\target\ui-1.0-SNAPSHOT.jar;C:\Program Files\Java\jdk-17\openjfx-21.0.7_windows-x64_bin-sdk\javafx-sdk-21.0.7\lib;C:\Code\chaythue\web-app-share-tipsPhanMinhHieu\fe-pc\ui\src\main\java\com\example\ui\utils\FXRouter.java;C:\Program Files\Java\jdk-17\openjfx-21.0.7_windows-x64_bin-sdk\javafx-sdk-21.0.7\lib\javafx.base.jar;C:\Program Files\Java\jdk-17\openjfx-21.0.7_windows-x64_bin-sdk\javafx-sdk-21.0.7\lib\javafx.controls.jar;C:\Program Files\Java\jdk-17\openjfx-21.0.7_windows-x64_bin-sdk\javafx-sdk-21.0.7\lib\javafx.fxml.jar;C:\Program Files\Java\jdk-17\openjfx-21.0.7_windows-x64_bin-sdk\javafx-sdk-21.0.7\lib\javafx.graphics.jar;C:\Program Files\Java\jdk-17\openjfx-21.0.7_windows-x64_bin-sdk\javafx-sdk-21.0.7\lib\javafx.media.jar;C:\Program Files\Java\jdk-17\openjfx-21.0.7_windows-x64_bin-sdk\javafx-sdk-21.0.7\lib\javafx.properties;C:\Program Files\Java\jdk-17\openjfx-21.0.7_windows-x64_bin-sdk\javafx-sdk-21.0.7\lib\javafx.swing.jar;C:\Program Files\Java\jdk-17\openjfx-21.0.7_windows-x64_bin-sdk\javafx-sdk-21.0.7\lib\javafx.web.jar;C:\Program Files\Java\jdk-17\openjfx-21.0.7_windows-x64_bin-sdk\javafx-sdk-21.0.7\lib\javafx-swt.jar" com.example.ui.Main
Args length:	1182/32768 chars
Exit code:	0


Version:	3.50
CmdLine:	C:\Code\chaythue\web-app-share-tipsPhanMinhHieu\fe-pc\ui\output\LifeTips.exe --l4j-debug
JNI:		No
WOW64:		Yes
Working dir:	C:\Code\chaythue\web-app-share-tipsPhanMinhHieu\fe-pc\ui\output\.
Requires JDK:	Yes
Requires 64-Bit: Yes
Java min ver:	1.017.000
Java max ver:	
Substitute:	JAVA_HOME = C:\Program Files\Java\jdk-17
Substitute:	PATH = c:\Users\nino\AppData\Local\Programs\cursor\resources\app\bin;C:\Program Files\Common Files\Oracle\Java\javapath;C:\WINDOWS\system32;C:\WINDOWS;C:\WINDOWS\System32\Wbem;C:\WINDOWS\System32\WindowsPowerShell\v1.0\;C:\WINDOWS\System32\OpenSSH\;C:\Program Files\dotnet\;C:\Users\nino\AppData\Local\nvm;C:\nvm4w\nodejs;C:\Data\app\Git\cmd;C:\Program Files\Microsoft SQL Server\150\Tools\Binn\;C:\Data\app\dvm\;C:\Data\app\dartsdk-windows-x64-release-3.7.3\dart-sdk\bin;C:\Data\app\dartsdk-windows-x64-release\dart-sdk\bin;C:\Data\app\fvm-3.2.1-windows-x64\fvm\src;C:\Data\app\fvm-3.2.1-windows-x64\fvm;C:\Program Files\Java\jdk-17\bin;C:\Program Files\Java\jdk-17;C:\Program Files\Microsoft SQL Server\Client SDK\ODBC\170\Tools\Binn\;C:\Program Files (x86)\Microsoft SQL Server\160\Tools\Binn\;C:\Program Files\Microsoft SQL Server\160\Tools\Binn\;C:\Program Files\Microsoft SQL Server\160\DTS\Binn\;C:\Program Files (x86)\Microsoft SQL Server\160\DTS\Binn\;C:\Users\nino\AppData\Local\Programs\Python\Python311\Scripts\;C:\User;C:\apache-maven-3.9.10-bin\apache-maven-3.9.10\bin;C:\Program Files (x86)\WiX Toolset v3.11\bin;C:\Users\nino\AppData\Local\Programs\Python\Python311\Scripts\;C:\Users\nino\AppData\Local\Programs\Python\Python311\;C:\Users\nino\AppData\Local\Microsoft\WindowsApps;C:\Users\nino\AppData\Local\Programs\Microsoft VS Code\bin;C:\Users\nino\AppData\Local\nvm;C:\nvm4w\nodejs;C:\Data\app\IntelliJ IDEA 2025.1\bin;C:\Data\app\dvm\;C:\Data\app\IJ\IntelliJ IDEA Community Edition 2025.1\bin;C:\Users\nino\fvm\default\bin;C:\Users\nino\.dotnet\tools;C:\Users\nino\.lmstudio\bin;C:\Users\nino\AppData\Local\Programs\cursor\resources\app\bin;C:\Program Files\Java\jdk-17;C:\Users\nino\.dotnet\tools;C:\Program Files\Java\jdk-17\bin
JRE paths:	C:\Program Files\Java\jdk-17;c:\Users\nino\AppData\Local\Programs\cursor\resources\app\bin;C:\Program Files\Common Files\Oracle\Java\javapath;C:\WINDOWS\system32;C:\WINDOWS;C:\WINDOWS\System32\Wbem;C:\WINDOWS\System32\WindowsPowerShell\v1.0\;C:\WINDOWS\System32\OpenSSH\;C:\Program Files\dotnet\;C:\Users\nino\AppData\Local\nvm;C:\nvm4w\nodejs;C:\Data\app\Git\cmd;C:\Program Files\Microsoft SQL Server\150\Tools\Binn\;C:\Data\app\dvm\;C:\Data\app\dartsdk-windows-x64-release-3.7.3\dart-sdk\bin;C:\Data\app\dartsdk-windows-x64-release\dart-sdk\bin;C:\Data\app\fvm-3.2.1-windows-x64\fvm\src;C:\Data\app\fvm-3.2.1-windows-x64\fvm;C:\Program Files\Java\jdk-17\bin;C:\Program Files\Java\jdk-17;C:\Program Files\Microsoft SQL Server\Client SDK\ODBC\170\Tools\Binn\;C:\Program Files (x86)\Microsoft SQL Server\160\Tools\Binn\;C:\Program Files\Microsoft SQL Server\160\Tools\Binn\;C:\Program Files\Microsoft SQL Server\160\DTS\Binn\;C:\Program Files (x86)\Microsoft SQL Server\160\DTS\Binn\;C:\Users\nino\AppData\Local\Programs\Python\Python311\Scripts\;C:\User;C:\apache-maven-3.9.10-bin\apache-maven-3.9.10\bin;C:\Program Files (x86)\WiX Toolset v3.11\bin;C:\Users\nino\AppData\Local\Programs\Python\Python311\Scripts\;C:\Users\nino\AppData\Local\Programs\Python\Python311\;C:\Users\nino\AppData\Local\Microsoft\WindowsApps;C:\Users\nino\AppData\Local\Programs\Microsoft VS Code\bin;C:\Users\nino\AppData\Local\nvm;C:\nvm4w\nodejs;C:\Data\app\IntelliJ IDEA 2025.1\bin;C:\Data\app\dvm\;C:\Data\app\IJ\IntelliJ IDEA Community Edition 2025.1\bin;C:\Users\nino\fvm\default\bin;C:\Users\nino\.dotnet\tools;C:\Users\nino\.lmstudio\bin;C:\Users\nino\AppData\Local\Programs\cursor\resources\app\bin;C:\Program Files\Java\jdk-17;C:\Users\nino\.dotnet\tools;C:\Program Files\Java\jdk-17\bin
Check launcher:	C:\Program Files\Java\jdk-17\bin\javaw.exe (OK)
Check javac:	C:\Program Files\Java\jdk-17\bin\javac.exe (OK)
Version string: 1.017.000_012 / 64-Bit (OK)
Main class:	com.example.ui.Main
Add classpath:	C:\Program Files\Java\jdk-17\openjfx-21.0.7_windows-x64_bin-sdk\javafx-sdk-21.0.7\lib
Add classpath:	C:\Code\chaythue\web-app-share-tipsPhanMinhHieu\fe-pc\ui\src\main\java\com\example\ui\utils\FXRouter.java
Add classpath:	C:\Program Files\Java\jdk-17\openjfx-21.0.7_windows-x64_bin-sdk\javafx-sdk-21.0.7\lib\javafx.base.jar
Add classpath:	C:\Program Files\Java\jdk-17\openjfx-21.0.7_windows-x64_bin-sdk\javafx-sdk-21.0.7\lib\javafx.controls.jar
Add classpath:	C:\Program Files\Java\jdk-17\openjfx-21.0.7_windows-x64_bin-sdk\javafx-sdk-21.0.7\lib\javafx.fxml.jar
Add classpath:	C:\Program Files\Java\jdk-17\openjfx-21.0.7_windows-x64_bin-sdk\javafx-sdk-21.0.7\lib\javafx.graphics.jar
Add classpath:	C:\Program Files\Java\jdk-17\openjfx-21.0.7_windows-x64_bin-sdk\javafx-sdk-21.0.7\lib\javafx.media.jar
Add classpath:	C:\Program Files\Java\jdk-17\openjfx-21.0.7_windows-x64_bin-sdk\javafx-sdk-21.0.7\lib\javafx.properties
Add classpath:	C:\Program Files\Java\jdk-17\openjfx-21.0.7_windows-x64_bin-sdk\javafx-sdk-21.0.7\lib\javafx.swing.jar
Add classpath:	C:\Program Files\Java\jdk-17\openjfx-21.0.7_windows-x64_bin-sdk\javafx-sdk-21.0.7\lib\javafx.web.jar
Add classpath:	C:\Program Files\Java\jdk-17\openjfx-21.0.7_windows-x64_bin-sdk\javafx-sdk-21.0.7\lib\javafx-swt.jar
Launcher:	C:\Program Files\Java\jdk-17\bin\javaw.exe
Launcher args:	-classpath "..\target\ui-1.0-SNAPSHOT.jar;C:\Program Files\Java\jdk-17\openjfx-21.0.7_windows-x64_bin-sdk\javafx-sdk-21.0.7\lib;C:\Code\chaythue\web-app-share-tipsPhanMinhHieu\fe-pc\ui\src\main\java\com\example\ui\utils\FXRouter.java;C:\Program Files\Java\jdk-17\openjfx-21.0.7_windows-x64_bin-sdk\javafx-sdk-21.0.7\lib\javafx.base.jar;C:\Program Files\Java\jdk-17\openjfx-21.0.7_windows-x64_bin-sdk\javafx-sdk-21.0.7\lib\javafx.controls.jar;C:\Program Files\Java\jdk-17\openjfx-21.0.7_windows-x64_bin-sdk\javafx-sdk-21.0.7\lib\javafx.fxml.jar;C:\Program Files\Java\jdk-17\openjfx-21.0.7_windows-x64_bin-sdk\javafx-sdk-21.0.7\lib\javafx.graphics.jar;C:\Program Files\Java\jdk-17\openjfx-21.0.7_windows-x64_bin-sdk\javafx-sdk-21.0.7\lib\javafx.media.jar;C:\Program Files\Java\jdk-17\openjfx-21.0.7_windows-x64_bin-sdk\javafx-sdk-21.0.7\lib\javafx.properties;C:\Program Files\Java\jdk-17\openjfx-21.0.7_windows-x64_bin-sdk\javafx-sdk-21.0.7\lib\javafx.swing.jar;C:\Program Files\Java\jdk-17\openjfx-21.0.7_windows-x64_bin-sdk\javafx-sdk-21.0.7\lib\javafx.web.jar;C:\Program Files\Java\jdk-17\openjfx-21.0.7_windows-x64_bin-sdk\javafx-sdk-21.0.7\lib\javafx-swt.jar" com.example.ui.Main
Args length:	1182/32768 chars
Exit code:	0


Version:	3.50
CmdLine:	C:\Code\chaythue\web-app-share-tipsPhanMinhHieu\fe-pc\ui\output\LifeTips.exe --l4j-debug
JNI:		No
WOW64:		Yes
Working dir:	C:\Code\chaythue\web-app-share-tipsPhanMinhHieu\fe-pc\ui\output\.
Requires JDK:	Yes
Requires 64-Bit: Yes
Java min ver:	1.017.000
Java max ver:	
Substitute:	JAVA_HOME = C:\Program Files\Java\jdk-17
Substitute:	PATH = c:\Users\nino\AppData\Local\Programs\cursor\resources\app\bin;C:\Program Files\Common Files\Oracle\Java\javapath;C:\WINDOWS\system32;C:\WINDOWS;C:\WINDOWS\System32\Wbem;C:\WINDOWS\System32\WindowsPowerShell\v1.0\;C:\WINDOWS\System32\OpenSSH\;C:\Program Files\dotnet\;C:\Users\nino\AppData\Local\nvm;C:\nvm4w\nodejs;C:\Data\app\Git\cmd;C:\Program Files\Microsoft SQL Server\150\Tools\Binn\;C:\Data\app\dvm\;C:\Data\app\dartsdk-windows-x64-release-3.7.3\dart-sdk\bin;C:\Data\app\dartsdk-windows-x64-release\dart-sdk\bin;C:\Data\app\fvm-3.2.1-windows-x64\fvm\src;C:\Data\app\fvm-3.2.1-windows-x64\fvm;C:\Program Files\Java\jdk-17\bin;C:\Program Files\Java\jdk-17;C:\Program Files\Microsoft SQL Server\Client SDK\ODBC\170\Tools\Binn\;C:\Program Files (x86)\Microsoft SQL Server\160\Tools\Binn\;C:\Program Files\Microsoft SQL Server\160\Tools\Binn\;C:\Program Files\Microsoft SQL Server\160\DTS\Binn\;C:\Program Files (x86)\Microsoft SQL Server\160\DTS\Binn\;C:\Users\nino\AppData\Local\Programs\Python\Python311\Scripts\;C:\User;C:\apache-maven-3.9.10-bin\apache-maven-3.9.10\bin;C:\Program Files (x86)\WiX Toolset v3.11\bin;C:\Users\nino\AppData\Local\Programs\Python\Python311\Scripts\;C:\Users\nino\AppData\Local\Programs\Python\Python311\;C:\Users\nino\AppData\Local\Microsoft\WindowsApps;C:\Users\nino\AppData\Local\Programs\Microsoft VS Code\bin;C:\Users\nino\AppData\Local\nvm;C:\nvm4w\nodejs;C:\Data\app\IntelliJ IDEA 2025.1\bin;C:\Data\app\dvm\;C:\Data\app\IJ\IntelliJ IDEA Community Edition 2025.1\bin;C:\Users\nino\fvm\default\bin;C:\Users\nino\.dotnet\tools;C:\Users\nino\.lmstudio\bin;C:\Users\nino\AppData\Local\Programs\cursor\resources\app\bin;C:\Program Files\Java\jdk-17;C:\Users\nino\.dotnet\tools;C:\Program Files\Java\jdk-17\bin
JRE paths:	C:\Program Files\Java\jdk-17;c:\Users\nino\AppData\Local\Programs\cursor\resources\app\bin;C:\Program Files\Common Files\Oracle\Java\javapath;C:\WINDOWS\system32;C:\WINDOWS;C:\WINDOWS\System32\Wbem;C:\WINDOWS\System32\WindowsPowerShell\v1.0\;C:\WINDOWS\System32\OpenSSH\;C:\Program Files\dotnet\;C:\Users\nino\AppData\Local\nvm;C:\nvm4w\nodejs;C:\Data\app\Git\cmd;C:\Program Files\Microsoft SQL Server\150\Tools\Binn\;C:\Data\app\dvm\;C:\Data\app\dartsdk-windows-x64-release-3.7.3\dart-sdk\bin;C:\Data\app\dartsdk-windows-x64-release\dart-sdk\bin;C:\Data\app\fvm-3.2.1-windows-x64\fvm\src;C:\Data\app\fvm-3.2.1-windows-x64\fvm;C:\Program Files\Java\jdk-17\bin;C:\Program Files\Java\jdk-17;C:\Program Files\Microsoft SQL Server\Client SDK\ODBC\170\Tools\Binn\;C:\Program Files (x86)\Microsoft SQL Server\160\Tools\Binn\;C:\Program Files\Microsoft SQL Server\160\Tools\Binn\;C:\Program Files\Microsoft SQL Server\160\DTS\Binn\;C:\Program Files (x86)\Microsoft SQL Server\160\DTS\Binn\;C:\Users\nino\AppData\Local\Programs\Python\Python311\Scripts\;C:\User;C:\apache-maven-3.9.10-bin\apache-maven-3.9.10\bin;C:\Program Files (x86)\WiX Toolset v3.11\bin;C:\Users\nino\AppData\Local\Programs\Python\Python311\Scripts\;C:\Users\nino\AppData\Local\Programs\Python\Python311\;C:\Users\nino\AppData\Local\Microsoft\WindowsApps;C:\Users\nino\AppData\Local\Programs\Microsoft VS Code\bin;C:\Users\nino\AppData\Local\nvm;C:\nvm4w\nodejs;C:\Data\app\IntelliJ IDEA 2025.1\bin;C:\Data\app\dvm\;C:\Data\app\IJ\IntelliJ IDEA Community Edition 2025.1\bin;C:\Users\nino\fvm\default\bin;C:\Users\nino\.dotnet\tools;C:\Users\nino\.lmstudio\bin;C:\Users\nino\AppData\Local\Programs\cursor\resources\app\bin;C:\Program Files\Java\jdk-17;C:\Users\nino\.dotnet\tools;C:\Program Files\Java\jdk-17\bin
Check launcher:	C:\Program Files\Java\jdk-17\bin\javaw.exe (OK)
Check javac:	C:\Program Files\Java\jdk-17\bin\javac.exe (OK)
Version string: 1.017.000_012 / 64-Bit (OK)
Main class:	com.example.ui.Main
Add classpath:	C:\Program Files\Java\jdk-17\openjfx-21.0.7_windows-x64_bin-sdk\javafx-sdk-21.0.7\lib
Add classpath:	C:\Code\chaythue\web-app-share-tipsPhanMinhHieu\fe-pc\ui\src\main\java\com\example\ui\utils\FXRouter.java
Add classpath:	C:\Program Files\Java\jdk-17\openjfx-21.0.7_windows-x64_bin-sdk\javafx-sdk-21.0.7\lib\javafx.base.jar
Add classpath:	C:\Program Files\Java\jdk-17\openjfx-21.0.7_windows-x64_bin-sdk\javafx-sdk-21.0.7\lib\javafx.controls.jar
Add classpath:	C:\Program Files\Java\jdk-17\openjfx-21.0.7_windows-x64_bin-sdk\javafx-sdk-21.0.7\lib\javafx.fxml.jar
Add classpath:	C:\Program Files\Java\jdk-17\openjfx-21.0.7_windows-x64_bin-sdk\javafx-sdk-21.0.7\lib\javafx.graphics.jar
Add classpath:	C:\Program Files\Java\jdk-17\openjfx-21.0.7_windows-x64_bin-sdk\javafx-sdk-21.0.7\lib\javafx.media.jar
Add classpath:	C:\Program Files\Java\jdk-17\openjfx-21.0.7_windows-x64_bin-sdk\javafx-sdk-21.0.7\lib\javafx.properties
Add classpath:	C:\Program Files\Java\jdk-17\openjfx-21.0.7_windows-x64_bin-sdk\javafx-sdk-21.0.7\lib\javafx.swing.jar
Add classpath:	C:\Program Files\Java\jdk-17\openjfx-21.0.7_windows-x64_bin-sdk\javafx-sdk-21.0.7\lib\javafx.web.jar
Add classpath:	C:\Program Files\Java\jdk-17\openjfx-21.0.7_windows-x64_bin-sdk\javafx-sdk-21.0.7\lib\javafx-swt.jar
Launcher:	C:\Program Files\Java\jdk-17\bin\javaw.exe
Launcher args:	-classpath "..\target\ui-1.0-SNAPSHOT.jar;C:\Program Files\Java\jdk-17\openjfx-21.0.7_windows-x64_bin-sdk\javafx-sdk-21.0.7\lib;C:\Code\chaythue\web-app-share-tipsPhanMinhHieu\fe-pc\ui\src\main\java\com\example\ui\utils\FXRouter.java;C:\Program Files\Java\jdk-17\openjfx-21.0.7_windows-x64_bin-sdk\javafx-sdk-21.0.7\lib\javafx.base.jar;C:\Program Files\Java\jdk-17\openjfx-21.0.7_windows-x64_bin-sdk\javafx-sdk-21.0.7\lib\javafx.controls.jar;C:\Program Files\Java\jdk-17\openjfx-21.0.7_windows-x64_bin-sdk\javafx-sdk-21.0.7\lib\javafx.fxml.jar;C:\Program Files\Java\jdk-17\openjfx-21.0.7_windows-x64_bin-sdk\javafx-sdk-21.0.7\lib\javafx.graphics.jar;C:\Program Files\Java\jdk-17\openjfx-21.0.7_windows-x64_bin-sdk\javafx-sdk-21.0.7\lib\javafx.media.jar;C:\Program Files\Java\jdk-17\openjfx-21.0.7_windows-x64_bin-sdk\javafx-sdk-21.0.7\lib\javafx.properties;C:\Program Files\Java\jdk-17\openjfx-21.0.7_windows-x64_bin-sdk\javafx-sdk-21.0.7\lib\javafx.swing.jar;C:\Program Files\Java\jdk-17\openjfx-21.0.7_windows-x64_bin-sdk\javafx-sdk-21.0.7\lib\javafx.web.jar;C:\Program Files\Java\jdk-17\openjfx-21.0.7_windows-x64_bin-sdk\javafx-sdk-21.0.7\lib\javafx-swt.jar" com.example.ui.Main
Args length:	1182/32768 chars
Exit code:	0


Version:	3.50
CmdLine:	C:\Code\chaythue\web-app-share-tipsPhanMinhHieu\fe-pc\ui\output\LifeTips.exe --l4j-debug
JNI:		No
WOW64:		Yes
Working dir:	C:\Code\chaythue\web-app-share-tipsPhanMinhHieu\fe-pc\ui\output\.
Requires JDK:	Yes
Requires 64-Bit: Yes
Java min ver:	1.017.000
Java max ver:	
Substitute:	JAVA_HOME = C:\Program Files\Java\jdk-17
Substitute:	PATH = c:\Users\nino\AppData\Local\Programs\cursor\resources\app\bin;C:\Program Files\Common Files\Oracle\Java\javapath;C:\WINDOWS\system32;C:\WINDOWS;C:\WINDOWS\System32\Wbem;C:\WINDOWS\System32\WindowsPowerShell\v1.0\;C:\WINDOWS\System32\OpenSSH\;C:\Program Files\dotnet\;C:\Users\nino\AppData\Local\nvm;C:\nvm4w\nodejs;C:\Data\app\Git\cmd;C:\Program Files\Microsoft SQL Server\150\Tools\Binn\;C:\Data\app\dvm\;C:\Data\app\dartsdk-windows-x64-release-3.7.3\dart-sdk\bin;C:\Data\app\dartsdk-windows-x64-release\dart-sdk\bin;C:\Data\app\fvm-3.2.1-windows-x64\fvm\src;C:\Data\app\fvm-3.2.1-windows-x64\fvm;C:\Program Files\Java\jdk-17\bin;C:\Program Files\Java\jdk-17;C:\Program Files\Microsoft SQL Server\Client SDK\ODBC\170\Tools\Binn\;C:\Program Files (x86)\Microsoft SQL Server\160\Tools\Binn\;C:\Program Files\Microsoft SQL Server\160\Tools\Binn\;C:\Program Files\Microsoft SQL Server\160\DTS\Binn\;C:\Program Files (x86)\Microsoft SQL Server\160\DTS\Binn\;C:\Users\nino\AppData\Local\Programs\Python\Python311\Scripts\;C:\User;C:\apache-maven-3.9.10-bin\apache-maven-3.9.10\bin;C:\Program Files (x86)\WiX Toolset v3.11\bin;C:\Users\nino\AppData\Local\Programs\Python\Python311\Scripts\;C:\Users\nino\AppData\Local\Programs\Python\Python311\;C:\Users\nino\AppData\Local\Microsoft\WindowsApps;C:\Users\nino\AppData\Local\Programs\Microsoft VS Code\bin;C:\Users\nino\AppData\Local\nvm;C:\nvm4w\nodejs;C:\Data\app\IntelliJ IDEA 2025.1\bin;C:\Data\app\dvm\;C:\Data\app\IJ\IntelliJ IDEA Community Edition 2025.1\bin;C:\Users\nino\fvm\default\bin;C:\Users\nino\.dotnet\tools;C:\Users\nino\.lmstudio\bin;C:\Users\nino\AppData\Local\Programs\cursor\resources\app\bin;C:\Program Files\Java\jdk-17;C:\Users\nino\.dotnet\tools;C:\Program Files\Java\jdk-17\bin
JRE paths:	C:\Program Files\Java\jdk-17;c:\Users\nino\AppData\Local\Programs\cursor\resources\app\bin;C:\Program Files\Common Files\Oracle\Java\javapath;C:\WINDOWS\system32;C:\WINDOWS;C:\WINDOWS\System32\Wbem;C:\WINDOWS\System32\WindowsPowerShell\v1.0\;C:\WINDOWS\System32\OpenSSH\;C:\Program Files\dotnet\;C:\Users\nino\AppData\Local\nvm;C:\nvm4w\nodejs;C:\Data\app\Git\cmd;C:\Program Files\Microsoft SQL Server\150\Tools\Binn\;C:\Data\app\dvm\;C:\Data\app\dartsdk-windows-x64-release-3.7.3\dart-sdk\bin;C:\Data\app\dartsdk-windows-x64-release\dart-sdk\bin;C:\Data\app\fvm-3.2.1-windows-x64\fvm\src;C:\Data\app\fvm-3.2.1-windows-x64\fvm;C:\Program Files\Java\jdk-17\bin;C:\Program Files\Java\jdk-17;C:\Program Files\Microsoft SQL Server\Client SDK\ODBC\170\Tools\Binn\;C:\Program Files (x86)\Microsoft SQL Server\160\Tools\Binn\;C:\Program Files\Microsoft SQL Server\160\Tools\Binn\;C:\Program Files\Microsoft SQL Server\160\DTS\Binn\;C:\Program Files (x86)\Microsoft SQL Server\160\DTS\Binn\;C:\Users\nino\AppData\Local\Programs\Python\Python311\Scripts\;C:\User;C:\apache-maven-3.9.10-bin\apache-maven-3.9.10\bin;C:\Program Files (x86)\WiX Toolset v3.11\bin;C:\Users\nino\AppData\Local\Programs\Python\Python311\Scripts\;C:\Users\nino\AppData\Local\Programs\Python\Python311\;C:\Users\nino\AppData\Local\Microsoft\WindowsApps;C:\Users\nino\AppData\Local\Programs\Microsoft VS Code\bin;C:\Users\nino\AppData\Local\nvm;C:\nvm4w\nodejs;C:\Data\app\IntelliJ IDEA 2025.1\bin;C:\Data\app\dvm\;C:\Data\app\IJ\IntelliJ IDEA Community Edition 2025.1\bin;C:\Users\nino\fvm\default\bin;C:\Users\nino\.dotnet\tools;C:\Users\nino\.lmstudio\bin;C:\Users\nino\AppData\Local\Programs\cursor\resources\app\bin;C:\Program Files\Java\jdk-17;C:\Users\nino\.dotnet\tools;C:\Program Files\Java\jdk-17\bin
Check launcher:	C:\Program Files\Java\jdk-17\bin\javaw.exe (OK)
Check javac:	C:\Program Files\Java\jdk-17\bin\javac.exe (OK)
Version string: 1.017.000_012 / 64-Bit (OK)
Main class:	com.example.ui.Main
Add classpath:	C:\Program Files\Java\jdk-17\openjfx-21.0.7_windows-x64_bin-sdk\javafx-sdk-21.0.7\lib
Add classpath:	C:\Code\chaythue\web-app-share-tipsPhanMinhHieu\fe-pc\ui\src\main\java\com\example\ui\utils\FXRouter.java
Add classpath:	C:\Program Files\Java\jdk-17\openjfx-21.0.7_windows-x64_bin-sdk\javafx-sdk-21.0.7\lib\javafx.base.jar
Add classpath:	C:\Program Files\Java\jdk-17\openjfx-21.0.7_windows-x64_bin-sdk\javafx-sdk-21.0.7\lib\javafx.controls.jar
Add classpath:	C:\Program Files\Java\jdk-17\openjfx-21.0.7_windows-x64_bin-sdk\javafx-sdk-21.0.7\lib\javafx.fxml.jar
Add classpath:	C:\Program Files\Java\jdk-17\openjfx-21.0.7_windows-x64_bin-sdk\javafx-sdk-21.0.7\lib\javafx.graphics.jar
Add classpath:	C:\Program Files\Java\jdk-17\openjfx-21.0.7_windows-x64_bin-sdk\javafx-sdk-21.0.7\lib\javafx.media.jar
Add classpath:	C:\Program Files\Java\jdk-17\openjfx-21.0.7_windows-x64_bin-sdk\javafx-sdk-21.0.7\lib\javafx.properties
Add classpath:	C:\Program Files\Java\jdk-17\openjfx-21.0.7_windows-x64_bin-sdk\javafx-sdk-21.0.7\lib\javafx.swing.jar
Add classpath:	C:\Program Files\Java\jdk-17\openjfx-21.0.7_windows-x64_bin-sdk\javafx-sdk-21.0.7\lib\javafx.web.jar
Add classpath:	C:\Program Files\Java\jdk-17\openjfx-21.0.7_windows-x64_bin-sdk\javafx-sdk-21.0.7\lib\javafx-swt.jar
Launcher:	C:\Program Files\Java\jdk-17\bin\javaw.exe
Launcher args:	-classpath "..\target\ui-1.0-SNAPSHOT.jar;C:\Program Files\Java\jdk-17\openjfx-21.0.7_windows-x64_bin-sdk\javafx-sdk-21.0.7\lib;C:\Code\chaythue\web-app-share-tipsPhanMinhHieu\fe-pc\ui\src\main\java\com\example\ui\utils\FXRouter.java;C:\Program Files\Java\jdk-17\openjfx-21.0.7_windows-x64_bin-sdk\javafx-sdk-21.0.7\lib\javafx.base.jar;C:\Program Files\Java\jdk-17\openjfx-21.0.7_windows-x64_bin-sdk\javafx-sdk-21.0.7\lib\javafx.controls.jar;C:\Program Files\Java\jdk-17\openjfx-21.0.7_windows-x64_bin-sdk\javafx-sdk-21.0.7\lib\javafx.fxml.jar;C:\Program Files\Java\jdk-17\openjfx-21.0.7_windows-x64_bin-sdk\javafx-sdk-21.0.7\lib\javafx.graphics.jar;C:\Program Files\Java\jdk-17\openjfx-21.0.7_windows-x64_bin-sdk\javafx-sdk-21.0.7\lib\javafx.media.jar;C:\Program Files\Java\jdk-17\openjfx-21.0.7_windows-x64_bin-sdk\javafx-sdk-21.0.7\lib\javafx.properties;C:\Program Files\Java\jdk-17\openjfx-21.0.7_windows-x64_bin-sdk\javafx-sdk-21.0.7\lib\javafx.swing.jar;C:\Program Files\Java\jdk-17\openjfx-21.0.7_windows-x64_bin-sdk\javafx-sdk-21.0.7\lib\javafx.web.jar;C:\Program Files\Java\jdk-17\openjfx-21.0.7_windows-x64_bin-sdk\javafx-sdk-21.0.7\lib\javafx-swt.jar" com.example.ui.Main
Args length:	1182/32768 chars
Exit code:	0


Version:	3.50
CmdLine:	C:\Code\chaythue\web-app-share-tipsPhanMinhHieu\fe-pc\ui\output\LifeTips.exe --l4j-debug
JNI:		No
WOW64:		Yes
Working dir:	C:\Code\chaythue\web-app-share-tipsPhanMinhHieu\fe-pc\ui\output\.
Requires JDK:	Yes
Requires 64-Bit: Yes
Java min ver:	1.017.000
Java max ver:	
Substitute:	JAVA_HOME = C:\Program Files\Java\jdk-17
Substitute:	PATH = c:\Users\nino\AppData\Local\Programs\cursor\resources\app\bin;C:\Program Files\Common Files\Oracle\Java\javapath;C:\WINDOWS\system32;C:\WINDOWS;C:\WINDOWS\System32\Wbem;C:\WINDOWS\System32\WindowsPowerShell\v1.0\;C:\WINDOWS\System32\OpenSSH\;C:\Program Files\dotnet\;C:\Users\nino\AppData\Local\nvm;C:\nvm4w\nodejs;C:\Data\app\Git\cmd;C:\Program Files\Microsoft SQL Server\150\Tools\Binn\;C:\Data\app\dvm\;C:\Data\app\dartsdk-windows-x64-release-3.7.3\dart-sdk\bin;C:\Data\app\dartsdk-windows-x64-release\dart-sdk\bin;C:\Data\app\fvm-3.2.1-windows-x64\fvm\src;C:\Data\app\fvm-3.2.1-windows-x64\fvm;C:\Program Files\Java\jdk-17\bin;C:\Program Files\Java\jdk-17;C:\Program Files\Microsoft SQL Server\Client SDK\ODBC\170\Tools\Binn\;C:\Program Files (x86)\Microsoft SQL Server\160\Tools\Binn\;C:\Program Files\Microsoft SQL Server\160\Tools\Binn\;C:\Program Files\Microsoft SQL Server\160\DTS\Binn\;C:\Program Files (x86)\Microsoft SQL Server\160\DTS\Binn\;C:\Users\nino\AppData\Local\Programs\Python\Python311\Scripts\;C:\User;C:\apache-maven-3.9.10-bin\apache-maven-3.9.10\bin;C:\Program Files (x86)\WiX Toolset v3.11\bin;C:\Users\nino\AppData\Local\Programs\Python\Python311\Scripts\;C:\Users\nino\AppData\Local\Programs\Python\Python311\;C:\Users\nino\AppData\Local\Microsoft\WindowsApps;C:\Users\nino\AppData\Local\Programs\Microsoft VS Code\bin;C:\Users\nino\AppData\Local\nvm;C:\nvm4w\nodejs;C:\Data\app\IntelliJ IDEA 2025.1\bin;C:\Data\app\dvm\;C:\Data\app\IJ\IntelliJ IDEA Community Edition 2025.1\bin;C:\Users\nino\fvm\default\bin;C:\Users\nino\.dotnet\tools;C:\Users\nino\.lmstudio\bin;C:\Users\nino\AppData\Local\Programs\cursor\resources\app\bin;C:\Program Files\Java\jdk-17;C:\Users\nino\.dotnet\tools;C:\Program Files\Java\jdk-17\bin
JRE paths:	C:\Program Files\Java\jdk-17;c:\Users\nino\AppData\Local\Programs\cursor\resources\app\bin;C:\Program Files\Common Files\Oracle\Java\javapath;C:\WINDOWS\system32;C:\WINDOWS;C:\WINDOWS\System32\Wbem;C:\WINDOWS\System32\WindowsPowerShell\v1.0\;C:\WINDOWS\System32\OpenSSH\;C:\Program Files\dotnet\;C:\Users\nino\AppData\Local\nvm;C:\nvm4w\nodejs;C:\Data\app\Git\cmd;C:\Program Files\Microsoft SQL Server\150\Tools\Binn\;C:\Data\app\dvm\;C:\Data\app\dartsdk-windows-x64-release-3.7.3\dart-sdk\bin;C:\Data\app\dartsdk-windows-x64-release\dart-sdk\bin;C:\Data\app\fvm-3.2.1-windows-x64\fvm\src;C:\Data\app\fvm-3.2.1-windows-x64\fvm;C:\Program Files\Java\jdk-17\bin;C:\Program Files\Java\jdk-17;C:\Program Files\Microsoft SQL Server\Client SDK\ODBC\170\Tools\Binn\;C:\Program Files (x86)\Microsoft SQL Server\160\Tools\Binn\;C:\Program Files\Microsoft SQL Server\160\Tools\Binn\;C:\Program Files\Microsoft SQL Server\160\DTS\Binn\;C:\Program Files (x86)\Microsoft SQL Server\160\DTS\Binn\;C:\Users\nino\AppData\Local\Programs\Python\Python311\Scripts\;C:\User;C:\apache-maven-3.9.10-bin\apache-maven-3.9.10\bin;C:\Program Files (x86)\WiX Toolset v3.11\bin;C:\Users\nino\AppData\Local\Programs\Python\Python311\Scripts\;C:\Users\nino\AppData\Local\Programs\Python\Python311\;C:\Users\nino\AppData\Local\Microsoft\WindowsApps;C:\Users\nino\AppData\Local\Programs\Microsoft VS Code\bin;C:\Users\nino\AppData\Local\nvm;C:\nvm4w\nodejs;C:\Data\app\IntelliJ IDEA 2025.1\bin;C:\Data\app\dvm\;C:\Data\app\IJ\IntelliJ IDEA Community Edition 2025.1\bin;C:\Users\nino\fvm\default\bin;C:\Users\nino\.dotnet\tools;C:\Users\nino\.lmstudio\bin;C:\Users\nino\AppData\Local\Programs\cursor\resources\app\bin;C:\Program Files\Java\jdk-17;C:\Users\nino\.dotnet\tools;C:\Program Files\Java\jdk-17\bin
Check launcher:	C:\Program Files\Java\jdk-17\bin\javaw.exe (OK)
Check javac:	C:\Program Files\Java\jdk-17\bin\javac.exe (OK)
Version string: 1.017.000_012 / 64-Bit (OK)
Main class:	com.example.ui.Main
Add classpath:	C:\Program Files\Java\jdk-17\openjfx-21.0.7_windows-x64_bin-sdk\javafx-sdk-21.0.7\lib
Add classpath:	C:\Code\chaythue\web-app-share-tipsPhanMinhHieu\fe-pc\ui\src\main\java\com\example\ui\utils\FXRouter.java
Add classpath:	C:\Program Files\Java\jdk-17\openjfx-21.0.7_windows-x64_bin-sdk\javafx-sdk-21.0.7\lib\javafx.base.jar
Add classpath:	C:\Program Files\Java\jdk-17\openjfx-21.0.7_windows-x64_bin-sdk\javafx-sdk-21.0.7\lib\javafx.controls.jar
Add classpath:	C:\Program Files\Java\jdk-17\openjfx-21.0.7_windows-x64_bin-sdk\javafx-sdk-21.0.7\lib\javafx.fxml.jar
Add classpath:	C:\Program Files\Java\jdk-17\openjfx-21.0.7_windows-x64_bin-sdk\javafx-sdk-21.0.7\lib\javafx.graphics.jar
Add classpath:	C:\Program Files\Java\jdk-17\openjfx-21.0.7_windows-x64_bin-sdk\javafx-sdk-21.0.7\lib\javafx.media.jar
Add classpath:	C:\Program Files\Java\jdk-17\openjfx-21.0.7_windows-x64_bin-sdk\javafx-sdk-21.0.7\lib\javafx.properties
Add classpath:	C:\Program Files\Java\jdk-17\openjfx-21.0.7_windows-x64_bin-sdk\javafx-sdk-21.0.7\lib\javafx.swing.jar
Add classpath:	C:\Program Files\Java\jdk-17\openjfx-21.0.7_windows-x64_bin-sdk\javafx-sdk-21.0.7\lib\javafx.web.jar
Add classpath:	C:\Program Files\Java\jdk-17\openjfx-21.0.7_windows-x64_bin-sdk\javafx-sdk-21.0.7\lib\javafx-swt.jar
Launcher:	C:\Program Files\Java\jdk-17\bin\javaw.exe
Launcher args:	-classpath "..\target\ui-1.0-SNAPSHOT.jar;C:\Program Files\Java\jdk-17\openjfx-21.0.7_windows-x64_bin-sdk\javafx-sdk-21.0.7\lib;C:\Code\chaythue\web-app-share-tipsPhanMinhHieu\fe-pc\ui\src\main\java\com\example\ui\utils\FXRouter.java;C:\Program Files\Java\jdk-17\openjfx-21.0.7_windows-x64_bin-sdk\javafx-sdk-21.0.7\lib\javafx.base.jar;C:\Program Files\Java\jdk-17\openjfx-21.0.7_windows-x64_bin-sdk\javafx-sdk-21.0.7\lib\javafx.controls.jar;C:\Program Files\Java\jdk-17\openjfx-21.0.7_windows-x64_bin-sdk\javafx-sdk-21.0.7\lib\javafx.fxml.jar;C:\Program Files\Java\jdk-17\openjfx-21.0.7_windows-x64_bin-sdk\javafx-sdk-21.0.7\lib\javafx.graphics.jar;C:\Program Files\Java\jdk-17\openjfx-21.0.7_windows-x64_bin-sdk\javafx-sdk-21.0.7\lib\javafx.media.jar;C:\Program Files\Java\jdk-17\openjfx-21.0.7_windows-x64_bin-sdk\javafx-sdk-21.0.7\lib\javafx.properties;C:\Program Files\Java\jdk-17\openjfx-21.0.7_windows-x64_bin-sdk\javafx-sdk-21.0.7\lib\javafx.swing.jar;C:\Program Files\Java\jdk-17\openjfx-21.0.7_windows-x64_bin-sdk\javafx-sdk-21.0.7\lib\javafx.web.jar;C:\Program Files\Java\jdk-17\openjfx-21.0.7_windows-x64_bin-sdk\javafx-sdk-21.0.7\lib\javafx-swt.jar" com.example.ui.Main
Args length:	1182/32768 chars
Exit code:	0


Version:	3.50
CmdLine:	C:\Code\chaythue\web-app-share-tipsPhanMinhHieu\fe-pc\ui\output\LifeTips.exe --l4j-debug
JNI:		No
WOW64:		Yes
Working dir:	C:\Code\chaythue\web-app-share-tipsPhanMinhHieu\fe-pc\ui\output\.
Requires JDK:	Yes
Requires 64-Bit: Yes
Java min ver:	1.017.000
Java max ver:	
Substitute:	JAVA_HOME = C:\Program Files\Java\jdk-17
Substitute:	PATH = c:\Users\nino\AppData\Local\Programs\cursor\resources\app\bin;C:\Program Files\Common Files\Oracle\Java\javapath;C:\WINDOWS\system32;C:\WINDOWS;C:\WINDOWS\System32\Wbem;C:\WINDOWS\System32\WindowsPowerShell\v1.0\;C:\WINDOWS\System32\OpenSSH\;C:\Program Files\dotnet\;C:\Users\nino\AppData\Local\nvm;C:\nvm4w\nodejs;C:\Data\app\Git\cmd;C:\Program Files\Microsoft SQL Server\150\Tools\Binn\;C:\Data\app\dvm\;C:\Data\app\dartsdk-windows-x64-release-3.7.3\dart-sdk\bin;C:\Data\app\dartsdk-windows-x64-release\dart-sdk\bin;C:\Data\app\fvm-3.2.1-windows-x64\fvm\src;C:\Data\app\fvm-3.2.1-windows-x64\fvm;C:\Program Files\Java\jdk-17\bin;C:\Program Files\Java\jdk-17;C:\Program Files\Microsoft SQL Server\Client SDK\ODBC\170\Tools\Binn\;C:\Program Files (x86)\Microsoft SQL Server\160\Tools\Binn\;C:\Program Files\Microsoft SQL Server\160\Tools\Binn\;C:\Program Files\Microsoft SQL Server\160\DTS\Binn\;C:\Program Files (x86)\Microsoft SQL Server\160\DTS\Binn\;C:\Users\nino\AppData\Local\Programs\Python\Python311\Scripts\;C:\User;C:\apache-maven-3.9.10-bin\apache-maven-3.9.10\bin;C:\Program Files (x86)\WiX Toolset v3.11\bin;C:\Users\nino\AppData\Local\Programs\Python\Python311\Scripts\;C:\Users\nino\AppData\Local\Programs\Python\Python311\;C:\Users\nino\AppData\Local\Microsoft\WindowsApps;C:\Users\nino\AppData\Local\Programs\Microsoft VS Code\bin;C:\Users\nino\AppData\Local\nvm;C:\nvm4w\nodejs;C:\Data\app\IntelliJ IDEA 2025.1\bin;C:\Data\app\dvm\;C:\Data\app\IJ\IntelliJ IDEA Community Edition 2025.1\bin;C:\Users\nino\fvm\default\bin;C:\Users\nino\.dotnet\tools;C:\Users\nino\.lmstudio\bin;C:\Users\nino\AppData\Local\Programs\cursor\resources\app\bin;C:\Program Files\Java\jdk-17;C:\Users\nino\.dotnet\tools;C:\Program Files\Java\jdk-17\bin
JRE paths:	C:\Program Files\Java\jdk-17;c:\Users\nino\AppData\Local\Programs\cursor\resources\app\bin;C:\Program Files\Common Files\Oracle\Java\javapath;C:\WINDOWS\system32;C:\WINDOWS;C:\WINDOWS\System32\Wbem;C:\WINDOWS\System32\WindowsPowerShell\v1.0\;C:\WINDOWS\System32\OpenSSH\;C:\Program Files\dotnet\;C:\Users\nino\AppData\Local\nvm;C:\nvm4w\nodejs;C:\Data\app\Git\cmd;C:\Program Files\Microsoft SQL Server\150\Tools\Binn\;C:\Data\app\dvm\;C:\Data\app\dartsdk-windows-x64-release-3.7.3\dart-sdk\bin;C:\Data\app\dartsdk-windows-x64-release\dart-sdk\bin;C:\Data\app\fvm-3.2.1-windows-x64\fvm\src;C:\Data\app\fvm-3.2.1-windows-x64\fvm;C:\Program Files\Java\jdk-17\bin;C:\Program Files\Java\jdk-17;C:\Program Files\Microsoft SQL Server\Client SDK\ODBC\170\Tools\Binn\;C:\Program Files (x86)\Microsoft SQL Server\160\Tools\Binn\;C:\Program Files\Microsoft SQL Server\160\Tools\Binn\;C:\Program Files\Microsoft SQL Server\160\DTS\Binn\;C:\Program Files (x86)\Microsoft SQL Server\160\DTS\Binn\;C:\Users\nino\AppData\Local\Programs\Python\Python311\Scripts\;C:\User;C:\apache-maven-3.9.10-bin\apache-maven-3.9.10\bin;C:\Program Files (x86)\WiX Toolset v3.11\bin;C:\Users\nino\AppData\Local\Programs\Python\Python311\Scripts\;C:\Users\nino\AppData\Local\Programs\Python\Python311\;C:\Users\nino\AppData\Local\Microsoft\WindowsApps;C:\Users\nino\AppData\Local\Programs\Microsoft VS Code\bin;C:\Users\nino\AppData\Local\nvm;C:\nvm4w\nodejs;C:\Data\app\IntelliJ IDEA 2025.1\bin;C:\Data\app\dvm\;C:\Data\app\IJ\IntelliJ IDEA Community Edition 2025.1\bin;C:\Users\nino\fvm\default\bin;C:\Users\nino\.dotnet\tools;C:\Users\nino\.lmstudio\bin;C:\Users\nino\AppData\Local\Programs\cursor\resources\app\bin;C:\Program Files\Java\jdk-17;C:\Users\nino\.dotnet\tools;C:\Program Files\Java\jdk-17\bin
Check launcher:	C:\Program Files\Java\jdk-17\bin\javaw.exe (OK)
Check javac:	C:\Program Files\Java\jdk-17\bin\javac.exe (OK)
Version string: 1.017.000_012 / 64-Bit (OK)
Main class:	com.example.ui.Main
Add classpath:	C:\Program Files\Java\jdk-17\openjfx-21.0.7_windows-x64_bin-sdk\javafx-sdk-21.0.7\lib
Add classpath:	C:\Code\chaythue\web-app-share-tipsPhanMinhHieu\fe-pc\ui\src\main\java\com\example\ui\utils\FXRouter.java
Add classpath:	C:\Program Files\Java\jdk-17\openjfx-21.0.7_windows-x64_bin-sdk\javafx-sdk-21.0.7\lib\javafx.base.jar
Add classpath:	C:\Program Files\Java\jdk-17\openjfx-21.0.7_windows-x64_bin-sdk\javafx-sdk-21.0.7\lib\javafx.controls.jar
Add classpath:	C:\Program Files\Java\jdk-17\openjfx-21.0.7_windows-x64_bin-sdk\javafx-sdk-21.0.7\lib\javafx.fxml.jar
Add classpath:	C:\Program Files\Java\jdk-17\openjfx-21.0.7_windows-x64_bin-sdk\javafx-sdk-21.0.7\lib\javafx.graphics.jar
Add classpath:	C:\Program Files\Java\jdk-17\openjfx-21.0.7_windows-x64_bin-sdk\javafx-sdk-21.0.7\lib\javafx.media.jar
Add classpath:	C:\Program Files\Java\jdk-17\openjfx-21.0.7_windows-x64_bin-sdk\javafx-sdk-21.0.7\lib\javafx.properties
Add classpath:	C:\Program Files\Java\jdk-17\openjfx-21.0.7_windows-x64_bin-sdk\javafx-sdk-21.0.7\lib\javafx.swing.jar
Add classpath:	C:\Program Files\Java\jdk-17\openjfx-21.0.7_windows-x64_bin-sdk\javafx-sdk-21.0.7\lib\javafx.web.jar
Add classpath:	C:\Program Files\Java\jdk-17\openjfx-21.0.7_windows-x64_bin-sdk\javafx-sdk-21.0.7\lib\javafx-swt.jar
Launcher:	C:\Program Files\Java\jdk-17\bin\javaw.exe
Launcher args:	-classpath "..\target\ui-1.0-SNAPSHOT.jar;C:\Program Files\Java\jdk-17\openjfx-21.0.7_windows-x64_bin-sdk\javafx-sdk-21.0.7\lib;C:\Code\chaythue\web-app-share-tipsPhanMinhHieu\fe-pc\ui\src\main\java\com\example\ui\utils\FXRouter.java;C:\Program Files\Java\jdk-17\openjfx-21.0.7_windows-x64_bin-sdk\javafx-sdk-21.0.7\lib\javafx.base.jar;C:\Program Files\Java\jdk-17\openjfx-21.0.7_windows-x64_bin-sdk\javafx-sdk-21.0.7\lib\javafx.controls.jar;C:\Program Files\Java\jdk-17\openjfx-21.0.7_windows-x64_bin-sdk\javafx-sdk-21.0.7\lib\javafx.fxml.jar;C:\Program Files\Java\jdk-17\openjfx-21.0.7_windows-x64_bin-sdk\javafx-sdk-21.0.7\lib\javafx.graphics.jar;C:\Program Files\Java\jdk-17\openjfx-21.0.7_windows-x64_bin-sdk\javafx-sdk-21.0.7\lib\javafx.media.jar;C:\Program Files\Java\jdk-17\openjfx-21.0.7_windows-x64_bin-sdk\javafx-sdk-21.0.7\lib\javafx.properties;C:\Program Files\Java\jdk-17\openjfx-21.0.7_windows-x64_bin-sdk\javafx-sdk-21.0.7\lib\javafx.swing.jar;C:\Program Files\Java\jdk-17\openjfx-21.0.7_windows-x64_bin-sdk\javafx-sdk-21.0.7\lib\javafx.web.jar;C:\Program Files\Java\jdk-17\openjfx-21.0.7_windows-x64_bin-sdk\javafx-sdk-21.0.7\lib\javafx-swt.jar" com.example.ui.Main
Args length:	1182/32768 chars
Exit code:	0


Version:	3.50
CmdLine:	C:\Code\chaythue\web-app-share-tipsPhanMinhHieu\fe-pc\ui\output\LifeTips.exe --l4j-debug
JNI:		No
WOW64:		Yes
Working dir:	C:\Code\chaythue\web-app-share-tipsPhanMinhHieu\fe-pc\ui\output\.
Requires JDK:	Yes
Requires 64-Bit: Yes
Java min ver:	1.017.000
Java max ver:	
Substitute:	JAVA_HOME = C:\Program Files\Java\jdk-17
Substitute:	PATH = c:\Users\nino\AppData\Local\Programs\cursor\resources\app\bin;C:\Program Files\Common Files\Oracle\Java\javapath;C:\WINDOWS\system32;C:\WINDOWS;C:\WINDOWS\System32\Wbem;C:\WINDOWS\System32\WindowsPowerShell\v1.0\;C:\WINDOWS\System32\OpenSSH\;C:\Program Files\dotnet\;C:\Users\nino\AppData\Local\nvm;C:\nvm4w\nodejs;C:\Data\app\Git\cmd;C:\Program Files\Microsoft SQL Server\150\Tools\Binn\;C:\Data\app\dvm\;C:\Data\app\dartsdk-windows-x64-release-3.7.3\dart-sdk\bin;C:\Data\app\dartsdk-windows-x64-release\dart-sdk\bin;C:\Data\app\fvm-3.2.1-windows-x64\fvm\src;C:\Data\app\fvm-3.2.1-windows-x64\fvm;C:\Program Files\Java\jdk-17\bin;C:\Program Files\Java\jdk-17;C:\Program Files\Microsoft SQL Server\Client SDK\ODBC\170\Tools\Binn\;C:\Program Files (x86)\Microsoft SQL Server\160\Tools\Binn\;C:\Program Files\Microsoft SQL Server\160\Tools\Binn\;C:\Program Files\Microsoft SQL Server\160\DTS\Binn\;C:\Program Files (x86)\Microsoft SQL Server\160\DTS\Binn\;C:\Users\nino\AppData\Local\Programs\Python\Python311\Scripts\;C:\User;C:\apache-maven-3.9.10-bin\apache-maven-3.9.10\bin;C:\Program Files (x86)\WiX Toolset v3.11\bin;C:\Users\nino\AppData\Local\Programs\Python\Python311\Scripts\;C:\Users\nino\AppData\Local\Programs\Python\Python311\;C:\Users\nino\AppData\Local\Microsoft\WindowsApps;C:\Users\nino\AppData\Local\Programs\Microsoft VS Code\bin;C:\Users\nino\AppData\Local\nvm;C:\nvm4w\nodejs;C:\Data\app\IntelliJ IDEA 2025.1\bin;C:\Data\app\dvm\;C:\Data\app\IJ\IntelliJ IDEA Community Edition 2025.1\bin;C:\Users\nino\fvm\default\bin;C:\Users\nino\.dotnet\tools;C:\Users\nino\.lmstudio\bin;C:\Users\nino\AppData\Local\Programs\cursor\resources\app\bin;C:\Program Files\Java\jdk-17;C:\Users\nino\.dotnet\tools;C:\Program Files\Java\jdk-17\bin
JRE paths:	C:\Program Files\Java\jdk-17;c:\Users\nino\AppData\Local\Programs\cursor\resources\app\bin;C:\Program Files\Common Files\Oracle\Java\javapath;C:\WINDOWS\system32;C:\WINDOWS;C:\WINDOWS\System32\Wbem;C:\WINDOWS\System32\WindowsPowerShell\v1.0\;C:\WINDOWS\System32\OpenSSH\;C:\Program Files\dotnet\;C:\Users\nino\AppData\Local\nvm;C:\nvm4w\nodejs;C:\Data\app\Git\cmd;C:\Program Files\Microsoft SQL Server\150\Tools\Binn\;C:\Data\app\dvm\;C:\Data\app\dartsdk-windows-x64-release-3.7.3\dart-sdk\bin;C:\Data\app\dartsdk-windows-x64-release\dart-sdk\bin;C:\Data\app\fvm-3.2.1-windows-x64\fvm\src;C:\Data\app\fvm-3.2.1-windows-x64\fvm;C:\Program Files\Java\jdk-17\bin;C:\Program Files\Java\jdk-17;C:\Program Files\Microsoft SQL Server\Client SDK\ODBC\170\Tools\Binn\;C:\Program Files (x86)\Microsoft SQL Server\160\Tools\Binn\;C:\Program Files\Microsoft SQL Server\160\Tools\Binn\;C:\Program Files\Microsoft SQL Server\160\DTS\Binn\;C:\Program Files (x86)\Microsoft SQL Server\160\DTS\Binn\;C:\Users\nino\AppData\Local\Programs\Python\Python311\Scripts\;C:\User;C:\apache-maven-3.9.10-bin\apache-maven-3.9.10\bin;C:\Program Files (x86)\WiX Toolset v3.11\bin;C:\Users\nino\AppData\Local\Programs\Python\Python311\Scripts\;C:\Users\nino\AppData\Local\Programs\Python\Python311\;C:\Users\nino\AppData\Local\Microsoft\WindowsApps;C:\Users\nino\AppData\Local\Programs\Microsoft VS Code\bin;C:\Users\nino\AppData\Local\nvm;C:\nvm4w\nodejs;C:\Data\app\IntelliJ IDEA 2025.1\bin;C:\Data\app\dvm\;C:\Data\app\IJ\IntelliJ IDEA Community Edition 2025.1\bin;C:\Users\nino\fvm\default\bin;C:\Users\nino\.dotnet\tools;C:\Users\nino\.lmstudio\bin;C:\Users\nino\AppData\Local\Programs\cursor\resources\app\bin;C:\Program Files\Java\jdk-17;C:\Users\nino\.dotnet\tools;C:\Program Files\Java\jdk-17\bin
Check launcher:	C:\Program Files\Java\jdk-17\bin\javaw.exe (OK)
Check javac:	C:\Program Files\Java\jdk-17\bin\javac.exe (OK)
Version string: 1.017.000_012 / 64-Bit (OK)
Main class:	com.example.ui.Main
Add classpath:	C:\Program Files\Java\jdk-17\openjfx-21.0.7_windows-x64_bin-sdk\javafx-sdk-21.0.7\lib
Add classpath:	C:\Code\chaythue\web-app-share-tipsPhanMinhHieu\fe-pc\ui\src\main\java\com\example\ui\utils\FXRouter.java
Add classpath:	C:\Program Files\Java\jdk-17\openjfx-21.0.7_windows-x64_bin-sdk\javafx-sdk-21.0.7\lib\javafx.base.jar
Add classpath:	C:\Program Files\Java\jdk-17\openjfx-21.0.7_windows-x64_bin-sdk\javafx-sdk-21.0.7\lib\javafx.controls.jar
Add classpath:	C:\Program Files\Java\jdk-17\openjfx-21.0.7_windows-x64_bin-sdk\javafx-sdk-21.0.7\lib\javafx.fxml.jar
Add classpath:	C:\Program Files\Java\jdk-17\openjfx-21.0.7_windows-x64_bin-sdk\javafx-sdk-21.0.7\lib\javafx.graphics.jar
Add classpath:	C:\Program Files\Java\jdk-17\openjfx-21.0.7_windows-x64_bin-sdk\javafx-sdk-21.0.7\lib\javafx.media.jar
Add classpath:	C:\Program Files\Java\jdk-17\openjfx-21.0.7_windows-x64_bin-sdk\javafx-sdk-21.0.7\lib\javafx.properties
Add classpath:	C:\Program Files\Java\jdk-17\openjfx-21.0.7_windows-x64_bin-sdk\javafx-sdk-21.0.7\lib\javafx.swing.jar
Add classpath:	C:\Program Files\Java\jdk-17\openjfx-21.0.7_windows-x64_bin-sdk\javafx-sdk-21.0.7\lib\javafx.web.jar
Add classpath:	C:\Program Files\Java\jdk-17\openjfx-21.0.7_windows-x64_bin-sdk\javafx-sdk-21.0.7\lib\javafx-swt.jar
Launcher:	C:\Program Files\Java\jdk-17\bin\javaw.exe
Launcher args:	-classpath "..\target\ui-1.0-SNAPSHOT.jar;C:\Program Files\Java\jdk-17\openjfx-21.0.7_windows-x64_bin-sdk\javafx-sdk-21.0.7\lib;C:\Code\chaythue\web-app-share-tipsPhanMinhHieu\fe-pc\ui\src\main\java\com\example\ui\utils\FXRouter.java;C:\Program Files\Java\jdk-17\openjfx-21.0.7_windows-x64_bin-sdk\javafx-sdk-21.0.7\lib\javafx.base.jar;C:\Program Files\Java\jdk-17\openjfx-21.0.7_windows-x64_bin-sdk\javafx-sdk-21.0.7\lib\javafx.controls.jar;C:\Program Files\Java\jdk-17\openjfx-21.0.7_windows-x64_bin-sdk\javafx-sdk-21.0.7\lib\javafx.fxml.jar;C:\Program Files\Java\jdk-17\openjfx-21.0.7_windows-x64_bin-sdk\javafx-sdk-21.0.7\lib\javafx.graphics.jar;C:\Program Files\Java\jdk-17\openjfx-21.0.7_windows-x64_bin-sdk\javafx-sdk-21.0.7\lib\javafx.media.jar;C:\Program Files\Java\jdk-17\openjfx-21.0.7_windows-x64_bin-sdk\javafx-sdk-21.0.7\lib\javafx.properties;C:\Program Files\Java\jdk-17\openjfx-21.0.7_windows-x64_bin-sdk\javafx-sdk-21.0.7\lib\javafx.swing.jar;C:\Program Files\Java\jdk-17\openjfx-21.0.7_windows-x64_bin-sdk\javafx-sdk-21.0.7\lib\javafx.web.jar;C:\Program Files\Java\jdk-17\openjfx-21.0.7_windows-x64_bin-sdk\javafx-sdk-21.0.7\lib\javafx-swt.jar" com.example.ui.Main
Args length:	1182/32768 chars
Exit code:	0


Version:	3.50
CmdLine:	C:\Code\chaythue\web-app-share-tipsPhanMinhHieu\fe-pc\ui\output\LifeTips.exe --l4j-debug
JNI:		No
WOW64:		Yes
Working dir:	C:\Code\chaythue\web-app-share-tipsPhanMinhHieu\fe-pc\ui\output\.
Requires JDK:	Yes
Requires 64-Bit: Yes
Java min ver:	1.017.000
Java max ver:	
Substitute:	JAVA_HOME = C:\Program Files\Java\jdk-17
Substitute:	PATH = c:\Users\nino\AppData\Local\Programs\cursor\resources\app\bin;C:\Program Files\Common Files\Oracle\Java\javapath;C:\WINDOWS\system32;C:\WINDOWS;C:\WINDOWS\System32\Wbem;C:\WINDOWS\System32\WindowsPowerShell\v1.0\;C:\WINDOWS\System32\OpenSSH\;C:\Program Files\dotnet\;C:\Users\nino\AppData\Local\nvm;C:\nvm4w\nodejs;C:\Data\app\Git\cmd;C:\Program Files\Microsoft SQL Server\150\Tools\Binn\;C:\Data\app\dvm\;C:\Data\app\dartsdk-windows-x64-release-3.7.3\dart-sdk\bin;C:\Data\app\dartsdk-windows-x64-release\dart-sdk\bin;C:\Data\app\fvm-3.2.1-windows-x64\fvm\src;C:\Data\app\fvm-3.2.1-windows-x64\fvm;C:\Program Files\Java\jdk-17\bin;C:\Program Files\Java\jdk-17;C:\Program Files\Microsoft SQL Server\Client SDK\ODBC\170\Tools\Binn\;C:\Program Files (x86)\Microsoft SQL Server\160\Tools\Binn\;C:\Program Files\Microsoft SQL Server\160\Tools\Binn\;C:\Program Files\Microsoft SQL Server\160\DTS\Binn\;C:\Program Files (x86)\Microsoft SQL Server\160\DTS\Binn\;C:\Users\nino\AppData\Local\Programs\Python\Python311\Scripts\;C:\User;C:\apache-maven-3.9.10-bin\apache-maven-3.9.10\bin;C:\Program Files (x86)\WiX Toolset v3.11\bin;C:\Users\nino\AppData\Local\Programs\Python\Python311\Scripts\;C:\Users\nino\AppData\Local\Programs\Python\Python311\;C:\Users\nino\AppData\Local\Microsoft\WindowsApps;C:\Users\nino\AppData\Local\Programs\Microsoft VS Code\bin;C:\Users\nino\AppData\Local\nvm;C:\nvm4w\nodejs;C:\Data\app\IntelliJ IDEA 2025.1\bin;C:\Data\app\dvm\;C:\Data\app\IJ\IntelliJ IDEA Community Edition 2025.1\bin;C:\Users\nino\fvm\default\bin;C:\Users\nino\.dotnet\tools;C:\Users\nino\.lmstudio\bin;C:\Users\nino\AppData\Local\Programs\cursor\resources\app\bin;C:\Program Files\Java\jdk-17;C:\Users\nino\.dotnet\tools;C:\Program Files\Java\jdk-17\bin
JRE paths:	C:\Program Files\Java\jdk-17;c:\Users\nino\AppData\Local\Programs\cursor\resources\app\bin;C:\Program Files\Common Files\Oracle\Java\javapath;C:\WINDOWS\system32;C:\WINDOWS;C:\WINDOWS\System32\Wbem;C:\WINDOWS\System32\WindowsPowerShell\v1.0\;C:\WINDOWS\System32\OpenSSH\;C:\Program Files\dotnet\;C:\Users\nino\AppData\Local\nvm;C:\nvm4w\nodejs;C:\Data\app\Git\cmd;C:\Program Files\Microsoft SQL Server\150\Tools\Binn\;C:\Data\app\dvm\;C:\Data\app\dartsdk-windows-x64-release-3.7.3\dart-sdk\bin;C:\Data\app\dartsdk-windows-x64-release\dart-sdk\bin;C:\Data\app\fvm-3.2.1-windows-x64\fvm\src;C:\Data\app\fvm-3.2.1-windows-x64\fvm;C:\Program Files\Java\jdk-17\bin;C:\Program Files\Java\jdk-17;C:\Program Files\Microsoft SQL Server\Client SDK\ODBC\170\Tools\Binn\;C:\Program Files (x86)\Microsoft SQL Server\160\Tools\Binn\;C:\Program Files\Microsoft SQL Server\160\Tools\Binn\;C:\Program Files\Microsoft SQL Server\160\DTS\Binn\;C:\Program Files (x86)\Microsoft SQL Server\160\DTS\Binn\;C:\Users\nino\AppData\Local\Programs\Python\Python311\Scripts\;C:\User;C:\apache-maven-3.9.10-bin\apache-maven-3.9.10\bin;C:\Program Files (x86)\WiX Toolset v3.11\bin;C:\Users\nino\AppData\Local\Programs\Python\Python311\Scripts\;C:\Users\nino\AppData\Local\Programs\Python\Python311\;C:\Users\nino\AppData\Local\Microsoft\WindowsApps;C:\Users\nino\AppData\Local\Programs\Microsoft VS Code\bin;C:\Users\nino\AppData\Local\nvm;C:\nvm4w\nodejs;C:\Data\app\IntelliJ IDEA 2025.1\bin;C:\Data\app\dvm\;C:\Data\app\IJ\IntelliJ IDEA Community Edition 2025.1\bin;C:\Users\nino\fvm\default\bin;C:\Users\nino\.dotnet\tools;C:\Users\nino\.lmstudio\bin;C:\Users\nino\AppData\Local\Programs\cursor\resources\app\bin;C:\Program Files\Java\jdk-17;C:\Users\nino\.dotnet\tools;C:\Program Files\Java\jdk-17\bin
Check launcher:	C:\Program Files\Java\jdk-17\bin\javaw.exe (OK)
Check javac:	C:\Program Files\Java\jdk-17\bin\javac.exe (OK)
Version string: 1.017.000_012 / 64-Bit (OK)
Main class:	com.example.ui.Main
Add classpath:	C:\Program Files\Java\jdk-17\openjfx-21.0.7_windows-x64_bin-sdk\javafx-sdk-21.0.7\lib
Add classpath:	C:\Code\chaythue\web-app-share-tipsPhanMinhHieu\fe-pc\ui\src\main\java\com\example\ui\utils\FXRouter.java
Add classpath:	C:\Program Files\Java\jdk-17\openjfx-21.0.7_windows-x64_bin-sdk\javafx-sdk-21.0.7\lib\javafx.base.jar
Add classpath:	C:\Program Files\Java\jdk-17\openjfx-21.0.7_windows-x64_bin-sdk\javafx-sdk-21.0.7\lib\javafx.controls.jar
Add classpath:	C:\Program Files\Java\jdk-17\openjfx-21.0.7_windows-x64_bin-sdk\javafx-sdk-21.0.7\lib\javafx.fxml.jar
Add classpath:	C:\Program Files\Java\jdk-17\openjfx-21.0.7_windows-x64_bin-sdk\javafx-sdk-21.0.7\lib\javafx.graphics.jar
Add classpath:	C:\Program Files\Java\jdk-17\openjfx-21.0.7_windows-x64_bin-sdk\javafx-sdk-21.0.7\lib\javafx.media.jar
Add classpath:	C:\Program Files\Java\jdk-17\openjfx-21.0.7_windows-x64_bin-sdk\javafx-sdk-21.0.7\lib\javafx.properties
Add classpath:	C:\Program Files\Java\jdk-17\openjfx-21.0.7_windows-x64_bin-sdk\javafx-sdk-21.0.7\lib\javafx.swing.jar
Add classpath:	C:\Program Files\Java\jdk-17\openjfx-21.0.7_windows-x64_bin-sdk\javafx-sdk-21.0.7\lib\javafx.web.jar
Add classpath:	C:\Program Files\Java\jdk-17\openjfx-21.0.7_windows-x64_bin-sdk\javafx-sdk-21.0.7\lib\javafx-swt.jar
Launcher:	C:\Program Files\Java\jdk-17\bin\javaw.exe
Launcher args:	-classpath "..\target\ui-1.0-SNAPSHOT.jar;C:\Program Files\Java\jdk-17\openjfx-21.0.7_windows-x64_bin-sdk\javafx-sdk-21.0.7\lib;C:\Code\chaythue\web-app-share-tipsPhanMinhHieu\fe-pc\ui\src\main\java\com\example\ui\utils\FXRouter.java;C:\Program Files\Java\jdk-17\openjfx-21.0.7_windows-x64_bin-sdk\javafx-sdk-21.0.7\lib\javafx.base.jar;C:\Program Files\Java\jdk-17\openjfx-21.0.7_windows-x64_bin-sdk\javafx-sdk-21.0.7\lib\javafx.controls.jar;C:\Program Files\Java\jdk-17\openjfx-21.0.7_windows-x64_bin-sdk\javafx-sdk-21.0.7\lib\javafx.fxml.jar;C:\Program Files\Java\jdk-17\openjfx-21.0.7_windows-x64_bin-sdk\javafx-sdk-21.0.7\lib\javafx.graphics.jar;C:\Program Files\Java\jdk-17\openjfx-21.0.7_windows-x64_bin-sdk\javafx-sdk-21.0.7\lib\javafx.media.jar;C:\Program Files\Java\jdk-17\openjfx-21.0.7_windows-x64_bin-sdk\javafx-sdk-21.0.7\lib\javafx.properties;C:\Program Files\Java\jdk-17\openjfx-21.0.7_windows-x64_bin-sdk\javafx-sdk-21.0.7\lib\javafx.swing.jar;C:\Program Files\Java\jdk-17\openjfx-21.0.7_windows-x64_bin-sdk\javafx-sdk-21.0.7\lib\javafx.web.jar;C:\Program Files\Java\jdk-17\openjfx-21.0.7_windows-x64_bin-sdk\javafx-sdk-21.0.7\lib\javafx-swt.jar" com.example.ui.Main
Args length:	1182/32768 chars
Exit code:	0


Version:	3.50
CmdLine:	C:\Code\chaythue\web-app-share-tipsPhanMinhHieu\fe-pc\ui\output\LifeTips.exe --l4j-debug
JNI:		No
WOW64:		Yes
Working dir:	C:\Code\chaythue\web-app-share-tipsPhanMinhHieu\fe-pc\ui\output\.
Requires JDK:	Yes
Requires 64-Bit: Yes
Java min ver:	1.017.000
Java max ver:	
Substitute:	JAVA_HOME = C:\Program Files\Java\jdk-17
Substitute:	PATH = c:\Users\nino\AppData\Local\Programs\cursor\resources\app\bin;C:\Program Files\Common Files\Oracle\Java\javapath;C:\WINDOWS\system32;C:\WINDOWS;C:\WINDOWS\System32\Wbem;C:\WINDOWS\System32\WindowsPowerShell\v1.0\;C:\WINDOWS\System32\OpenSSH\;C:\Program Files\dotnet\;C:\Users\nino\AppData\Local\nvm;C:\nvm4w\nodejs;C:\Data\app\Git\cmd;C:\Program Files\Microsoft SQL Server\150\Tools\Binn\;C:\Data\app\dvm\;C:\Data\app\dartsdk-windows-x64-release-3.7.3\dart-sdk\bin;C:\Data\app\dartsdk-windows-x64-release\dart-sdk\bin;C:\Data\app\fvm-3.2.1-windows-x64\fvm\src;C:\Data\app\fvm-3.2.1-windows-x64\fvm;C:\Program Files\Java\jdk-17\bin;C:\Program Files\Java\jdk-17;C:\Program Files\Microsoft SQL Server\Client SDK\ODBC\170\Tools\Binn\;C:\Program Files (x86)\Microsoft SQL Server\160\Tools\Binn\;C:\Program Files\Microsoft SQL Server\160\Tools\Binn\;C:\Program Files\Microsoft SQL Server\160\DTS\Binn\;C:\Program Files (x86)\Microsoft SQL Server\160\DTS\Binn\;C:\Users\nino\AppData\Local\Programs\Python\Python311\Scripts\;C:\User;C:\apache-maven-3.9.10-bin\apache-maven-3.9.10\bin;C:\Program Files (x86)\WiX Toolset v3.11\bin;C:\Users\nino\AppData\Local\Programs\Python\Python311\Scripts\;C:\Users\nino\AppData\Local\Programs\Python\Python311\;C:\Users\nino\AppData\Local\Microsoft\WindowsApps;C:\Users\nino\AppData\Local\Programs\Microsoft VS Code\bin;C:\Users\nino\AppData\Local\nvm;C:\nvm4w\nodejs;C:\Data\app\IntelliJ IDEA 2025.1\bin;C:\Data\app\dvm\;C:\Data\app\IJ\IntelliJ IDEA Community Edition 2025.1\bin;C:\Users\nino\fvm\default\bin;C:\Users\nino\.dotnet\tools;C:\Users\nino\.lmstudio\bin;C:\Users\nino\AppData\Local\Programs\cursor\resources\app\bin;C:\Program Files\Java\jdk-17;C:\Users\nino\.dotnet\tools;C:\Program Files\Java\jdk-17\bin
JRE paths:	C:\Program Files\Java\jdk-17;c:\Users\nino\AppData\Local\Programs\cursor\resources\app\bin;C:\Program Files\Common Files\Oracle\Java\javapath;C:\WINDOWS\system32;C:\WINDOWS;C:\WINDOWS\System32\Wbem;C:\WINDOWS\System32\WindowsPowerShell\v1.0\;C:\WINDOWS\System32\OpenSSH\;C:\Program Files\dotnet\;C:\Users\nino\AppData\Local\nvm;C:\nvm4w\nodejs;C:\Data\app\Git\cmd;C:\Program Files\Microsoft SQL Server\150\Tools\Binn\;C:\Data\app\dvm\;C:\Data\app\dartsdk-windows-x64-release-3.7.3\dart-sdk\bin;C:\Data\app\dartsdk-windows-x64-release\dart-sdk\bin;C:\Data\app\fvm-3.2.1-windows-x64\fvm\src;C:\Data\app\fvm-3.2.1-windows-x64\fvm;C:\Program Files\Java\jdk-17\bin;C:\Program Files\Java\jdk-17;C:\Program Files\Microsoft SQL Server\Client SDK\ODBC\170\Tools\Binn\;C:\Program Files (x86)\Microsoft SQL Server\160\Tools\Binn\;C:\Program Files\Microsoft SQL Server\160\Tools\Binn\;C:\Program Files\Microsoft SQL Server\160\DTS\Binn\;C:\Program Files (x86)\Microsoft SQL Server\160\DTS\Binn\;C:\Users\nino\AppData\Local\Programs\Python\Python311\Scripts\;C:\User;C:\apache-maven-3.9.10-bin\apache-maven-3.9.10\bin;C:\Program Files (x86)\WiX Toolset v3.11\bin;C:\Users\nino\AppData\Local\Programs\Python\Python311\Scripts\;C:\Users\nino\AppData\Local\Programs\Python\Python311\;C:\Users\nino\AppData\Local\Microsoft\WindowsApps;C:\Users\nino\AppData\Local\Programs\Microsoft VS Code\bin;C:\Users\nino\AppData\Local\nvm;C:\nvm4w\nodejs;C:\Data\app\IntelliJ IDEA 2025.1\bin;C:\Data\app\dvm\;C:\Data\app\IJ\IntelliJ IDEA Community Edition 2025.1\bin;C:\Users\nino\fvm\default\bin;C:\Users\nino\.dotnet\tools;C:\Users\nino\.lmstudio\bin;C:\Users\nino\AppData\Local\Programs\cursor\resources\app\bin;C:\Program Files\Java\jdk-17;C:\Users\nino\.dotnet\tools;C:\Program Files\Java\jdk-17\bin
Check launcher:	C:\Program Files\Java\jdk-17\bin\javaw.exe (OK)
Check javac:	C:\Program Files\Java\jdk-17\bin\javac.exe (OK)
Version string: 1.017.000_012 / 64-Bit (OK)
Main class:	com.example.ui.Main
Add classpath:	C:\Program Files\Java\jdk-17\openjfx-21.0.7_windows-x64_bin-sdk\javafx-sdk-21.0.7\lib
Add classpath:	C:\Code\chaythue\web-app-share-tipsPhanMinhHieu\fe-pc\ui\src\main\java\com\example\ui\utils\FXRouter.java
Add classpath:	C:\Program Files\Java\jdk-17\openjfx-21.0.7_windows-x64_bin-sdk\javafx-sdk-21.0.7\lib\javafx.base.jar
Add classpath:	C:\Program Files\Java\jdk-17\openjfx-21.0.7_windows-x64_bin-sdk\javafx-sdk-21.0.7\lib\javafx.controls.jar
Add classpath:	C:\Program Files\Java\jdk-17\openjfx-21.0.7_windows-x64_bin-sdk\javafx-sdk-21.0.7\lib\javafx.fxml.jar
Add classpath:	C:\Program Files\Java\jdk-17\openjfx-21.0.7_windows-x64_bin-sdk\javafx-sdk-21.0.7\lib\javafx.graphics.jar
Add classpath:	C:\Program Files\Java\jdk-17\openjfx-21.0.7_windows-x64_bin-sdk\javafx-sdk-21.0.7\lib\javafx.media.jar
Add classpath:	C:\Program Files\Java\jdk-17\openjfx-21.0.7_windows-x64_bin-sdk\javafx-sdk-21.0.7\lib\javafx.properties
Add classpath:	C:\Program Files\Java\jdk-17\openjfx-21.0.7_windows-x64_bin-sdk\javafx-sdk-21.0.7\lib\javafx.swing.jar
Add classpath:	C:\Program Files\Java\jdk-17\openjfx-21.0.7_windows-x64_bin-sdk\javafx-sdk-21.0.7\lib\javafx.web.jar
Add classpath:	C:\Program Files\Java\jdk-17\openjfx-21.0.7_windows-x64_bin-sdk\javafx-sdk-21.0.7\lib\javafx-swt.jar
Launcher:	C:\Program Files\Java\jdk-17\bin\javaw.exe
Launcher args:	-classpath "..\target\ui-1.0-SNAPSHOT.jar;C:\Program Files\Java\jdk-17\openjfx-21.0.7_windows-x64_bin-sdk\javafx-sdk-21.0.7\lib;C:\Code\chaythue\web-app-share-tipsPhanMinhHieu\fe-pc\ui\src\main\java\com\example\ui\utils\FXRouter.java;C:\Program Files\Java\jdk-17\openjfx-21.0.7_windows-x64_bin-sdk\javafx-sdk-21.0.7\lib\javafx.base.jar;C:\Program Files\Java\jdk-17\openjfx-21.0.7_windows-x64_bin-sdk\javafx-sdk-21.0.7\lib\javafx.controls.jar;C:\Program Files\Java\jdk-17\openjfx-21.0.7_windows-x64_bin-sdk\javafx-sdk-21.0.7\lib\javafx.fxml.jar;C:\Program Files\Java\jdk-17\openjfx-21.0.7_windows-x64_bin-sdk\javafx-sdk-21.0.7\lib\javafx.graphics.jar;C:\Program Files\Java\jdk-17\openjfx-21.0.7_windows-x64_bin-sdk\javafx-sdk-21.0.7\lib\javafx.media.jar;C:\Program Files\Java\jdk-17\openjfx-21.0.7_windows-x64_bin-sdk\javafx-sdk-21.0.7\lib\javafx.properties;C:\Program Files\Java\jdk-17\openjfx-21.0.7_windows-x64_bin-sdk\javafx-sdk-21.0.7\lib\javafx.swing.jar;C:\Program Files\Java\jdk-17\openjfx-21.0.7_windows-x64_bin-sdk\javafx-sdk-21.0.7\lib\javafx.web.jar;C:\Program Files\Java\jdk-17\openjfx-21.0.7_windows-x64_bin-sdk\javafx-sdk-21.0.7\lib\javafx-swt.jar" com.example.ui.Main
Args length:	1182/32768 chars
Exit code:	0


Version:	3.50
CmdLine:	C:\Code\chaythue\web-app-share-tipsPhanMinhHieu\fe-pc\ui\output\LifeTips.exe --l4j-debug
JNI:		No
WOW64:		Yes
Working dir:	C:\Code\chaythue\web-app-share-tipsPhanMinhHieu\fe-pc\ui\output\.
Requires JDK:	Yes
Requires 64-Bit: Yes
Java min ver:	1.017.000
Java max ver:	
Substitute:	JAVA_HOME = C:\Program Files\Java\jdk-17
Substitute:	PATH = c:\Users\nino\AppData\Local\Programs\cursor\resources\app\bin;C:\Program Files\Common Files\Oracle\Java\javapath;C:\WINDOWS\system32;C:\WINDOWS;C:\WINDOWS\System32\Wbem;C:\WINDOWS\System32\WindowsPowerShell\v1.0\;C:\WINDOWS\System32\OpenSSH\;C:\Program Files\dotnet\;C:\Users\nino\AppData\Local\nvm;C:\nvm4w\nodejs;C:\Data\app\Git\cmd;C:\Program Files\Microsoft SQL Server\150\Tools\Binn\;C:\Data\app\dvm\;C:\Data\app\dartsdk-windows-x64-release-3.7.3\dart-sdk\bin;C:\Data\app\dartsdk-windows-x64-release\dart-sdk\bin;C:\Data\app\fvm-3.2.1-windows-x64\fvm\src;C:\Data\app\fvm-3.2.1-windows-x64\fvm;C:\Program Files\Java\jdk-17\bin;C:\Program Files\Java\jdk-17;C:\Program Files\Microsoft SQL Server\Client SDK\ODBC\170\Tools\Binn\;C:\Program Files (x86)\Microsoft SQL Server\160\Tools\Binn\;C:\Program Files\Microsoft SQL Server\160\Tools\Binn\;C:\Program Files\Microsoft SQL Server\160\DTS\Binn\;C:\Program Files (x86)\Microsoft SQL Server\160\DTS\Binn\;C:\Users\nino\AppData\Local\Programs\Python\Python311\Scripts\;C:\User;C:\apache-maven-3.9.10-bin\apache-maven-3.9.10\bin;C:\Program Files (x86)\WiX Toolset v3.11\bin;C:\Users\nino\AppData\Local\Programs\Python\Python311\Scripts\;C:\Users\nino\AppData\Local\Programs\Python\Python311\;C:\Users\nino\AppData\Local\Microsoft\WindowsApps;C:\Users\nino\AppData\Local\Programs\Microsoft VS Code\bin;C:\Users\nino\AppData\Local\nvm;C:\nvm4w\nodejs;C:\Data\app\IntelliJ IDEA 2025.1\bin;C:\Data\app\dvm\;C:\Data\app\IJ\IntelliJ IDEA Community Edition 2025.1\bin;C:\Users\nino\fvm\default\bin;C:\Users\nino\.dotnet\tools;C:\Users\nino\.lmstudio\bin;C:\Users\nino\AppData\Local\Programs\cursor\resources\app\bin;C:\Program Files\Java\jdk-17;C:\Users\nino\.dotnet\tools;C:\Program Files\Java\jdk-17\bin
JRE paths:	C:\Program Files\Java\jdk-17;c:\Users\nino\AppData\Local\Programs\cursor\resources\app\bin;C:\Program Files\Common Files\Oracle\Java\javapath;C:\WINDOWS\system32;C:\WINDOWS;C:\WINDOWS\System32\Wbem;C:\WINDOWS\System32\WindowsPowerShell\v1.0\;C:\WINDOWS\System32\OpenSSH\;C:\Program Files\dotnet\;C:\Users\nino\AppData\Local\nvm;C:\nvm4w\nodejs;C:\Data\app\Git\cmd;C:\Program Files\Microsoft SQL Server\150\Tools\Binn\;C:\Data\app\dvm\;C:\Data\app\dartsdk-windows-x64-release-3.7.3\dart-sdk\bin;C:\Data\app\dartsdk-windows-x64-release\dart-sdk\bin;C:\Data\app\fvm-3.2.1-windows-x64\fvm\src;C:\Data\app\fvm-3.2.1-windows-x64\fvm;C:\Program Files\Java\jdk-17\bin;C:\Program Files\Java\jdk-17;C:\Program Files\Microsoft SQL Server\Client SDK\ODBC\170\Tools\Binn\;C:\Program Files (x86)\Microsoft SQL Server\160\Tools\Binn\;C:\Program Files\Microsoft SQL Server\160\Tools\Binn\;C:\Program Files\Microsoft SQL Server\160\DTS\Binn\;C:\Program Files (x86)\Microsoft SQL Server\160\DTS\Binn\;C:\Users\nino\AppData\Local\Programs\Python\Python311\Scripts\;C:\User;C:\apache-maven-3.9.10-bin\apache-maven-3.9.10\bin;C:\Program Files (x86)\WiX Toolset v3.11\bin;C:\Users\nino\AppData\Local\Programs\Python\Python311\Scripts\;C:\Users\nino\AppData\Local\Programs\Python\Python311\;C:\Users\nino\AppData\Local\Microsoft\WindowsApps;C:\Users\nino\AppData\Local\Programs\Microsoft VS Code\bin;C:\Users\nino\AppData\Local\nvm;C:\nvm4w\nodejs;C:\Data\app\IntelliJ IDEA 2025.1\bin;C:\Data\app\dvm\;C:\Data\app\IJ\IntelliJ IDEA Community Edition 2025.1\bin;C:\Users\nino\fvm\default\bin;C:\Users\nino\.dotnet\tools;C:\Users\nino\.lmstudio\bin;C:\Users\nino\AppData\Local\Programs\cursor\resources\app\bin;C:\Program Files\Java\jdk-17;C:\Users\nino\.dotnet\tools;C:\Program Files\Java\jdk-17\bin
Check launcher:	C:\Program Files\Java\jdk-17\bin\javaw.exe (OK)
Check javac:	C:\Program Files\Java\jdk-17\bin\javac.exe (OK)
Version string: 1.017.000_012 / 64-Bit (OK)
Main class:	com.example.ui.Main
Add classpath:	C:\Program Files\Java\jdk-17\openjfx-21.0.7_windows-x64_bin-sdk\javafx-sdk-21.0.7\lib
Add classpath:	C:\Code\chaythue\web-app-share-tipsPhanMinhHieu\fe-pc\ui\src\main\java\com\example\ui\utils\FXRouter.java
Add classpath:	C:\Program Files\Java\jdk-17\openjfx-21.0.7_windows-x64_bin-sdk\javafx-sdk-21.0.7\lib\javafx.base.jar
Add classpath:	C:\Program Files\Java\jdk-17\openjfx-21.0.7_windows-x64_bin-sdk\javafx-sdk-21.0.7\lib\javafx.controls.jar
Add classpath:	C:\Program Files\Java\jdk-17\openjfx-21.0.7_windows-x64_bin-sdk\javafx-sdk-21.0.7\lib\javafx.fxml.jar
Add classpath:	C:\Program Files\Java\jdk-17\openjfx-21.0.7_windows-x64_bin-sdk\javafx-sdk-21.0.7\lib\javafx.graphics.jar
Add classpath:	C:\Program Files\Java\jdk-17\openjfx-21.0.7_windows-x64_bin-sdk\javafx-sdk-21.0.7\lib\javafx.media.jar
Add classpath:	C:\Program Files\Java\jdk-17\openjfx-21.0.7_windows-x64_bin-sdk\javafx-sdk-21.0.7\lib\javafx.properties
Add classpath:	C:\Program Files\Java\jdk-17\openjfx-21.0.7_windows-x64_bin-sdk\javafx-sdk-21.0.7\lib\javafx.swing.jar
Add classpath:	C:\Program Files\Java\jdk-17\openjfx-21.0.7_windows-x64_bin-sdk\javafx-sdk-21.0.7\lib\javafx.web.jar
Add classpath:	C:\Program Files\Java\jdk-17\openjfx-21.0.7_windows-x64_bin-sdk\javafx-sdk-21.0.7\lib\javafx-swt.jar
Launcher:	C:\Program Files\Java\jdk-17\bin\javaw.exe
Launcher args:	-classpath "..\target\ui-1.0-SNAPSHOT.jar;C:\Program Files\Java\jdk-17\openjfx-21.0.7_windows-x64_bin-sdk\javafx-sdk-21.0.7\lib;C:\Code\chaythue\web-app-share-tipsPhanMinhHieu\fe-pc\ui\src\main\java\com\example\ui\utils\FXRouter.java;C:\Program Files\Java\jdk-17\openjfx-21.0.7_windows-x64_bin-sdk\javafx-sdk-21.0.7\lib\javafx.base.jar;C:\Program Files\Java\jdk-17\openjfx-21.0.7_windows-x64_bin-sdk\javafx-sdk-21.0.7\lib\javafx.controls.jar;C:\Program Files\Java\jdk-17\openjfx-21.0.7_windows-x64_bin-sdk\javafx-sdk-21.0.7\lib\javafx.fxml.jar;C:\Program Files\Java\jdk-17\openjfx-21.0.7_windows-x64_bin-sdk\javafx-sdk-21.0.7\lib\javafx.graphics.jar;C:\Program Files\Java\jdk-17\openjfx-21.0.7_windows-x64_bin-sdk\javafx-sdk-21.0.7\lib\javafx.media.jar;C:\Program Files\Java\jdk-17\openjfx-21.0.7_windows-x64_bin-sdk\javafx-sdk-21.0.7\lib\javafx.properties;C:\Program Files\Java\jdk-17\openjfx-21.0.7_windows-x64_bin-sdk\javafx-sdk-21.0.7\lib\javafx.swing.jar;C:\Program Files\Java\jdk-17\openjfx-21.0.7_windows-x64_bin-sdk\javafx-sdk-21.0.7\lib\javafx.web.jar;C:\Program Files\Java\jdk-17\openjfx-21.0.7_windows-x64_bin-sdk\javafx-sdk-21.0.7\lib\javafx-swt.jar" com.example.ui.Main
Args length:	1182/32768 chars
Exit code:	0


Version:	3.50
CmdLine:	C:\Code\chaythue\web-app-share-tipsPhanMinhHieu\fe-pc\ui\output\LifeTips.exe --l4j-debug
JNI:		No
WOW64:		Yes
Working dir:	C:\Code\chaythue\web-app-share-tipsPhanMinhHieu\fe-pc\ui\output\.
Requires JDK:	Yes
Requires 64-Bit: Yes
Java min ver:	1.017.000
Java max ver:	
Substitute:	JAVA_HOME = C:\Program Files\Java\jdk-17
Substitute:	PATH = c:\Users\nino\AppData\Local\Programs\cursor\resources\app\bin;C:\Program Files\Common Files\Oracle\Java\javapath;C:\WINDOWS\system32;C:\WINDOWS;C:\WINDOWS\System32\Wbem;C:\WINDOWS\System32\WindowsPowerShell\v1.0\;C:\WINDOWS\System32\OpenSSH\;C:\Program Files\dotnet\;C:\Users\nino\AppData\Local\nvm;C:\nvm4w\nodejs;C:\Data\app\Git\cmd;C:\Program Files\Microsoft SQL Server\150\Tools\Binn\;C:\Data\app\dvm\;C:\Data\app\dartsdk-windows-x64-release-3.7.3\dart-sdk\bin;C:\Data\app\dartsdk-windows-x64-release\dart-sdk\bin;C:\Data\app\fvm-3.2.1-windows-x64\fvm\src;C:\Data\app\fvm-3.2.1-windows-x64\fvm;C:\Program Files\Java\jdk-17\bin;C:\Program Files\Java\jdk-17;C:\Program Files\Microsoft SQL Server\Client SDK\ODBC\170\Tools\Binn\;C:\Program Files (x86)\Microsoft SQL Server\160\Tools\Binn\;C:\Program Files\Microsoft SQL Server\160\Tools\Binn\;C:\Program Files\Microsoft SQL Server\160\DTS\Binn\;C:\Program Files (x86)\Microsoft SQL Server\160\DTS\Binn\;C:\Users\nino\AppData\Local\Programs\Python\Python311\Scripts\;C:\User;C:\apache-maven-3.9.10-bin\apache-maven-3.9.10\bin;C:\Program Files (x86)\WiX Toolset v3.11\bin;C:\Users\nino\AppData\Local\Programs\Python\Python311\Scripts\;C:\Users\nino\AppData\Local\Programs\Python\Python311\;C:\Users\nino\AppData\Local\Microsoft\WindowsApps;C:\Users\nino\AppData\Local\Programs\Microsoft VS Code\bin;C:\Users\nino\AppData\Local\nvm;C:\nvm4w\nodejs;C:\Data\app\IntelliJ IDEA 2025.1\bin;C:\Data\app\dvm\;C:\Data\app\IJ\IntelliJ IDEA Community Edition 2025.1\bin;C:\Users\nino\fvm\default\bin;C:\Users\nino\.dotnet\tools;C:\Users\nino\.lmstudio\bin;C:\Users\nino\AppData\Local\Programs\cursor\resources\app\bin;C:\Program Files\Java\jdk-17;C:\Users\nino\.dotnet\tools;C:\Program Files\Java\jdk-17\bin
JRE paths:	C:\Program Files\Java\jdk-17;c:\Users\nino\AppData\Local\Programs\cursor\resources\app\bin;C:\Program Files\Common Files\Oracle\Java\javapath;C:\WINDOWS\system32;C:\WINDOWS;C:\WINDOWS\System32\Wbem;C:\WINDOWS\System32\WindowsPowerShell\v1.0\;C:\WINDOWS\System32\OpenSSH\;C:\Program Files\dotnet\;C:\Users\nino\AppData\Local\nvm;C:\nvm4w\nodejs;C:\Data\app\Git\cmd;C:\Program Files\Microsoft SQL Server\150\Tools\Binn\;C:\Data\app\dvm\;C:\Data\app\dartsdk-windows-x64-release-3.7.3\dart-sdk\bin;C:\Data\app\dartsdk-windows-x64-release\dart-sdk\bin;C:\Data\app\fvm-3.2.1-windows-x64\fvm\src;C:\Data\app\fvm-3.2.1-windows-x64\fvm;C:\Program Files\Java\jdk-17\bin;C:\Program Files\Java\jdk-17;C:\Program Files\Microsoft SQL Server\Client SDK\ODBC\170\Tools\Binn\;C:\Program Files (x86)\Microsoft SQL Server\160\Tools\Binn\;C:\Program Files\Microsoft SQL Server\160\Tools\Binn\;C:\Program Files\Microsoft SQL Server\160\DTS\Binn\;C:\Program Files (x86)\Microsoft SQL Server\160\DTS\Binn\;C:\Users\nino\AppData\Local\Programs\Python\Python311\Scripts\;C:\User;C:\apache-maven-3.9.10-bin\apache-maven-3.9.10\bin;C:\Program Files (x86)\WiX Toolset v3.11\bin;C:\Users\nino\AppData\Local\Programs\Python\Python311\Scripts\;C:\Users\nino\AppData\Local\Programs\Python\Python311\;C:\Users\nino\AppData\Local\Microsoft\WindowsApps;C:\Users\nino\AppData\Local\Programs\Microsoft VS Code\bin;C:\Users\nino\AppData\Local\nvm;C:\nvm4w\nodejs;C:\Data\app\IntelliJ IDEA 2025.1\bin;C:\Data\app\dvm\;C:\Data\app\IJ\IntelliJ IDEA Community Edition 2025.1\bin;C:\Users\nino\fvm\default\bin;C:\Users\nino\.dotnet\tools;C:\Users\nino\.lmstudio\bin;C:\Users\nino\AppData\Local\Programs\cursor\resources\app\bin;C:\Program Files\Java\jdk-17;C:\Users\nino\.dotnet\tools;C:\Program Files\Java\jdk-17\bin
Check launcher:	C:\Program Files\Java\jdk-17\bin\javaw.exe (OK)
Check javac:	C:\Program Files\Java\jdk-17\bin\javac.exe (OK)
Version string: 1.017.000_012 / 64-Bit (OK)
Main class:	com.example.ui.Main
Add classpath:	C:\Program Files\Java\jdk-17\openjfx-21.0.7_windows-x64_bin-sdk\javafx-sdk-21.0.7\lib
Add classpath:	C:\Code\chaythue\web-app-share-tipsPhanMinhHieu\fe-pc\ui\src\main\java\com\example\ui\utils\FXRouter.java
Add classpath:	C:\Program Files\Java\jdk-17\openjfx-21.0.7_windows-x64_bin-sdk\javafx-sdk-21.0.7\lib\javafx.base.jar
Add classpath:	C:\Program Files\Java\jdk-17\openjfx-21.0.7_windows-x64_bin-sdk\javafx-sdk-21.0.7\lib\javafx.controls.jar
Add classpath:	C:\Program Files\Java\jdk-17\openjfx-21.0.7_windows-x64_bin-sdk\javafx-sdk-21.0.7\lib\javafx.fxml.jar
Add classpath:	C:\Program Files\Java\jdk-17\openjfx-21.0.7_windows-x64_bin-sdk\javafx-sdk-21.0.7\lib\javafx.graphics.jar
Add classpath:	C:\Program Files\Java\jdk-17\openjfx-21.0.7_windows-x64_bin-sdk\javafx-sdk-21.0.7\lib\javafx.media.jar
Add classpath:	C:\Program Files\Java\jdk-17\openjfx-21.0.7_windows-x64_bin-sdk\javafx-sdk-21.0.7\lib\javafx.properties
Add classpath:	C:\Program Files\Java\jdk-17\openjfx-21.0.7_windows-x64_bin-sdk\javafx-sdk-21.0.7\lib\javafx.swing.jar
Add classpath:	C:\Program Files\Java\jdk-17\openjfx-21.0.7_windows-x64_bin-sdk\javafx-sdk-21.0.7\lib\javafx.web.jar
Add classpath:	C:\Program Files\Java\jdk-17\openjfx-21.0.7_windows-x64_bin-sdk\javafx-sdk-21.0.7\lib\javafx-swt.jar
Launcher:	C:\Program Files\Java\jdk-17\bin\javaw.exe
Launcher args:	-classpath "..\target\ui-1.0-SNAPSHOT.jar;C:\Program Files\Java\jdk-17\openjfx-21.0.7_windows-x64_bin-sdk\javafx-sdk-21.0.7\lib;C:\Code\chaythue\web-app-share-tipsPhanMinhHieu\fe-pc\ui\src\main\java\com\example\ui\utils\FXRouter.java;C:\Program Files\Java\jdk-17\openjfx-21.0.7_windows-x64_bin-sdk\javafx-sdk-21.0.7\lib\javafx.base.jar;C:\Program Files\Java\jdk-17\openjfx-21.0.7_windows-x64_bin-sdk\javafx-sdk-21.0.7\lib\javafx.controls.jar;C:\Program Files\Java\jdk-17\openjfx-21.0.7_windows-x64_bin-sdk\javafx-sdk-21.0.7\lib\javafx.fxml.jar;C:\Program Files\Java\jdk-17\openjfx-21.0.7_windows-x64_bin-sdk\javafx-sdk-21.0.7\lib\javafx.graphics.jar;C:\Program Files\Java\jdk-17\openjfx-21.0.7_windows-x64_bin-sdk\javafx-sdk-21.0.7\lib\javafx.media.jar;C:\Program Files\Java\jdk-17\openjfx-21.0.7_windows-x64_bin-sdk\javafx-sdk-21.0.7\lib\javafx.properties;C:\Program Files\Java\jdk-17\openjfx-21.0.7_windows-x64_bin-sdk\javafx-sdk-21.0.7\lib\javafx.swing.jar;C:\Program Files\Java\jdk-17\openjfx-21.0.7_windows-x64_bin-sdk\javafx-sdk-21.0.7\lib\javafx.web.jar;C:\Program Files\Java\jdk-17\openjfx-21.0.7_windows-x64_bin-sdk\javafx-sdk-21.0.7\lib\javafx-swt.jar" com.example.ui.Main
Args length:	1182/32768 chars
Exit code:	0


Version:	3.50
CmdLine:	C:\Code\chaythue\web-app-share-tipsPhanMinhHieu\fe-pc\ui\output\LifeTips.exe --l4j-debug
JNI:		No
WOW64:		Yes
Working dir:	C:\Code\chaythue\web-app-share-tipsPhanMinhHieu\fe-pc\ui\output\.
Requires JDK:	Yes
Requires 64-Bit: Yes
Java min ver:	1.017.000
Java max ver:	
Substitute:	JAVA_HOME = C:\Program Files\Java\jdk-17
Substitute:	PATH = c:\Users\nino\AppData\Local\Programs\cursor\resources\app\bin;C:\Program Files\Common Files\Oracle\Java\javapath;C:\WINDOWS\system32;C:\WINDOWS;C:\WINDOWS\System32\Wbem;C:\WINDOWS\System32\WindowsPowerShell\v1.0\;C:\WINDOWS\System32\OpenSSH\;C:\Program Files\dotnet\;C:\Users\nino\AppData\Local\nvm;C:\nvm4w\nodejs;C:\Data\app\Git\cmd;C:\Program Files\Microsoft SQL Server\150\Tools\Binn\;C:\Data\app\dvm\;C:\Data\app\dartsdk-windows-x64-release-3.7.3\dart-sdk\bin;C:\Data\app\dartsdk-windows-x64-release\dart-sdk\bin;C:\Data\app\fvm-3.2.1-windows-x64\fvm\src;C:\Data\app\fvm-3.2.1-windows-x64\fvm;C:\Program Files\Java\jdk-17\bin;C:\Program Files\Java\jdk-17;C:\Program Files\Microsoft SQL Server\Client SDK\ODBC\170\Tools\Binn\;C:\Program Files (x86)\Microsoft SQL Server\160\Tools\Binn\;C:\Program Files\Microsoft SQL Server\160\Tools\Binn\;C:\Program Files\Microsoft SQL Server\160\DTS\Binn\;C:\Program Files (x86)\Microsoft SQL Server\160\DTS\Binn\;C:\Users\nino\AppData\Local\Programs\Python\Python311\Scripts\;C:\User;C:\apache-maven-3.9.10-bin\apache-maven-3.9.10\bin;C:\Program Files (x86)\WiX Toolset v3.11\bin;C:\Users\nino\AppData\Local\Programs\Python\Python311\Scripts\;C:\Users\nino\AppData\Local\Programs\Python\Python311\;C:\Users\nino\AppData\Local\Microsoft\WindowsApps;C:\Users\nino\AppData\Local\Programs\Microsoft VS Code\bin;C:\Users\nino\AppData\Local\nvm;C:\nvm4w\nodejs;C:\Data\app\IntelliJ IDEA 2025.1\bin;C:\Data\app\dvm\;C:\Data\app\IJ\IntelliJ IDEA Community Edition 2025.1\bin;C:\Users\nino\fvm\default\bin;C:\Users\nino\.dotnet\tools;C:\Users\nino\.lmstudio\bin;C:\Users\nino\AppData\Local\Programs\cursor\resources\app\bin;C:\Program Files\Java\jdk-17;C:\Users\nino\.dotnet\tools;C:\Program Files\Java\jdk-17\bin
JRE paths:	C:\Program Files\Java\jdk-17;c:\Users\nino\AppData\Local\Programs\cursor\resources\app\bin;C:\Program Files\Common Files\Oracle\Java\javapath;C:\WINDOWS\system32;C:\WINDOWS;C:\WINDOWS\System32\Wbem;C:\WINDOWS\System32\WindowsPowerShell\v1.0\;C:\WINDOWS\System32\OpenSSH\;C:\Program Files\dotnet\;C:\Users\nino\AppData\Local\nvm;C:\nvm4w\nodejs;C:\Data\app\Git\cmd;C:\Program Files\Microsoft SQL Server\150\Tools\Binn\;C:\Data\app\dvm\;C:\Data\app\dartsdk-windows-x64-release-3.7.3\dart-sdk\bin;C:\Data\app\dartsdk-windows-x64-release\dart-sdk\bin;C:\Data\app\fvm-3.2.1-windows-x64\fvm\src;C:\Data\app\fvm-3.2.1-windows-x64\fvm;C:\Program Files\Java\jdk-17\bin;C:\Program Files\Java\jdk-17;C:\Program Files\Microsoft SQL Server\Client SDK\ODBC\170\Tools\Binn\;C:\Program Files (x86)\Microsoft SQL Server\160\Tools\Binn\;C:\Program Files\Microsoft SQL Server\160\Tools\Binn\;C:\Program Files\Microsoft SQL Server\160\DTS\Binn\;C:\Program Files (x86)\Microsoft SQL Server\160\DTS\Binn\;C:\Users\nino\AppData\Local\Programs\Python\Python311\Scripts\;C:\User;C:\apache-maven-3.9.10-bin\apache-maven-3.9.10\bin;C:\Program Files (x86)\WiX Toolset v3.11\bin;C:\Users\nino\AppData\Local\Programs\Python\Python311\Scripts\;C:\Users\nino\AppData\Local\Programs\Python\Python311\;C:\Users\nino\AppData\Local\Microsoft\WindowsApps;C:\Users\nino\AppData\Local\Programs\Microsoft VS Code\bin;C:\Users\nino\AppData\Local\nvm;C:\nvm4w\nodejs;C:\Data\app\IntelliJ IDEA 2025.1\bin;C:\Data\app\dvm\;C:\Data\app\IJ\IntelliJ IDEA Community Edition 2025.1\bin;C:\Users\nino\fvm\default\bin;C:\Users\nino\.dotnet\tools;C:\Users\nino\.lmstudio\bin;C:\Users\nino\AppData\Local\Programs\cursor\resources\app\bin;C:\Program Files\Java\jdk-17;C:\Users\nino\.dotnet\tools;C:\Program Files\Java\jdk-17\bin
Check launcher:	C:\Program Files\Java\jdk-17\bin\javaw.exe (OK)
Check javac:	C:\Program Files\Java\jdk-17\bin\javac.exe (OK)
Version string: 1.017.000_012 / 64-Bit (OK)
Main class:	com.example.ui.Main
Add classpath:	C:\Program Files\Java\jdk-17\openjfx-21.0.7_windows-x64_bin-sdk\javafx-sdk-21.0.7\lib
Add classpath:	C:\Code\chaythue\web-app-share-tipsPhanMinhHieu\fe-pc\ui\src\main\java\com\example\ui\utils\FXRouter.java
Add classpath:	C:\Program Files\Java\jdk-17\openjfx-21.0.7_windows-x64_bin-sdk\javafx-sdk-21.0.7\lib\javafx.base.jar
Add classpath:	C:\Program Files\Java\jdk-17\openjfx-21.0.7_windows-x64_bin-sdk\javafx-sdk-21.0.7\lib\javafx.controls.jar
Add classpath:	C:\Program Files\Java\jdk-17\openjfx-21.0.7_windows-x64_bin-sdk\javafx-sdk-21.0.7\lib\javafx.fxml.jar
Add classpath:	C:\Program Files\Java\jdk-17\openjfx-21.0.7_windows-x64_bin-sdk\javafx-sdk-21.0.7\lib\javafx.graphics.jar
Add classpath:	C:\Program Files\Java\jdk-17\openjfx-21.0.7_windows-x64_bin-sdk\javafx-sdk-21.0.7\lib\javafx.media.jar
Add classpath:	C:\Program Files\Java\jdk-17\openjfx-21.0.7_windows-x64_bin-sdk\javafx-sdk-21.0.7\lib\javafx.properties
Add classpath:	C:\Program Files\Java\jdk-17\openjfx-21.0.7_windows-x64_bin-sdk\javafx-sdk-21.0.7\lib\javafx.swing.jar
Add classpath:	C:\Program Files\Java\jdk-17\openjfx-21.0.7_windows-x64_bin-sdk\javafx-sdk-21.0.7\lib\javafx.web.jar
Add classpath:	C:\Program Files\Java\jdk-17\openjfx-21.0.7_windows-x64_bin-sdk\javafx-sdk-21.0.7\lib\javafx-swt.jar
Launcher:	C:\Program Files\Java\jdk-17\bin\javaw.exe
Launcher args:	-classpath "..\target\ui-1.0-SNAPSHOT.jar;C:\Program Files\Java\jdk-17\openjfx-21.0.7_windows-x64_bin-sdk\javafx-sdk-21.0.7\lib;C:\Code\chaythue\web-app-share-tipsPhanMinhHieu\fe-pc\ui\src\main\java\com\example\ui\utils\FXRouter.java;C:\Program Files\Java\jdk-17\openjfx-21.0.7_windows-x64_bin-sdk\javafx-sdk-21.0.7\lib\javafx.base.jar;C:\Program Files\Java\jdk-17\openjfx-21.0.7_windows-x64_bin-sdk\javafx-sdk-21.0.7\lib\javafx.controls.jar;C:\Program Files\Java\jdk-17\openjfx-21.0.7_windows-x64_bin-sdk\javafx-sdk-21.0.7\lib\javafx.fxml.jar;C:\Program Files\Java\jdk-17\openjfx-21.0.7_windows-x64_bin-sdk\javafx-sdk-21.0.7\lib\javafx.graphics.jar;C:\Program Files\Java\jdk-17\openjfx-21.0.7_windows-x64_bin-sdk\javafx-sdk-21.0.7\lib\javafx.media.jar;C:\Program Files\Java\jdk-17\openjfx-21.0.7_windows-x64_bin-sdk\javafx-sdk-21.0.7\lib\javafx.properties;C:\Program Files\Java\jdk-17\openjfx-21.0.7_windows-x64_bin-sdk\javafx-sdk-21.0.7\lib\javafx.swing.jar;C:\Program Files\Java\jdk-17\openjfx-21.0.7_windows-x64_bin-sdk\javafx-sdk-21.0.7\lib\javafx.web.jar;C:\Program Files\Java\jdk-17\openjfx-21.0.7_windows-x64_bin-sdk\javafx-sdk-21.0.7\lib\javafx-swt.jar" com.example.ui.Main
Args length:	1182/32768 chars
Exit code:	0


Version:	3.50
CmdLine:	C:\Code\chaythue\web-app-share-tipsPhanMinhHieu\fe-pc\ui\output\LifeTips.exe --l4j-debug
JNI:		No
WOW64:		Yes
Working dir:	C:\Code\chaythue\web-app-share-tipsPhanMinhHieu\fe-pc\ui\output\.
Requires JDK:	Yes
Requires 64-Bit: Yes
Java min ver:	1.017.000
Java max ver:	
Substitute:	JAVA_HOME = C:\Program Files\Java\jdk-17
Substitute:	PATH = c:\Users\nino\AppData\Local\Programs\cursor\resources\app\bin;C:\Program Files\Common Files\Oracle\Java\javapath;C:\WINDOWS\system32;C:\WINDOWS;C:\WINDOWS\System32\Wbem;C:\WINDOWS\System32\WindowsPowerShell\v1.0\;C:\WINDOWS\System32\OpenSSH\;C:\Program Files\dotnet\;C:\Users\nino\AppData\Local\nvm;C:\nvm4w\nodejs;C:\Data\app\Git\cmd;C:\Program Files\Microsoft SQL Server\150\Tools\Binn\;C:\Data\app\dvm\;C:\Data\app\dartsdk-windows-x64-release-3.7.3\dart-sdk\bin;C:\Data\app\dartsdk-windows-x64-release\dart-sdk\bin;C:\Data\app\fvm-3.2.1-windows-x64\fvm\src;C:\Data\app\fvm-3.2.1-windows-x64\fvm;C:\Program Files\Java\jdk-17\bin;C:\Program Files\Java\jdk-17;C:\Program Files\Microsoft SQL Server\Client SDK\ODBC\170\Tools\Binn\;C:\Program Files (x86)\Microsoft SQL Server\160\Tools\Binn\;C:\Program Files\Microsoft SQL Server\160\Tools\Binn\;C:\Program Files\Microsoft SQL Server\160\DTS\Binn\;C:\Program Files (x86)\Microsoft SQL Server\160\DTS\Binn\;C:\Users\nino\AppData\Local\Programs\Python\Python311\Scripts\;C:\User;C:\apache-maven-3.9.10-bin\apache-maven-3.9.10\bin;C:\Program Files (x86)\WiX Toolset v3.11\bin;C:\Users\nino\AppData\Local\Programs\Python\Python311\Scripts\;C:\Users\nino\AppData\Local\Programs\Python\Python311\;C:\Users\nino\AppData\Local\Microsoft\WindowsApps;C:\Users\nino\AppData\Local\Programs\Microsoft VS Code\bin;C:\Users\nino\AppData\Local\nvm;C:\nvm4w\nodejs;C:\Data\app\IntelliJ IDEA 2025.1\bin;C:\Data\app\dvm\;C:\Data\app\IJ\IntelliJ IDEA Community Edition 2025.1\bin;C:\Users\nino\fvm\default\bin;C:\Users\nino\.dotnet\tools;C:\Users\nino\.lmstudio\bin;C:\Users\nino\AppData\Local\Programs\cursor\resources\app\bin;C:\Program Files\Java\jdk-17;C:\Users\nino\.dotnet\tools;C:\Program Files\Java\jdk-17\bin
JRE paths:	C:\Program Files\Java\jdk-17;c:\Users\nino\AppData\Local\Programs\cursor\resources\app\bin;C:\Program Files\Common Files\Oracle\Java\javapath;C:\WINDOWS\system32;C:\WINDOWS;C:\WINDOWS\System32\Wbem;C:\WINDOWS\System32\WindowsPowerShell\v1.0\;C:\WINDOWS\System32\OpenSSH\;C:\Program Files\dotnet\;C:\Users\nino\AppData\Local\nvm;C:\nvm4w\nodejs;C:\Data\app\Git\cmd;C:\Program Files\Microsoft SQL Server\150\Tools\Binn\;C:\Data\app\dvm\;C:\Data\app\dartsdk-windows-x64-release-3.7.3\dart-sdk\bin;C:\Data\app\dartsdk-windows-x64-release\dart-sdk\bin;C:\Data\app\fvm-3.2.1-windows-x64\fvm\src;C:\Data\app\fvm-3.2.1-windows-x64\fvm;C:\Program Files\Java\jdk-17\bin;C:\Program Files\Java\jdk-17;C:\Program Files\Microsoft SQL Server\Client SDK\ODBC\170\Tools\Binn\;C:\Program Files (x86)\Microsoft SQL Server\160\Tools\Binn\;C:\Program Files\Microsoft SQL Server\160\Tools\Binn\;C:\Program Files\Microsoft SQL Server\160\DTS\Binn\;C:\Program Files (x86)\Microsoft SQL Server\160\DTS\Binn\;C:\Users\nino\AppData\Local\Programs\Python\Python311\Scripts\;C:\User;C:\apache-maven-3.9.10-bin\apache-maven-3.9.10\bin;C:\Program Files (x86)\WiX Toolset v3.11\bin;C:\Users\nino\AppData\Local\Programs\Python\Python311\Scripts\;C:\Users\nino\AppData\Local\Programs\Python\Python311\;C:\Users\nino\AppData\Local\Microsoft\WindowsApps;C:\Users\nino\AppData\Local\Programs\Microsoft VS Code\bin;C:\Users\nino\AppData\Local\nvm;C:\nvm4w\nodejs;C:\Data\app\IntelliJ IDEA 2025.1\bin;C:\Data\app\dvm\;C:\Data\app\IJ\IntelliJ IDEA Community Edition 2025.1\bin;C:\Users\nino\fvm\default\bin;C:\Users\nino\.dotnet\tools;C:\Users\nino\.lmstudio\bin;C:\Users\nino\AppData\Local\Programs\cursor\resources\app\bin;C:\Program Files\Java\jdk-17;C:\Users\nino\.dotnet\tools;C:\Program Files\Java\jdk-17\bin
Check launcher:	C:\Program Files\Java\jdk-17\bin\javaw.exe (OK)
Check javac:	C:\Program Files\Java\jdk-17\bin\javac.exe (OK)
Version string: 1.017.000_012 / 64-Bit (OK)
Main class:	com.example.ui.Main
Add classpath:	C:\Program Files\Java\jdk-17\openjfx-21.0.7_windows-x64_bin-sdk\javafx-sdk-21.0.7\lib
Add classpath:	C:\Code\chaythue\web-app-share-tipsPhanMinhHieu\fe-pc\ui\src\main\java\com\example\ui\utils\FXRouter.java
Add classpath:	C:\Program Files\Java\jdk-17\openjfx-21.0.7_windows-x64_bin-sdk\javafx-sdk-21.0.7\lib\javafx.base.jar
Add classpath:	C:\Program Files\Java\jdk-17\openjfx-21.0.7_windows-x64_bin-sdk\javafx-sdk-21.0.7\lib\javafx.controls.jar
Add classpath:	C:\Program Files\Java\jdk-17\openjfx-21.0.7_windows-x64_bin-sdk\javafx-sdk-21.0.7\lib\javafx.fxml.jar
Add classpath:	C:\Program Files\Java\jdk-17\openjfx-21.0.7_windows-x64_bin-sdk\javafx-sdk-21.0.7\lib\javafx.graphics.jar
Add classpath:	C:\Program Files\Java\jdk-17\openjfx-21.0.7_windows-x64_bin-sdk\javafx-sdk-21.0.7\lib\javafx.media.jar
Add classpath:	C:\Program Files\Java\jdk-17\openjfx-21.0.7_windows-x64_bin-sdk\javafx-sdk-21.0.7\lib\javafx.properties
Add classpath:	C:\Program Files\Java\jdk-17\openjfx-21.0.7_windows-x64_bin-sdk\javafx-sdk-21.0.7\lib\javafx.swing.jar
Add classpath:	C:\Program Files\Java\jdk-17\openjfx-21.0.7_windows-x64_bin-sdk\javafx-sdk-21.0.7\lib\javafx.web.jar
Add classpath:	C:\Program Files\Java\jdk-17\openjfx-21.0.7_windows-x64_bin-sdk\javafx-sdk-21.0.7\lib\javafx-swt.jar
Launcher:	C:\Program Files\Java\jdk-17\bin\javaw.exe
Launcher args:	-classpath "..\target\ui-1.0-SNAPSHOT.jar;C:\Program Files\Java\jdk-17\openjfx-21.0.7_windows-x64_bin-sdk\javafx-sdk-21.0.7\lib;C:\Code\chaythue\web-app-share-tipsPhanMinhHieu\fe-pc\ui\src\main\java\com\example\ui\utils\FXRouter.java;C:\Program Files\Java\jdk-17\openjfx-21.0.7_windows-x64_bin-sdk\javafx-sdk-21.0.7\lib\javafx.base.jar;C:\Program Files\Java\jdk-17\openjfx-21.0.7_windows-x64_bin-sdk\javafx-sdk-21.0.7\lib\javafx.controls.jar;C:\Program Files\Java\jdk-17\openjfx-21.0.7_windows-x64_bin-sdk\javafx-sdk-21.0.7\lib\javafx.fxml.jar;C:\Program Files\Java\jdk-17\openjfx-21.0.7_windows-x64_bin-sdk\javafx-sdk-21.0.7\lib\javafx.graphics.jar;C:\Program Files\Java\jdk-17\openjfx-21.0.7_windows-x64_bin-sdk\javafx-sdk-21.0.7\lib\javafx.media.jar;C:\Program Files\Java\jdk-17\openjfx-21.0.7_windows-x64_bin-sdk\javafx-sdk-21.0.7\lib\javafx.properties;C:\Program Files\Java\jdk-17\openjfx-21.0.7_windows-x64_bin-sdk\javafx-sdk-21.0.7\lib\javafx.swing.jar;C:\Program Files\Java\jdk-17\openjfx-21.0.7_windows-x64_bin-sdk\javafx-sdk-21.0.7\lib\javafx.web.jar;C:\Program Files\Java\jdk-17\openjfx-21.0.7_windows-x64_bin-sdk\javafx-sdk-21.0.7\lib\javafx-swt.jar" com.example.ui.Main
Args length:	1182/32768 chars
Exit code:	0


Version:	3.50
CmdLine:	C:\Code\chaythue\web-app-share-tipsPhanMinhHieu\fe-pc\ui\output\LifeTips.exe --l4j-debug
JNI:		No
WOW64:		Yes
Working dir:	C:\Code\chaythue\web-app-share-tipsPhanMinhHieu\fe-pc\ui\output\.
Requires JDK:	Yes
Requires 64-Bit: Yes
Java min ver:	1.017.000
Java max ver:	
Substitute:	JAVA_HOME = C:\Program Files\Java\jdk-17
Substitute:	PATH = c:\Users\nino\AppData\Local\Programs\cursor\resources\app\bin;C:\Program Files\Common Files\Oracle\Java\javapath;C:\WINDOWS\system32;C:\WINDOWS;C:\WINDOWS\System32\Wbem;C:\WINDOWS\System32\WindowsPowerShell\v1.0\;C:\WINDOWS\System32\OpenSSH\;C:\Program Files\dotnet\;C:\Users\nino\AppData\Local\nvm;C:\nvm4w\nodejs;C:\Data\app\Git\cmd;C:\Program Files\Microsoft SQL Server\150\Tools\Binn\;C:\Data\app\dvm\;C:\Data\app\dartsdk-windows-x64-release-3.7.3\dart-sdk\bin;C:\Data\app\dartsdk-windows-x64-release\dart-sdk\bin;C:\Data\app\fvm-3.2.1-windows-x64\fvm\src;C:\Data\app\fvm-3.2.1-windows-x64\fvm;C:\Program Files\Java\jdk-17\bin;C:\Program Files\Java\jdk-17;C:\Program Files\Microsoft SQL Server\Client SDK\ODBC\170\Tools\Binn\;C:\Program Files (x86)\Microsoft SQL Server\160\Tools\Binn\;C:\Program Files\Microsoft SQL Server\160\Tools\Binn\;C:\Program Files\Microsoft SQL Server\160\DTS\Binn\;C:\Program Files (x86)\Microsoft SQL Server\160\DTS\Binn\;C:\Users\nino\AppData\Local\Programs\Python\Python311\Scripts\;C:\User;C:\apache-maven-3.9.10-bin\apache-maven-3.9.10\bin;C:\Program Files (x86)\WiX Toolset v3.11\bin;C:\Users\nino\AppData\Local\Programs\Python\Python311\Scripts\;C:\Users\nino\AppData\Local\Programs\Python\Python311\;C:\Users\nino\AppData\Local\Microsoft\WindowsApps;C:\Users\nino\AppData\Local\Programs\Microsoft VS Code\bin;C:\Users\nino\AppData\Local\nvm;C:\nvm4w\nodejs;C:\Data\app\IntelliJ IDEA 2025.1\bin;C:\Data\app\dvm\;C:\Data\app\IJ\IntelliJ IDEA Community Edition 2025.1\bin;C:\Users\nino\fvm\default\bin;C:\Users\nino\.dotnet\tools;C:\Users\nino\.lmstudio\bin;C:\Users\nino\AppData\Local\Programs\cursor\resources\app\bin;C:\Program Files\Java\jdk-17;C:\Users\nino\.dotnet\tools;C:\Program Files\Java\jdk-17\bin
JRE paths:	C:\Program Files\Java\jdk-17;c:\Users\nino\AppData\Local\Programs\cursor\resources\app\bin;C:\Program Files\Common Files\Oracle\Java\javapath;C:\WINDOWS\system32;C:\WINDOWS;C:\WINDOWS\System32\Wbem;C:\WINDOWS\System32\WindowsPowerShell\v1.0\;C:\WINDOWS\System32\OpenSSH\;C:\Program Files\dotnet\;C:\Users\nino\AppData\Local\nvm;C:\nvm4w\nodejs;C:\Data\app\Git\cmd;C:\Program Files\Microsoft SQL Server\150\Tools\Binn\;C:\Data\app\dvm\;C:\Data\app\dartsdk-windows-x64-release-3.7.3\dart-sdk\bin;C:\Data\app\dartsdk-windows-x64-release\dart-sdk\bin;C:\Data\app\fvm-3.2.1-windows-x64\fvm\src;C:\Data\app\fvm-3.2.1-windows-x64\fvm;C:\Program Files\Java\jdk-17\bin;C:\Program Files\Java\jdk-17;C:\Program Files\Microsoft SQL Server\Client SDK\ODBC\170\Tools\Binn\;C:\Program Files (x86)\Microsoft SQL Server\160\Tools\Binn\;C:\Program Files\Microsoft SQL Server\160\Tools\Binn\;C:\Program Files\Microsoft SQL Server\160\DTS\Binn\;C:\Program Files (x86)\Microsoft SQL Server\160\DTS\Binn\;C:\Users\nino\AppData\Local\Programs\Python\Python311\Scripts\;C:\User;C:\apache-maven-3.9.10-bin\apache-maven-3.9.10\bin;C:\Program Files (x86)\WiX Toolset v3.11\bin;C:\Users\nino\AppData\Local\Programs\Python\Python311\Scripts\;C:\Users\nino\AppData\Local\Programs\Python\Python311\;C:\Users\nino\AppData\Local\Microsoft\WindowsApps;C:\Users\nino\AppData\Local\Programs\Microsoft VS Code\bin;C:\Users\nino\AppData\Local\nvm;C:\nvm4w\nodejs;C:\Data\app\IntelliJ IDEA 2025.1\bin;C:\Data\app\dvm\;C:\Data\app\IJ\IntelliJ IDEA Community Edition 2025.1\bin;C:\Users\nino\fvm\default\bin;C:\Users\nino\.dotnet\tools;C:\Users\nino\.lmstudio\bin;C:\Users\nino\AppData\Local\Programs\cursor\resources\app\bin;C:\Program Files\Java\jdk-17;C:\Users\nino\.dotnet\tools;C:\Program Files\Java\jdk-17\bin
Check launcher:	C:\Program Files\Java\jdk-17\bin\javaw.exe (OK)
Check javac:	C:\Program Files\Java\jdk-17\bin\javac.exe (OK)
Version string: 1.017.000_012 / 64-Bit (OK)
Main class:	com.example.ui.Main
Add classpath:	C:\Program Files\Java\jdk-17\openjfx-21.0.7_windows-x64_bin-sdk\javafx-sdk-21.0.7\lib
Add classpath:	C:\Code\chaythue\web-app-share-tipsPhanMinhHieu\fe-pc\ui\src\main\java\com\example\ui\utils\FXRouter.java
Add classpath:	C:\Program Files\Java\jdk-17\openjfx-21.0.7_windows-x64_bin-sdk\javafx-sdk-21.0.7\lib\javafx.base.jar
Add classpath:	C:\Program Files\Java\jdk-17\openjfx-21.0.7_windows-x64_bin-sdk\javafx-sdk-21.0.7\lib\javafx.controls.jar
Add classpath:	C:\Program Files\Java\jdk-17\openjfx-21.0.7_windows-x64_bin-sdk\javafx-sdk-21.0.7\lib\javafx.fxml.jar
Add classpath:	C:\Program Files\Java\jdk-17\openjfx-21.0.7_windows-x64_bin-sdk\javafx-sdk-21.0.7\lib\javafx.graphics.jar
Add classpath:	C:\Program Files\Java\jdk-17\openjfx-21.0.7_windows-x64_bin-sdk\javafx-sdk-21.0.7\lib\javafx.media.jar
Add classpath:	C:\Program Files\Java\jdk-17\openjfx-21.0.7_windows-x64_bin-sdk\javafx-sdk-21.0.7\lib\javafx.properties
Add classpath:	C:\Program Files\Java\jdk-17\openjfx-21.0.7_windows-x64_bin-sdk\javafx-sdk-21.0.7\lib\javafx.swing.jar
Add classpath:	C:\Program Files\Java\jdk-17\openjfx-21.0.7_windows-x64_bin-sdk\javafx-sdk-21.0.7\lib\javafx.web.jar
Add classpath:	C:\Program Files\Java\jdk-17\openjfx-21.0.7_windows-x64_bin-sdk\javafx-sdk-21.0.7\lib\javafx-swt.jar
Launcher:	C:\Program Files\Java\jdk-17\bin\javaw.exe
Launcher args:	-classpath "..\target\ui-1.0-SNAPSHOT.jar;C:\Program Files\Java\jdk-17\openjfx-21.0.7_windows-x64_bin-sdk\javafx-sdk-21.0.7\lib;C:\Code\chaythue\web-app-share-tipsPhanMinhHieu\fe-pc\ui\src\main\java\com\example\ui\utils\FXRouter.java;C:\Program Files\Java\jdk-17\openjfx-21.0.7_windows-x64_bin-sdk\javafx-sdk-21.0.7\lib\javafx.base.jar;C:\Program Files\Java\jdk-17\openjfx-21.0.7_windows-x64_bin-sdk\javafx-sdk-21.0.7\lib\javafx.controls.jar;C:\Program Files\Java\jdk-17\openjfx-21.0.7_windows-x64_bin-sdk\javafx-sdk-21.0.7\lib\javafx.fxml.jar;C:\Program Files\Java\jdk-17\openjfx-21.0.7_windows-x64_bin-sdk\javafx-sdk-21.0.7\lib\javafx.graphics.jar;C:\Program Files\Java\jdk-17\openjfx-21.0.7_windows-x64_bin-sdk\javafx-sdk-21.0.7\lib\javafx.media.jar;C:\Program Files\Java\jdk-17\openjfx-21.0.7_windows-x64_bin-sdk\javafx-sdk-21.0.7\lib\javafx.properties;C:\Program Files\Java\jdk-17\openjfx-21.0.7_windows-x64_bin-sdk\javafx-sdk-21.0.7\lib\javafx.swing.jar;C:\Program Files\Java\jdk-17\openjfx-21.0.7_windows-x64_bin-sdk\javafx-sdk-21.0.7\lib\javafx.web.jar;C:\Program Files\Java\jdk-17\openjfx-21.0.7_windows-x64_bin-sdk\javafx-sdk-21.0.7\lib\javafx-swt.jar" com.example.ui.Main
Args length:	1182/32768 chars
Exit code:	0


Version:	3.50
CmdLine:	C:\Code\chaythue\web-app-share-tipsPhanMinhHieu\fe-pc\ui\output\LifeTips.exe --l4j-debug
JNI:		No
WOW64:		Yes
Working dir:	C:\Code\chaythue\web-app-share-tipsPhanMinhHieu\fe-pc\ui\output\.
Requires JDK:	Yes
Requires 64-Bit: Yes
Java min ver:	1.017.000
Java max ver:	
Substitute:	JAVA_HOME = C:\Program Files\Java\jdk-17
Substitute:	PATH = c:\Users\nino\AppData\Local\Programs\cursor\resources\app\bin;C:\Program Files\Common Files\Oracle\Java\javapath;C:\WINDOWS\system32;C:\WINDOWS;C:\WINDOWS\System32\Wbem;C:\WINDOWS\System32\WindowsPowerShell\v1.0\;C:\WINDOWS\System32\OpenSSH\;C:\Program Files\dotnet\;C:\Users\nino\AppData\Local\nvm;C:\nvm4w\nodejs;C:\Data\app\Git\cmd;C:\Program Files\Microsoft SQL Server\150\Tools\Binn\;C:\Data\app\dvm\;C:\Data\app\dartsdk-windows-x64-release-3.7.3\dart-sdk\bin;C:\Data\app\dartsdk-windows-x64-release\dart-sdk\bin;C:\Data\app\fvm-3.2.1-windows-x64\fvm\src;C:\Data\app\fvm-3.2.1-windows-x64\fvm;C:\Program Files\Java\jdk-17\bin;C:\Program Files\Java\jdk-17;C:\Program Files\Microsoft SQL Server\Client SDK\ODBC\170\Tools\Binn\;C:\Program Files (x86)\Microsoft SQL Server\160\Tools\Binn\;C:\Program Files\Microsoft SQL Server\160\Tools\Binn\;C:\Program Files\Microsoft SQL Server\160\DTS\Binn\;C:\Program Files (x86)\Microsoft SQL Server\160\DTS\Binn\;C:\Users\nino\AppData\Local\Programs\Python\Python311\Scripts\;C:\User;C:\apache-maven-3.9.10-bin\apache-maven-3.9.10\bin;C:\Program Files (x86)\WiX Toolset v3.11\bin;C:\Users\nino\AppData\Local\Programs\Python\Python311\Scripts\;C:\Users\nino\AppData\Local\Programs\Python\Python311\;C:\Users\nino\AppData\Local\Microsoft\WindowsApps;C:\Users\nino\AppData\Local\Programs\Microsoft VS Code\bin;C:\Users\nino\AppData\Local\nvm;C:\nvm4w\nodejs;C:\Data\app\IntelliJ IDEA 2025.1\bin;C:\Data\app\dvm\;C:\Data\app\IJ\IntelliJ IDEA Community Edition 2025.1\bin;C:\Users\nino\fvm\default\bin;C:\Users\nino\.dotnet\tools;C:\Users\nino\.lmstudio\bin;C:\Users\nino\AppData\Local\Programs\cursor\resources\app\bin;C:\Program Files\Java\jdk-17;C:\Users\nino\.dotnet\tools;C:\Program Files\Java\jdk-17\bin
JRE paths:	C:\Program Files\Java\jdk-17;c:\Users\nino\AppData\Local\Programs\cursor\resources\app\bin;C:\Program Files\Common Files\Oracle\Java\javapath;C:\WINDOWS\system32;C:\WINDOWS;C:\WINDOWS\System32\Wbem;C:\WINDOWS\System32\WindowsPowerShell\v1.0\;C:\WINDOWS\System32\OpenSSH\;C:\Program Files\dotnet\;C:\Users\nino\AppData\Local\nvm;C:\nvm4w\nodejs;C:\Data\app\Git\cmd;C:\Program Files\Microsoft SQL Server\150\Tools\Binn\;C:\Data\app\dvm\;C:\Data\app\dartsdk-windows-x64-release-3.7.3\dart-sdk\bin;C:\Data\app\dartsdk-windows-x64-release\dart-sdk\bin;C:\Data\app\fvm-3.2.1-windows-x64\fvm\src;C:\Data\app\fvm-3.2.1-windows-x64\fvm;C:\Program Files\Java\jdk-17\bin;C:\Program Files\Java\jdk-17;C:\Program Files\Microsoft SQL Server\Client SDK\ODBC\170\Tools\Binn\;C:\Program Files (x86)\Microsoft SQL Server\160\Tools\Binn\;C:\Program Files\Microsoft SQL Server\160\Tools\Binn\;C:\Program Files\Microsoft SQL Server\160\DTS\Binn\;C:\Program Files (x86)\Microsoft SQL Server\160\DTS\Binn\;C:\Users\nino\AppData\Local\Programs\Python\Python311\Scripts\;C:\User;C:\apache-maven-3.9.10-bin\apache-maven-3.9.10\bin;C:\Program Files (x86)\WiX Toolset v3.11\bin;C:\Users\nino\AppData\Local\Programs\Python\Python311\Scripts\;C:\Users\nino\AppData\Local\Programs\Python\Python311\;C:\Users\nino\AppData\Local\Microsoft\WindowsApps;C:\Users\nino\AppData\Local\Programs\Microsoft VS Code\bin;C:\Users\nino\AppData\Local\nvm;C:\nvm4w\nodejs;C:\Data\app\IntelliJ IDEA 2025.1\bin;C:\Data\app\dvm\;C:\Data\app\IJ\IntelliJ IDEA Community Edition 2025.1\bin;C:\Users\nino\fvm\default\bin;C:\Users\nino\.dotnet\tools;C:\Users\nino\.lmstudio\bin;C:\Users\nino\AppData\Local\Programs\cursor\resources\app\bin;C:\Program Files\Java\jdk-17;C:\Users\nino\.dotnet\tools;C:\Program Files\Java\jdk-17\bin
Check launcher:	C:\Program Files\Java\jdk-17\bin\javaw.exe (OK)
Check javac:	C:\Program Files\Java\jdk-17\bin\javac.exe (OK)
Version string: 1.017.000_012 / 64-Bit (OK)
Main class:	com.example.ui.Main
Add classpath:	C:\Program Files\Java\jdk-17\openjfx-21.0.7_windows-x64_bin-sdk\javafx-sdk-21.0.7\lib
Add classpath:	C:\Code\chaythue\web-app-share-tipsPhanMinhHieu\fe-pc\ui\src\main\java\com\example\ui\utils\FXRouter.java
Add classpath:	C:\Program Files\Java\jdk-17\openjfx-21.0.7_windows-x64_bin-sdk\javafx-sdk-21.0.7\lib\javafx.base.jar
Add classpath:	C:\Program Files\Java\jdk-17\openjfx-21.0.7_windows-x64_bin-sdk\javafx-sdk-21.0.7\lib\javafx.controls.jar
Add classpath:	C:\Program Files\Java\jdk-17\openjfx-21.0.7_windows-x64_bin-sdk\javafx-sdk-21.0.7\lib\javafx.fxml.jar
Add classpath:	C:\Program Files\Java\jdk-17\openjfx-21.0.7_windows-x64_bin-sdk\javafx-sdk-21.0.7\lib\javafx.graphics.jar
Add classpath:	C:\Program Files\Java\jdk-17\openjfx-21.0.7_windows-x64_bin-sdk\javafx-sdk-21.0.7\lib\javafx.media.jar
Add classpath:	C:\Program Files\Java\jdk-17\openjfx-21.0.7_windows-x64_bin-sdk\javafx-sdk-21.0.7\lib\javafx.properties
Add classpath:	C:\Program Files\Java\jdk-17\openjfx-21.0.7_windows-x64_bin-sdk\javafx-sdk-21.0.7\lib\javafx.swing.jar
Add classpath:	C:\Program Files\Java\jdk-17\openjfx-21.0.7_windows-x64_bin-sdk\javafx-sdk-21.0.7\lib\javafx.web.jar
Add classpath:	C:\Program Files\Java\jdk-17\openjfx-21.0.7_windows-x64_bin-sdk\javafx-sdk-21.0.7\lib\javafx-swt.jar
Launcher:	C:\Program Files\Java\jdk-17\bin\javaw.exe
Launcher args:	-classpath "..\target\ui-1.0-SNAPSHOT.jar;C:\Program Files\Java\jdk-17\openjfx-21.0.7_windows-x64_bin-sdk\javafx-sdk-21.0.7\lib;C:\Code\chaythue\web-app-share-tipsPhanMinhHieu\fe-pc\ui\src\main\java\com\example\ui\utils\FXRouter.java;C:\Program Files\Java\jdk-17\openjfx-21.0.7_windows-x64_bin-sdk\javafx-sdk-21.0.7\lib\javafx.base.jar;C:\Program Files\Java\jdk-17\openjfx-21.0.7_windows-x64_bin-sdk\javafx-sdk-21.0.7\lib\javafx.controls.jar;C:\Program Files\Java\jdk-17\openjfx-21.0.7_windows-x64_bin-sdk\javafx-sdk-21.0.7\lib\javafx.fxml.jar;C:\Program Files\Java\jdk-17\openjfx-21.0.7_windows-x64_bin-sdk\javafx-sdk-21.0.7\lib\javafx.graphics.jar;C:\Program Files\Java\jdk-17\openjfx-21.0.7_windows-x64_bin-sdk\javafx-sdk-21.0.7\lib\javafx.media.jar;C:\Program Files\Java\jdk-17\openjfx-21.0.7_windows-x64_bin-sdk\javafx-sdk-21.0.7\lib\javafx.properties;C:\Program Files\Java\jdk-17\openjfx-21.0.7_windows-x64_bin-sdk\javafx-sdk-21.0.7\lib\javafx.swing.jar;C:\Program Files\Java\jdk-17\openjfx-21.0.7_windows-x64_bin-sdk\javafx-sdk-21.0.7\lib\javafx.web.jar;C:\Program Files\Java\jdk-17\openjfx-21.0.7_windows-x64_bin-sdk\javafx-sdk-21.0.7\lib\javafx-swt.jar" com.example.ui.Main
Args length:	1182/32768 chars
Exit code:	0


Version:	3.50
CmdLine:	C:\Code\chaythue\web-app-share-tipsPhanMinhHieu\fe-pc\ui\output\LifeTips.exe --l4j-debug
JNI:		No
WOW64:		Yes
Working dir:	C:\Code\chaythue\web-app-share-tipsPhanMinhHieu\fe-pc\ui\output\.
Requires JDK:	Yes
Requires 64-Bit: Yes
Java min ver:	1.017.000
Java max ver:	
Substitute:	JAVA_HOME = C:\Program Files\Java\jdk-17
Substitute:	PATH = c:\Users\nino\AppData\Local\Programs\cursor\resources\app\bin;C:\Program Files\Common Files\Oracle\Java\javapath;C:\WINDOWS\system32;C:\WINDOWS;C:\WINDOWS\System32\Wbem;C:\WINDOWS\System32\WindowsPowerShell\v1.0\;C:\WINDOWS\System32\OpenSSH\;C:\Program Files\dotnet\;C:\Users\nino\AppData\Local\nvm;C:\nvm4w\nodejs;C:\Data\app\Git\cmd;C:\Program Files\Microsoft SQL Server\150\Tools\Binn\;C:\Data\app\dvm\;C:\Data\app\dartsdk-windows-x64-release-3.7.3\dart-sdk\bin;C:\Data\app\dartsdk-windows-x64-release\dart-sdk\bin;C:\Data\app\fvm-3.2.1-windows-x64\fvm\src;C:\Data\app\fvm-3.2.1-windows-x64\fvm;C:\Program Files\Java\jdk-17\bin;C:\Program Files\Java\jdk-17;C:\Program Files\Microsoft SQL Server\Client SDK\ODBC\170\Tools\Binn\;C:\Program Files (x86)\Microsoft SQL Server\160\Tools\Binn\;C:\Program Files\Microsoft SQL Server\160\Tools\Binn\;C:\Program Files\Microsoft SQL Server\160\DTS\Binn\;C:\Program Files (x86)\Microsoft SQL Server\160\DTS\Binn\;C:\Users\nino\AppData\Local\Programs\Python\Python311\Scripts\;C:\User;C:\apache-maven-3.9.10-bin\apache-maven-3.9.10\bin;C:\Program Files (x86)\WiX Toolset v3.11\bin;C:\Users\nino\AppData\Local\Programs\Python\Python311\Scripts\;C:\Users\nino\AppData\Local\Programs\Python\Python311\;C:\Users\nino\AppData\Local\Microsoft\WindowsApps;C:\Users\nino\AppData\Local\Programs\Microsoft VS Code\bin;C:\Users\nino\AppData\Local\nvm;C:\nvm4w\nodejs;C:\Data\app\IntelliJ IDEA 2025.1\bin;C:\Data\app\dvm\;C:\Data\app\IJ\IntelliJ IDEA Community Edition 2025.1\bin;C:\Users\nino\fvm\default\bin;C:\Users\nino\.dotnet\tools;C:\Users\nino\.lmstudio\bin;C:\Users\nino\AppData\Local\Programs\cursor\resources\app\bin;C:\Program Files\Java\jdk-17;C:\Users\nino\.dotnet\tools;C:\Program Files\Java\jdk-17\bin
JRE paths:	C:\Program Files\Java\jdk-17;c:\Users\nino\AppData\Local\Programs\cursor\resources\app\bin;C:\Program Files\Common Files\Oracle\Java\javapath;C:\WINDOWS\system32;C:\WINDOWS;C:\WINDOWS\System32\Wbem;C:\WINDOWS\System32\WindowsPowerShell\v1.0\;C:\WINDOWS\System32\OpenSSH\;C:\Program Files\dotnet\;C:\Users\nino\AppData\Local\nvm;C:\nvm4w\nodejs;C:\Data\app\Git\cmd;C:\Program Files\Microsoft SQL Server\150\Tools\Binn\;C:\Data\app\dvm\;C:\Data\app\dartsdk-windows-x64-release-3.7.3\dart-sdk\bin;C:\Data\app\dartsdk-windows-x64-release\dart-sdk\bin;C:\Data\app\fvm-3.2.1-windows-x64\fvm\src;C:\Data\app\fvm-3.2.1-windows-x64\fvm;C:\Program Files\Java\jdk-17\bin;C:\Program Files\Java\jdk-17;C:\Program Files\Microsoft SQL Server\Client SDK\ODBC\170\Tools\Binn\;C:\Program Files (x86)\Microsoft SQL Server\160\Tools\Binn\;C:\Program Files\Microsoft SQL Server\160\Tools\Binn\;C:\Program Files\Microsoft SQL Server\160\DTS\Binn\;C:\Program Files (x86)\Microsoft SQL Server\160\DTS\Binn\;C:\Users\nino\AppData\Local\Programs\Python\Python311\Scripts\;C:\User;C:\apache-maven-3.9.10-bin\apache-maven-3.9.10\bin;C:\Program Files (x86)\WiX Toolset v3.11\bin;C:\Users\nino\AppData\Local\Programs\Python\Python311\Scripts\;C:\Users\nino\AppData\Local\Programs\Python\Python311\;C:\Users\nino\AppData\Local\Microsoft\WindowsApps;C:\Users\nino\AppData\Local\Programs\Microsoft VS Code\bin;C:\Users\nino\AppData\Local\nvm;C:\nvm4w\nodejs;C:\Data\app\IntelliJ IDEA 2025.1\bin;C:\Data\app\dvm\;C:\Data\app\IJ\IntelliJ IDEA Community Edition 2025.1\bin;C:\Users\nino\fvm\default\bin;C:\Users\nino\.dotnet\tools;C:\Users\nino\.lmstudio\bin;C:\Users\nino\AppData\Local\Programs\cursor\resources\app\bin;C:\Program Files\Java\jdk-17;C:\Users\nino\.dotnet\tools;C:\Program Files\Java\jdk-17\bin
Check launcher:	C:\Program Files\Java\jdk-17\bin\javaw.exe (OK)
Check javac:	C:\Program Files\Java\jdk-17\bin\javac.exe (OK)
Version string: 1.017.000_012 / 64-Bit (OK)
Main class:	com.example.ui.Main
Add classpath:	C:\Program Files\Java\jdk-17\openjfx-21.0.7_windows-x64_bin-sdk\javafx-sdk-21.0.7\lib
Add classpath:	C:\Code\chaythue\web-app-share-tipsPhanMinhHieu\fe-pc\ui\src\main\java\com\example\ui\utils\FXRouter.java
Add classpath:	C:\Program Files\Java\jdk-17\openjfx-21.0.7_windows-x64_bin-sdk\javafx-sdk-21.0.7\lib\javafx.base.jar
Add classpath:	C:\Program Files\Java\jdk-17\openjfx-21.0.7_windows-x64_bin-sdk\javafx-sdk-21.0.7\lib\javafx.controls.jar
Add classpath:	C:\Program Files\Java\jdk-17\openjfx-21.0.7_windows-x64_bin-sdk\javafx-sdk-21.0.7\lib\javafx.fxml.jar
Add classpath:	C:\Program Files\Java\jdk-17\openjfx-21.0.7_windows-x64_bin-sdk\javafx-sdk-21.0.7\lib\javafx.graphics.jar
Add classpath:	C:\Program Files\Java\jdk-17\openjfx-21.0.7_windows-x64_bin-sdk\javafx-sdk-21.0.7\lib\javafx.media.jar
Add classpath:	C:\Program Files\Java\jdk-17\openjfx-21.0.7_windows-x64_bin-sdk\javafx-sdk-21.0.7\lib\javafx.properties
Add classpath:	C:\Program Files\Java\jdk-17\openjfx-21.0.7_windows-x64_bin-sdk\javafx-sdk-21.0.7\lib\javafx.swing.jar
Add classpath:	C:\Program Files\Java\jdk-17\openjfx-21.0.7_windows-x64_bin-sdk\javafx-sdk-21.0.7\lib\javafx.web.jar
Add classpath:	C:\Program Files\Java\jdk-17\openjfx-21.0.7_windows-x64_bin-sdk\javafx-sdk-21.0.7\lib\javafx-swt.jar
Launcher:	C:\Program Files\Java\jdk-17\bin\javaw.exe
Launcher args:	-classpath "..\target\ui-1.0-SNAPSHOT.jar;C:\Program Files\Java\jdk-17\openjfx-21.0.7_windows-x64_bin-sdk\javafx-sdk-21.0.7\lib;C:\Code\chaythue\web-app-share-tipsPhanMinhHieu\fe-pc\ui\src\main\java\com\example\ui\utils\FXRouter.java;C:\Program Files\Java\jdk-17\openjfx-21.0.7_windows-x64_bin-sdk\javafx-sdk-21.0.7\lib\javafx.base.jar;C:\Program Files\Java\jdk-17\openjfx-21.0.7_windows-x64_bin-sdk\javafx-sdk-21.0.7\lib\javafx.controls.jar;C:\Program Files\Java\jdk-17\openjfx-21.0.7_windows-x64_bin-sdk\javafx-sdk-21.0.7\lib\javafx.fxml.jar;C:\Program Files\Java\jdk-17\openjfx-21.0.7_windows-x64_bin-sdk\javafx-sdk-21.0.7\lib\javafx.graphics.jar;C:\Program Files\Java\jdk-17\openjfx-21.0.7_windows-x64_bin-sdk\javafx-sdk-21.0.7\lib\javafx.media.jar;C:\Program Files\Java\jdk-17\openjfx-21.0.7_windows-x64_bin-sdk\javafx-sdk-21.0.7\lib\javafx.properties;C:\Program Files\Java\jdk-17\openjfx-21.0.7_windows-x64_bin-sdk\javafx-sdk-21.0.7\lib\javafx.swing.jar;C:\Program Files\Java\jdk-17\openjfx-21.0.7_windows-x64_bin-sdk\javafx-sdk-21.0.7\lib\javafx.web.jar;C:\Program Files\Java\jdk-17\openjfx-21.0.7_windows-x64_bin-sdk\javafx-sdk-21.0.7\lib\javafx-swt.jar" com.example.ui.Main
Args length:	1182/32768 chars
Exit code:	0
